PERIODO,CVE_ENT,ENTIDAD,MINIMA,MEDIA,MAXIMA,PRECIPITACION
1985-01-01,0,Nacional,7.8,15.9,23.9,36.0
1985-01-01,1,Aguascalientes,3.1,12.2,21.3,4.9
1985-01-01,2,Baja California,5.6,12.9,20.2,12.2
1985-01-01,3,Baja California Sur,9.2,17.1,25.0,30.3
1985-01-01,4,Campeche,15.7,22.7,29.7,20.9
1985-01-01,5,Coahuila,2.9,10.3,17.7,40.7
1985-01-01,6,Colima,14.4,22.7,30.9,8.1
1985-01-01,7,Chiapas,14.1,20.9,27.8,107.3
1985-01-01,8,Chihuahua,-1.4,7.5,16.5,54.6
1985-01-01,9,Ciudad de México,4.1,12.5,20.9,1.1
1985-01-01,10,Durango,0.7,9.9,19.0,61.3
1985-01-01,11,Guanajuato,5.1,13.6,22.1,1.4
1985-01-01,12,Guerrero,15.1,22.7,30.4,15.8
1985-01-01,13,Hidalgo,2.5,11.6,20.8,22.5
1985-01-01,14,Jalisco,6.7,16.1,25.6,7.1
1985-01-01,15,Estado de México,3.0,11.8,20.6,3.5
1985-01-01,16,Michoacán,7.5,16.7,25.9,1.4
1985-01-01,17,Morelos,9.3,18.2,27.1,2.8
1985-01-01,18,Nayarit,12.2,20.5,28.8,60.8
1985-01-01,19,Nuevo León,4.5,12.0,19.5,36.6
1985-01-01,20,Oaxaca,11.4,19.0,26.7,10.9
1985-01-01,21,Puebla,5.6,14.0,22.5,12.1
1985-01-01,22,Querétaro,3.9,13.0,22.2,2.8
1985-01-01,23,Quintana Roo,15.5,22.0,28.6,64.7
1985-01-01,24,San Luis Potosí,6.4,14.3,22.2,12.4
1985-01-01,25,Sinaloa,10.6,19.0,27.4,115.6
1985-01-01,26,Sonora,6.1,14.8,23.5,44.8
1985-01-01,27,Tabasco,17.5,22.3,27.0,189.3
1985-01-01,28,Tamaulipas,8.3,15.4,22.4,25.2
1985-01-01,29,Tlaxcala,0.8,10.4,20.0,2.9
1985-01-01,30,Veracruz,11.8,17.6,23.5,22.8
1985-01-01,31,Yucatán,15.1,22.1,29.2,56.2
1985-01-01,32,Zacatecas,3.1,12.0,20.9,20.5
1985-02-01,0,Nacional,9.1,17.5,26.0,16.5
1985-02-01,1,Aguascalientes,4.5,14.2,23.9,1.6
1985-02-01,2,Baja California,5.6,13.0,20.5,23.6
1985-02-01,3,Baja California Sur,9.0,17.3,25.6,0.1
1985-02-01,4,Campeche,16.9,24.6,32.3,26.7
1985-02-01,5,Coahuila,6.1,13.9,21.7,6.2
1985-02-01,6,Colima,13.5,22.5,31.6,1.8
1985-02-01,7,Chiapas,15.1,22.4,29.7,59.2
1985-02-01,8,Chihuahua,0.3,10.0,19.8,9.4
1985-02-01,9,Ciudad de México,5.7,14.3,23.0,1.5
1985-02-01,10,Durango,2.4,12.2,22.0,4.7
1985-02-01,11,Guanajuato,6.4,15.2,24.1,2.8
1985-02-01,12,Guerrero,15.6,23.5,31.4,1.2
1985-02-01,13,Hidalgo,4.5,13.9,23.3,14.7
1985-02-01,14,Jalisco,7.5,17.5,27.6,1.6
1985-02-01,15,Estado de México,3.9,13.0,22.1,2.5
1985-02-01,16,Michoacán,8.2,17.8,27.4,1.4
1985-02-01,17,Morelos,10.6,19.8,29.1,1.1
1985-02-01,18,Nayarit,12.4,20.9,29.5,3.2
1985-02-01,19,Nuevo León,7.1,14.9,22.7,18.9
1985-02-01,20,Oaxaca,12.5,20.3,28.2,18.7
1985-02-01,21,Puebla,7.2,15.6,24.0,27.1
1985-02-01,22,Querétaro,6.2,15.8,25.5,3.0
1985-02-01,23,Quintana Roo,16.9,23.6,30.3,56.8
1985-02-01,24,San Luis Potosí,8.3,16.9,25.4,22.6
1985-02-01,25,Sinaloa,10.7,19.4,28.1,2.4
1985-02-01,26,Sonora,6.2,15.2,24.3,14.9
1985-02-01,27,Tabasco,19.3,24.7,30.2,98.7
1985-02-01,28,Tamaulipas,11.1,18.4,25.7,12.4
1985-02-01,29,Tlaxcala,1.9,11.8,21.7,6.1
1985-02-01,30,Veracruz,13.9,19.9,25.9,39.8
1985-02-01,31,Yucatán,16.8,24.0,31.3,31.6
1985-02-01,32,Zacatecas,4.6,13.9,23.2,1.2
1985-03-01,0,Nacional,10.7,19.3,28.0,15.0
1985-03-01,1,Aguascalientes,6.0,15.9,25.8,1.9
1985-03-01,2,Baja California,7.3,14.7,22.1,10.0
1985-03-01,3,Baja California Sur,11.0,19.3,27.7,0.3
1985-03-01,4,Campeche,17.9,25.9,34.0,16.5
1985-03-01,5,Coahuila,9.7,17.8,26.0,4.9
1985-03-01,6,Colima,13.9,23.2,32.5,0.2
1985-03-01,7,Chiapas,15.9,23.3,30.7,60.5
1985-03-01,8,Chihuahua,3.9,13.2,22.6,5.1
1985-03-01,9,Ciudad de México,6.8,15.9,25.0,4.7
1985-03-01,10,Durango,5.1,15.1,25.1,0.5
1985-03-01,11,Guanajuato,9.3,18.2,27.0,3.0
1985-03-01,12,Guerrero,16.5,24.5,32.6,6.2
1985-03-01,13,Hidalgo,5.7,15.0,24.4,17.7
1985-03-01,14,Jalisco,9.0,19.3,29.6,2.3
1985-03-01,15,Estado de México,4.9,14.4,23.8,10.7
1985-03-01,16,Michoacán,9.5,19.4,29.3,5.9
1985-03-01,17,Morelos,11.9,21.3,30.6,3.3
1985-03-01,18,Nayarit,12.8,22.3,31.9,5.2
1985-03-01,19,Nuevo León,10.4,18.5,26.6,22.2
1985-03-01,20,Oaxaca,13.2,21.1,29.0,31.8
1985-03-01,21,Puebla,8.4,16.8,25.2,25.3
1985-03-01,22,Querétaro,7.8,17.4,27.0,1.2
1985-03-01,23,Quintana Roo,17.6,24.7,31.8,25.6
1985-03-01,24,San Luis Potosí,11.3,19.5,27.7,7.7
1985-03-01,25,Sinaloa,11.8,21.3,30.9,8.4
1985-03-01,26,Sonora,8.4,18.0,27.6,6.2
1985-03-01,27,Tabasco,19.9,25.9,31.9,94.7
1985-03-01,28,Tamaulipas,14.7,22.2,29.8,18.3
1985-03-01,29,Tlaxcala,2.7,12.8,23.0,23.4
1985-03-01,30,Veracruz,15.3,21.5,27.6,31.1
1985-03-01,31,Yucatán,17.8,25.3,32.8,31.6
1985-03-01,32,Zacatecas,6.1,15.9,25.7,1.2
1985-04-01,0,Nacional,13.3,21.6,30.0,37.2
1985-04-01,1,Aguascalientes,9.6,18.7,27.8,17.6
1985-04-01,2,Baja California,9.4,17.7,26.1,3.7
1985-04-01,3,Baja California Sur,13.4,22.0,30.6,0.3
1985-04-01,4,Campeche,19.4,27.5,35.6,4.2
1985-04-01,5,Coahuila,12.8,20.9,29.0,43.6
1985-04-01,6,Colima,15.8,24.5,33.2,0.1
1985-04-01,7,Chiapas,17.5,24.8,32.1,100.1
1985-04-01,8,Chihuahua,7.7,17.2,26.8,21.1
1985-04-01,9,Ciudad de México,8.9,16.8,24.7,52.0
1985-04-01,10,Durango,8.2,17.8,27.5,11.4
1985-04-01,11,Guanajuato,10.6,19.0,27.3,26.1
1985-04-01,12,Guerrero,18.6,26.2,33.8,5.5
1985-04-01,13,Hidalgo,8.7,17.2,25.8,74.3
1985-04-01,14,Jalisco,11.9,21.6,31.4,1.8
1985-04-01,15,Estado de México,7.7,16.1,24.6,31.6
1985-04-01,16,Michoacán,12.5,21.8,31.1,10.4
1985-04-01,17,Morelos,15.0,23.5,32.1,7.7
1985-04-01,18,Nayarit,15.6,24.5,33.4,0.0
1985-04-01,19,Nuevo León,13.9,21.5,29.1,80.6
1985-04-01,20,Oaxaca,15.5,23.2,31.0,33.6
1985-04-01,21,Puebla,10.6,18.5,26.5,62.2
1985-04-01,22,Querétaro,10.8,19.8,28.8,59.6
1985-04-01,23,Quintana Roo,18.6,25.7,32.8,1.6
1985-04-01,24,San Luis Potosí,14.1,21.8,29.6,137.4
1985-04-01,25,Sinaloa,15.3,24.4,33.6,2.4
1985-04-01,26,Sonora,11.8,21.8,31.9,19.6
1985-04-01,27,Tabasco,21.6,27.9,34.3,148.8
1985-04-01,28,Tamaulipas,18.2,24.9,31.7,102.5
1985-04-01,29,Tlaxcala,5.6,14.7,23.8,59.9
1985-04-01,30,Veracruz,17.9,24.2,30.5,79.3
1985-04-01,31,Yucatán,18.8,26.5,34.2,22.1
1985-04-01,32,Zacatecas,9.6,18.7,27.8,12.8
1985-05-01,0,Nacional,15.2,23.1,31.1,51.5
1985-05-01,1,Aguascalientes,12.0,21.0,30.0,21.5
1985-05-01,2,Baja California,11.0,19.2,27.4,0.0
1985-05-01,3,Baja California Sur,14.3,22.8,31.4,0.1
1985-05-01,4,Campeche,21.0,28.6,36.2,233.4
1985-05-01,5,Coahuila,15.6,23.5,31.4,46.9
1985-05-01,6,Colima,17.5,25.6,33.8,1.2
1985-05-01,7,Chiapas,18.9,25.4,32.0,111.9
1985-05-01,8,Chihuahua,11.0,20.6,30.3,8.1
1985-05-01,9,Ciudad de México,10.3,17.8,25.4,67.2
1985-05-01,10,Durango,11.5,21.1,30.7,6.6
1985-05-01,11,Guanajuato,12.8,21.3,29.9,55.7
1985-05-01,12,Guerrero,19.9,26.6,33.4,37.7
1985-05-01,13,Hidalgo,10.1,18.2,26.3,77.9
1985-05-01,14,Jalisco,14.3,23.6,32.9,10.7
1985-05-01,15,Estado de México,9.1,16.8,24.5,54.3
1985-05-01,16,Michoacán,14.2,22.8,31.5,23.7
1985-05-01,17,Morelos,16.3,23.9,31.6,49.2
1985-05-01,18,Nayarit,17.7,26.1,34.5,1.7
1985-05-01,19,Nuevo León,16.4,23.6,30.8,63.1
1985-05-01,20,Oaxaca,16.4,23.4,30.3,80.1
1985-05-01,21,Puebla,12.2,19.8,27.4,72.3
1985-05-01,22,Querétaro,12.2,20.7,29.2,58.3
1985-05-01,23,Quintana Roo,20.5,27.0,33.5,371.0
1985-05-01,24,San Luis Potosí,16.5,23.7,31.0,72.8
1985-05-01,25,Sinaloa,17.4,26.3,35.3,0.1
1985-05-01,26,Sonora,14.2,24.4,34.6,0.3
1985-05-01,27,Tabasco,22.9,29.1,35.3,97.4
1985-05-01,28,Tamaulipas,20.3,26.6,33.0,81.4
1985-05-01,29,Tlaxcala,7.3,15.6,24.0,101.4
1985-05-01,30,Veracruz,19.4,25.4,31.4,55.4
1985-05-01,31,Yucatán,20.5,27.8,35.1,142.2
1985-05-01,32,Zacatecas,12.2,21.3,30.5,21.4
1985-06-01,0,Nacional,16.6,23.3,30.0,126.9
1985-06-01,1,Aguascalientes,12.9,19.6,26.4,137.1
1985-06-01,2,Baja California,14.1,22.9,31.7,0.3
1985-06-01,3,Baja California Sur,16.9,25.1,33.3,0.3
1985-06-01,4,Campeche,21.1,28.0,34.9,124.7
1985-06-01,5,Coahuila,16.8,24.0,31.3,46.3
1985-06-01,6,Colima,19.9,26.7,33.6,95.8
1985-06-01,7,Chiapas,18.9,24.7,30.5,258.1
1985-06-01,8,Chihuahua,14.5,23.0,31.6,47.4
1985-06-01,9,Ciudad de México,11.4,17.4,23.4,229.6
1985-06-01,10,Durango,13.7,21.7,29.8,51.4
1985-06-01,11,Guanajuato,13.4,20.0,26.7,161.8
1985-06-01,12,Guerrero,19.8,25.5,31.1,206.4
1985-06-01,13,Hidalgo,11.3,17.7,24.1,161.8
1985-06-01,14,Jalisco,15.9,22.7,29.5,242.8
1985-06-01,15,Estado de México,10.2,16.0,21.9,200.4
1985-06-01,16,Michoacán,15.1,21.7,28.3,200.4
1985-06-01,17,Morelos,16.6,22.3,28.0,235.5
1985-06-01,18,Nayarit,20.7,27.2,33.8,166.2
1985-06-01,19,Nuevo León,17.7,24.2,30.8,87.8
1985-06-01,20,Oaxaca,16.6,22.7,28.8,260.9
1985-06-01,21,Puebla,12.6,19.1,25.7,205.4
1985-06-01,22,Querétaro,13.2,19.8,26.4,174.6
1985-06-01,23,Quintana Roo,21.6,27.5,33.5,140.1
1985-06-01,24,San Luis Potosí,16.9,23.1,29.3,169.1
1985-06-01,25,Sinaloa,21.7,28.7,35.7,89.6
1985-06-01,26,Sonora,19.9,28.8,37.7,13.1
1985-06-01,27,Tabasco,23.1,28.8,34.5,312.2
1985-06-01,28,Tamaulipas,21.4,27.3,33.2,192.7
1985-06-01,29,Tlaxcala,8.7,15.3,21.8,147.5
1985-06-01,30,Veracruz,19.6,25.0,30.4,214.2
1985-06-01,31,Yucatán,21.2,28.0,34.8,131.4
1985-06-01,32,Zacatecas,13.2,20.3,27.5,107.6
1985-07-01,0,Nacional,16.4,22.8,29.3,139.8
1985-07-01,1,Aguascalientes,11.9,18.4,25.0,85.4
1985-07-01,2,Baja California,17.1,25.4,33.7,0.8
1985-07-01,3,Baja California Sur,20.5,27.8,35.1,19.6
1985-07-01,4,Campeche,20.6,27.6,34.5,142.7
1985-07-01,5,Coahuila,16.9,24.4,31.9,20.2
1985-07-01,6,Colima,19.5,25.8,32.1,102.6
1985-07-01,7,Chiapas,18.3,24.2,30.1,256.0
1985-07-01,8,Chihuahua,15.2,22.5,29.8,74.5
1985-07-01,9,Ciudad de México,10.1,16.4,22.7,130.6
1985-07-01,10,Durango,13.2,20.3,27.3,96.9
1985-07-01,11,Guanajuato,12.8,18.8,24.9,104.2
1985-07-01,12,Guerrero,19.1,24.6,30.2,240.6
1985-07-01,13,Hidalgo,10.1,16.6,23.1,156.8
1985-07-01,14,Jalisco,15.4,21.5,27.7,174.2
1985-07-01,15,Estado de México,9.2,15.3,21.4,140.4
1985-07-01,16,Michoacán,14.4,20.5,26.7,165.0
1985-07-01,17,Morelos,15.3,21.4,27.6,184.0
1985-07-01,18,Nayarit,20.8,26.7,32.6,282.4
1985-07-01,19,Nuevo León,17.6,24.8,32.1,14.7
1985-07-01,20,Oaxaca,16.1,22.2,28.3,291.7
1985-07-01,21,Puebla,11.5,18.1,24.7,191.4
1985-07-01,22,Querétaro,13.1,19.8,26.5,133.7
1985-07-01,23,Quintana Roo,21.5,27.3,33.2,165.5
1985-07-01,24,San Luis Potosí,16.2,22.3,28.4,263.7
1985-07-01,25,Sinaloa,22.7,28.6,34.5,167.0
1985-07-01,26,Sonora,21.9,28.9,36.0,106.0
1985-07-01,27,Tabasco,22.7,28.3,33.8,268.4
1985-07-01,28,Tamaulipas,20.8,27.0,33.3,132.9
1985-07-01,29,Tlaxcala,7.2,14.3,21.4,94.2
1985-07-01,30,Veracruz,18.8,24.0,29.2,263.3
1985-07-01,31,Yucatán,20.8,27.5,34.2,175.7
1985-07-01,32,Zacatecas,12.5,19.1,25.8,81.1
1985-08-01,0,Nacional,16.5,23.2,29.9,118.8
1985-08-01,1,Aguascalientes,11.8,19.1,26.4,68.3
1985-08-01,2,Baja California,17.8,26.1,34.4,0.0
1985-08-01,3,Baja California Sur,21.5,28.5,35.6,22.9
1985-08-01,4,Campeche,20.7,27.8,34.9,194.1
1985-08-01,5,Coahuila,17.6,25.0,32.5,30.0
1985-08-01,6,Colima,20.2,26.5,32.9,122.5
1985-08-01,7,Chiapas,18.4,24.3,30.2,249.0
1985-08-01,8,Chihuahua,15.4,22.7,30.1,61.2
1985-08-01,9,Ciudad de México,10.5,16.9,23.4,109.2
1985-08-01,10,Durango,13.8,21.1,28.3,99.1
1985-08-01,11,Guanajuato,12.6,19.2,25.7,90.5
1985-08-01,12,Guerrero,19.1,24.7,30.4,244.5
1985-08-01,13,Hidalgo,10.0,17.0,24.1,59.8
1985-08-01,14,Jalisco,15.3,22.0,28.7,130.3
1985-08-01,15,Estado de México,9.1,15.5,21.8,153.2
1985-08-01,16,Michoacán,14.3,20.7,27.1,184.7
1985-08-01,17,Morelos,15.7,21.9,28.1,107.6
1985-08-01,18,Nayarit,20.8,26.8,32.8,257.5
1985-08-01,19,Nuevo León,18.1,25.6,33.2,47.1
1985-08-01,20,Oaxaca,16.1,22.3,28.5,236.9
1985-08-01,21,Puebla,11.5,18.3,25.2,144.0
1985-08-01,22,Querétaro,12.3,19.6,26.8,58.1
1985-08-01,23,Quintana Roo,21.1,27.1,33.1,143.3
1985-08-01,24,San Luis Potosí,16.6,23.5,30.4,79.9
1985-08-01,25,Sinaloa,22.8,28.6,34.4,140.2
1985-08-01,26,Sonora,22.1,29.0,36.0,70.1
1985-08-01,27,Tabasco,22.6,28.4,34.2,302.9
1985-08-01,28,Tamaulipas,21.3,28.2,35.1,53.5
1985-08-01,29,Tlaxcala,7.1,14.7,22.4,105.9
1985-08-01,30,Veracruz,18.8,24.4,30.1,169.3
1985-08-01,31,Yucatán,20.9,27.5,34.2,156.9
1985-08-01,32,Zacatecas,12.3,19.7,27.1,65.3
1985-09-01,0,Nacional,15.8,22.5,29.2,106.1
1985-09-01,1,Aguascalientes,11.6,19.0,26.5,47.6
1985-09-01,2,Baja California,13.5,21.5,29.6,13.5
1985-09-01,3,Baja California Sur,19.8,27.1,34.5,18.5
1985-09-01,4,Campeche,20.6,27.4,34.2,154.6
1985-09-01,5,Coahuila,16.3,23.4,30.6,44.3
1985-09-01,6,Colima,19.7,26.0,32.4,103.0
1985-09-01,7,Chiapas,18.4,24.1,29.9,259.0
1985-09-01,8,Chihuahua,12.6,20.2,27.8,66.2
1985-09-01,9,Ciudad de México,10.4,16.9,23.4,68.7
1985-09-01,10,Durango,12.9,20.0,27.0,76.4
1985-09-01,11,Guanajuato,11.7,18.9,26.1,46.5
1985-09-01,12,Guerrero,19.0,24.6,30.2,176.5
1985-09-01,13,Hidalgo,9.8,16.9,24.0,66.5
1985-09-01,14,Jalisco,15.1,22.0,28.8,121.8
1985-09-01,15,Estado de México,8.9,15.5,22.2,121.5
1985-09-01,16,Michoacán,14.1,20.7,27.4,100.8
1985-09-01,17,Morelos,15.1,21.3,27.5,142.2
1985-09-01,18,Nayarit,20.6,26.5,32.4,165.8
1985-09-01,19,Nuevo León,17.2,24.1,31.0,51.0
1985-09-01,20,Oaxaca,16.0,22.2,28.4,195.5
1985-09-01,21,Puebla,11.7,18.4,25.2,155.6
1985-09-01,22,Querétaro,12.1,19.3,26.4,57.1
1985-09-01,23,Quintana Roo,21.0,26.8,32.6,154.0
1985-09-01,24,San Luis Potosí,16.3,22.8,29.2,99.1
1985-09-01,25,Sinaloa,21.7,27.8,33.9,158.2
1985-09-01,26,Sonora,18.3,26.3,34.3,58.0
1985-09-01,27,Tabasco,22.6,28.0,33.5,260.8
1985-09-01,28,Tamaulipas,20.7,27.1,33.4,62.6
1985-09-01,29,Tlaxcala,7.1,14.6,22.2,94.3
1985-09-01,30,Veracruz,18.7,24.1,29.4,184.6
1985-09-01,31,Yucatán,20.5,27.0,33.5,179.2
1985-09-01,32,Zacatecas,12.2,19.5,26.8,47.1
1985-10-01,0,Nacional,14.1,21.0,27.9,65.5
1985-10-01,1,Aguascalientes,9.9,17.3,24.8,50.7
1985-10-01,2,Baja California,11.1,19.0,27.0,17.3
1985-10-01,3,Baja California Sur,16.1,23.8,31.6,15.6
1985-10-01,4,Campeche,19.9,26.6,33.4,32.8
1985-10-01,5,Coahuila,12.7,19.7,26.7,41.6
1985-10-01,6,Colima,18.8,25.4,31.9,52.4
1985-10-01,7,Chiapas,18.0,23.8,29.7,192.0
1985-10-01,8,Chihuahua,7.4,16.1,24.8,14.2
1985-10-01,9,Ciudad de México,9.4,16.2,23.0,49.1
1985-10-01,10,Durango,9.4,17.4,25.4,49.4
1985-10-01,11,Guanajuato,10.7,18.2,25.7,30.8
1985-10-01,12,Guerrero,18.8,24.8,30.8,81.8
1985-10-01,13,Hidalgo,8.6,15.8,23.1,19.7
1985-10-01,14,Jalisco,13.7,20.8,28.0,61.1
1985-10-01,15,Estado de México,7.8,14.9,22.0,35.2
1985-10-01,16,Michoacán,12.8,19.9,27.0,49.0
1985-10-01,17,Morelos,14.4,21.1,27.8,32.6
1985-10-01,18,Nayarit,19.5,25.8,32.2,46.1
1985-10-01,19,Nuevo León,14.2,20.6,27.0,73.8
1985-10-01,20,Oaxaca,15.5,21.8,28.1,124.8
1985-10-01,21,Puebla,10.5,17.3,24.2,105.0
1985-10-01,22,Querétaro,10.7,17.9,25.1,21.3
1985-10-01,23,Quintana Roo,20.0,25.9,31.8,67.2
1985-10-01,24,San Luis Potosí,14.7,20.9,27.2,39.2
1985-10-01,25,Sinaloa,19.5,26.1,32.7,73.8
1985-10-01,26,Sonora,13.8,22.3,30.9,31.6
1985-10-01,27,Tabasco,21.9,27.3,32.6,277.8
1985-10-01,28,Tamaulipas,18.0,24.2,30.5,91.3
1985-10-01,29,Tlaxcala,6.1,13.8,21.6,38.3
1985-10-01,30,Veracruz,17.7,22.9,28.1,113.0
1985-10-01,31,Yucatán,19.9,26.4,32.9,69.0
1985-10-01,32,Zacatecas,10.4,17.7,25.0,29.0
1985-11-01,0,Nacional,11.6,19.1,26.7,31.9
1985-11-01,1,Aguascalientes,6.5,15.3,24.2,4.3
1985-11-01,2,Baja California,7.7,15.2,22.7,64.5
1985-11-01,3,Baja California Sur,13.2,20.8,28.3,6.6
1985-11-01,4,Campeche,19.1,25.9,32.7,60.2
1985-11-01,5,Coahuila,10.0,17.2,24.5,8.8
1985-11-01,6,Colima,17.7,24.9,32.1,8.1
1985-11-01,7,Chiapas,17.1,23.3,29.5,106.4
1985-11-01,8,Chihuahua,3.0,12.0,21.0,9.2
1985-11-01,9,Ciudad de México,7.2,15.0,22.9,0.2
1985-11-01,10,Durango,5.0,14.3,23.5,2.5
1985-11-01,11,Guanajuato,7.4,16.0,24.6,8.4
1985-11-01,12,Guerrero,17.6,24.3,31.0,25.5
1985-11-01,13,Hidalgo,6.1,14.5,23.0,21.9
1985-11-01,14,Jalisco,10.3,19.1,27.9,10.1
1985-11-01,15,Estado de México,5.8,13.9,22.1,17.4
1985-11-01,16,Michoacán,10.3,18.6,27.0,17.7
1985-11-01,17,Morelos,12.5,20.3,28.2,6.2
1985-11-01,18,Nayarit,15.5,23.3,31.2,11.5
1985-11-01,19,Nuevo León,10.4,17.4,24.5,11.5
1985-11-01,20,Oaxaca,14.0,21.0,28.0,69.5
1985-11-01,21,Puebla,8.6,16.2,23.9,42.3
1985-11-01,22,Querétaro,8.2,16.5,24.8,7.1
1985-11-01,23,Quintana Roo,19.2,25.2,31.3,100.8
1985-11-01,24,San Luis Potosí,12.1,19.1,26.0,33.0
1985-11-01,25,Sinaloa,14.5,22.8,31.0,10.3
1985-11-01,26,Sonora,8.9,17.7,26.4,21.1
1985-11-01,27,Tabasco,21.1,26.2,31.4,220.0
1985-11-01,28,Tamaulipas,15.1,21.5,28.0,15.7
1985-11-01,29,Tlaxcala,4.0,12.8,21.6,6.6
1985-11-01,30,Veracruz,16.0,21.5,27.1,54.7
1985-11-01,31,Yucatán,19.0,25.5,32.0,58.1
1985-11-01,32,Zacatecas,6.3,15.1,24.0,3.8
1985-12-01,0,Nacional,9.3,16.9,24.5,25.4
1985-12-01,1,Aguascalientes,4.6,13.2,21.8,23.4
1985-12-01,2,Baja California,5.2,12.8,20.4,28.6
1985-12-01,3,Baja California Sur,10.0,17.8,25.6,1.1
1985-12-01,4,Campeche,17.6,24.5,31.3,4.0
1985-12-01,5,Coahuila,5.8,12.7,19.7,6.7
1985-12-01,6,Colima,16.0,23.8,31.7,2.8
1985-12-01,7,Chiapas,16.0,22.5,28.9,90.5
1985-12-01,8,Chihuahua,-1.4,7.9,17.2,6.8
1985-12-01,9,Ciudad de México,5.7,13.6,21.5,0.3
1985-12-01,10,Durango,1.7,10.7,19.8,24.3
1985-12-01,11,Guanajuato,6.0,14.4,22.7,2.7
1985-12-01,12,Guerrero,16.3,23.5,30.6,4.8
1985-12-01,13,Hidalgo,5.1,13.4,21.8,17.8
1985-12-01,14,Jalisco,8.3,17.2,26.1,5.1
1985-12-01,15,Estado de México,4.5,12.7,20.9,6.3
1985-12-01,16,Michoacán,8.6,17.2,25.8,5.0
1985-12-01,17,Morelos,10.8,19.2,27.6,3.0
1985-12-01,18,Nayarit,12.3,20.6,28.9,10.9
1985-12-01,19,Nuevo León,6.5,12.7,19.0,12.5
1985-12-01,20,Oaxaca,12.7,19.9,27.2,32.1
1985-12-01,21,Puebla,7.3,14.8,22.4,38.2
1985-12-01,22,Querétaro,6.3,14.5,22.7,1.7
1985-12-01,23,Quintana Roo,18.0,23.9,29.7,53.6
1985-12-01,24,San Luis Potosí,9.6,16.0,22.5,29.0
1985-12-01,25,Sinaloa,11.3,19.6,27.9,24.5
1985-12-01,26,Sonora,5.2,14.1,23.1,5.6
1985-12-01,27,Tabasco,19.8,24.3,28.8,222.0
1985-12-01,28,Tamaulipas,11.1,16.9,22.6,33.7
1985-12-01,29,Tlaxcala,2.7,11.5,20.3,6.5
1985-12-01,30,Veracruz,14.4,19.2,23.9,59.4
1985-12-01,31,Yucatán,17.4,23.8,30.2,45.7
1985-12-01,32,Zacatecas,4.2,12.9,21.7,26.5
1986-01-01,0,Nacional,7.6,16.0,24.4,15.2
1986-01-01,1,Aguascalientes,3.0,12.1,21.2,0.1
1986-01-01,2,Baja California,5.4,13.2,21.0,12.6
1986-01-01,3,Baja California Sur,8.8,17.3,25.8,2.3
1986-01-01,4,Campeche,15.2,22.6,30.0,17.4
1986-01-01,5,Coahuila,3.5,11.4,19.2,6.1
1986-01-01,6,Colima,14.0,22.5,30.9,4.6
1986-01-01,7,Chiapas,14.0,21.1,28.2,92.6
1986-01-01,8,Chihuahua,-2.2,7.9,18.0,7.4
1986-01-01,9,Ciudad de México,3.7,12.7,21.7,0.0
1986-01-01,10,Durango,0.1,9.6,19.2,2.0
1986-01-01,11,Guanajuato,3.8,13.0,22.3,0.0
1986-01-01,12,Guerrero,15.1,22.8,30.5,0.4
1986-01-01,13,Hidalgo,2.3,11.9,21.6,4.9
1986-01-01,14,Jalisco,6.8,16.4,25.9,0.6
1986-01-01,15,Estado de México,2.6,11.8,21.1,0.1
1986-01-01,16,Michoacán,7.0,16.4,25.9,0.9
1986-01-01,17,Morelos,9.0,18.2,27.5,2.6
1986-01-01,18,Nayarit,11.7,20.2,28.7,0.0
1986-01-01,19,Nuevo León,5.0,12.5,20.1,2.4
1986-01-01,20,Oaxaca,11.1,19.0,26.9,9.6
1986-01-01,21,Puebla,5.0,13.8,22.5,15.0
1986-01-01,22,Querétaro,3.8,13.3,22.8,0.6
1986-01-01,23,Quintana Roo,15.5,22.2,29.0,32.4
1986-01-01,24,San Luis Potosí,6.3,14.3,22.3,5.0
1986-01-01,25,Sinaloa,10.0,19.2,28.4,7.9
1986-01-01,26,Sonora,5.0,14.7,24.5,9.3
1986-01-01,27,Tabasco,17.2,22.2,27.2,204.1
1986-01-01,28,Tamaulipas,8.8,16.0,23.2,3.3
1986-01-01,29,Tlaxcala,0.6,10.6,20.6,0.9
1986-01-01,30,Veracruz,11.4,17.5,23.7,16.9
1986-01-01,31,Yucatán,15.1,22.0,28.9,25.8
1986-01-01,32,Zacatecas,3.0,12.0,21.1,3.9
1986-02-01,0,Nacional,9.1,17.6,26.0,14.9
1986-02-01,1,Aguascalientes,4.2,13.5,22.9,3.7
1986-02-01,2,Baja California,6.3,13.6,21.0,43.0
1986-02-01,3,Baja California Sur,9.2,17.4,25.7,3.7
1986-02-01,4,Campeche,16.6,24.6,32.7,16.7
1986-02-01,5,Coahuila,6.3,14.3,22.3,5.1
1986-02-01,6,Colima,13.6,22.1,30.7,5.6
1986-02-01,7,Chiapas,15.3,22.7,30.2,33.2
1986-02-01,8,Chihuahua,0.1,9.9,19.7,9.9
1986-02-01,9,Ciudad de México,5.7,14.5,23.3,0.0
1986-02-01,10,Durango,2.2,12.0,21.8,7.6
1986-02-01,11,Guanajuato,5.6,15.2,24.8,3.0
1986-02-01,12,Guerrero,16.1,23.8,31.5,0.6
1986-02-01,13,Hidalgo,4.5,14.0,23.5,5.4
1986-02-01,14,Jalisco,7.2,17.1,27.0,7.9
1986-02-01,15,Estado de México,3.9,13.0,22.2,1.5
1986-02-01,16,Michoacán,8.0,17.3,26.7,2.9
1986-02-01,17,Morelos,10.6,19.8,29.1,2.9
1986-02-01,18,Nayarit,12.0,20.4,28.9,18.7
1986-02-01,19,Nuevo León,7.5,15.2,22.9,9.7
1986-02-01,20,Oaxaca,12.7,20.6,28.6,33.4
1986-02-01,21,Puebla,7.2,15.6,24.1,17.1
1986-02-01,22,Querétaro,6.4,15.8,25.3,0.3
1986-02-01,23,Quintana Roo,16.7,23.7,30.7,18.6
1986-02-01,24,San Luis Potosí,8.4,16.8,25.2,4.1
1986-02-01,25,Sinaloa,10.7,19.4,28.1,21.8
1986-02-01,26,Sonora,6.4,15.5,24.6,16.7
1986-02-01,27,Tabasco,19.3,24.9,30.5,76.5
1986-02-01,28,Tamaulipas,11.6,19.1,26.6,9.0
1986-02-01,29,Tlaxcala,2.4,12.2,22.0,3.7
1986-02-01,30,Veracruz,13.7,20.0,26.3,30.8
1986-02-01,31,Yucatán,16.6,23.9,31.2,26.1
1986-02-01,32,Zacatecas,3.9,13.4,22.9,6.1
1986-03-01,0,Nacional,10.0,18.7,27.4,10.7
1986-03-01,1,Aguascalientes,5.0,14.8,24.6,0.0
1986-03-01,2,Baja California,7.8,15.4,22.9,44.3
1986-03-01,3,Baja California Sur,10.4,19.0,27.5,0.0
1986-03-01,4,Campeche,17.4,25.5,33.5,4.9
1986-03-01,5,Coahuila,7.8,16.2,24.7,2.8
1986-03-01,6,Colima,13.5,22.6,31.8,0.0
1986-03-01,7,Chiapas,15.6,23.1,30.7,50.3
1986-03-01,8,Chihuahua,2.2,12.1,22.0,5.0
1986-03-01,9,Ciudad de México,6.6,15.6,24.6,0.2
1986-03-01,10,Durango,3.5,13.5,23.6,0.1
1986-03-01,11,Guanajuato,6.0,15.9,25.7,0.0
1986-03-01,12,Guerrero,16.8,24.6,32.5,0.4
1986-03-01,13,Hidalgo,5.5,14.7,24.0,16.8
1986-03-01,14,Jalisco,8.2,18.4,28.7,0.0
1986-03-01,15,Estado de México,4.7,14.0,23.3,1.9
1986-03-01,16,Michoacán,8.8,18.6,28.5,0.0
1986-03-01,17,Morelos,11.7,21.0,30.4,1.2
1986-03-01,18,Nayarit,12.0,21.5,31.0,0.0
1986-03-01,19,Nuevo León,8.8,16.7,24.6,4.1
1986-03-01,20,Oaxaca,13.4,21.3,29.3,5.9
1986-03-01,21,Puebla,8.3,16.6,24.9,12.7
1986-03-01,22,Querétaro,7.1,16.5,25.9,18.0
1986-03-01,23,Quintana Roo,18.0,24.8,31.7,23.8
1986-03-01,24,San Luis Potosí,10.0,18.3,26.6,8.5
1986-03-01,25,Sinaloa,11.0,20.9,30.8,3.0
1986-03-01,26,Sonora,7.8,17.6,27.5,5.4
1986-03-01,27,Tabasco,19.4,25.2,31.0,88.1
1986-03-01,28,Tamaulipas,13.0,20.6,28.3,3.8
1986-03-01,29,Tlaxcala,2.9,12.8,22.6,1.1
1986-03-01,30,Veracruz,14.5,20.5,26.5,19.6
1986-03-01,31,Yucatán,17.7,25.1,32.5,15.6
1986-03-01,32,Zacatecas,4.8,14.8,24.9,1.2
1986-04-01,0,Nacional,12.9,21.3,29.8,26.3
1986-04-01,1,Aguascalientes,9.3,18.6,28.0,10.2
1986-04-01,2,Baja California,9.6,18.0,26.5,1.7
1986-04-01,3,Baja California Sur,13.4,22.2,31.0,11.1
1986-04-01,4,Campeche,18.5,26.9,35.3,31.7
1986-04-01,5,Coahuila,11.4,19.7,28.0,41.3
1986-04-01,6,Colima,15.7,24.5,33.3,0.5
1986-04-01,7,Chiapas,17.3,24.6,31.9,36.9
1986-04-01,8,Chihuahua,7.1,16.8,26.5,5.9
1986-04-01,9,Ciudad de México,9.2,17.5,25.8,21.7
1986-04-01,10,Durango,7.6,17.6,27.6,17.2
1986-04-01,11,Guanajuato,11.2,20.4,29.5,19.8
1986-04-01,12,Guerrero,18.9,26.4,33.8,14.8
1986-04-01,13,Hidalgo,8.3,17.2,26.1,50.9
1986-04-01,14,Jalisco,11.6,21.5,31.5,4.3
1986-04-01,15,Estado de México,7.5,16.2,24.8,37.7
1986-04-01,16,Michoacán,12.2,21.5,30.8,3.0
1986-04-01,17,Morelos,14.8,23.3,31.9,29.4
1986-04-01,18,Nayarit,15.1,24.4,33.6,0.3
1986-04-01,19,Nuevo León,12.5,20.2,27.9,69.6
1986-04-01,20,Oaxaca,15.1,22.9,30.8,51.5
1986-04-01,21,Puebla,10.5,18.4,26.3,43.9
1986-04-01,22,Querétaro,10.3,19.4,28.5,125.6
1986-04-01,23,Quintana Roo,17.7,25.1,32.6,50.3
1986-04-01,24,San Luis Potosí,13.2,21.1,29.0,100.8
1986-04-01,25,Sinaloa,14.8,24.4,34.0,1.5
1986-04-01,26,Sonora,11.9,22.1,32.3,7.5
1986-04-01,27,Tabasco,21.0,27.1,33.3,18.0
1986-04-01,28,Tamaulipas,16.6,23.8,31.1,37.6
1986-04-01,29,Tlaxcala,5.6,14.9,24.1,49.3
1986-04-01,30,Veracruz,16.7,22.8,28.8,26.8
1986-04-01,31,Yucatán,18.1,26.0,33.9,60.8
1986-04-01,32,Zacatecas,8.9,18.5,28.1,8.9
1986-05-01,0,Nacional,14.9,22.9,30.9,57.4
1986-05-01,1,Aguascalientes,11.2,20.0,28.9,17.0
1986-05-01,2,Baja California,11.4,19.4,27.5,0.2
1986-05-01,3,Baja California Sur,13.9,22.1,30.3,0.2
1986-05-01,4,Campeche,20.8,28.9,37.0,47.7
1986-05-01,5,Coahuila,14.7,22.5,30.3,43.0
1986-05-01,6,Colima,17.3,25.6,34.0,6.9
1986-05-01,7,Chiapas,18.8,25.4,32.1,239.2
1986-05-01,8,Chihuahua,10.3,19.6,28.8,17.0
1986-05-01,9,Ciudad de México,10.3,18.0,25.7,70.3
1986-05-01,10,Durango,10.5,19.8,29.0,15.2
1986-05-01,11,Guanajuato,12.9,21.5,30.0,26.8
1986-05-01,12,Guerrero,20.0,26.8,33.7,63.2
1986-05-01,13,Hidalgo,10.2,18.3,26.4,83.0
1986-05-01,14,Jalisco,13.7,23.0,32.4,45.7
1986-05-01,15,Estado de México,9.0,16.8,24.6,95.1
1986-05-01,16,Michoacán,13.8,22.6,31.3,23.9
1986-05-01,17,Morelos,16.1,23.9,31.8,60.2
1986-05-01,18,Nayarit,17.1,25.7,34.2,4.0
1986-05-01,19,Nuevo León,16.2,23.1,30.0,91.6
1986-05-01,20,Oaxaca,16.5,23.7,30.9,139.2
1986-05-01,21,Puebla,12.2,19.7,27.2,88.3
1986-05-01,22,Querétaro,12.2,20.6,29.1,51.7
1986-05-01,23,Quintana Roo,20.1,27.0,33.9,96.6
1986-05-01,24,San Luis Potosí,16.3,23.6,30.9,51.1
1986-05-01,25,Sinaloa,16.9,25.8,34.8,2.0
1986-05-01,26,Sonora,14.2,23.9,33.7,15.2
1986-05-01,27,Tabasco,22.7,29.0,35.3,249.3
1986-05-01,28,Tamaulipas,20.0,26.5,33.0,71.2
1986-05-01,29,Tlaxcala,7.6,15.8,24.1,84.0
1986-05-01,30,Veracruz,19.2,25.2,31.1,77.6
1986-05-01,31,Yucatán,21.0,28.5,35.9,78.1
1986-05-01,32,Zacatecas,11.2,20.2,29.3,20.0
1986-06-01,0,Nacional,16.7,23.5,30.3,122.7
1986-06-01,1,Aguascalientes,13.0,20.2,27.4,123.9
1986-06-01,2,Baja California,14.5,22.9,31.3,0.7
1986-06-01,3,Baja California Sur,16.4,24.9,33.4,0.0
1986-06-01,4,Campeche,21.3,28.2,35.2,188.6
1986-06-01,5,Coahuila,16.7,23.8,31.0,83.4
1986-06-01,6,Colima,20.1,27.1,34.1,119.6
1986-06-01,7,Chiapas,19.2,24.9,30.6,155.5
1986-06-01,8,Chihuahua,14.2,22.9,31.6,50.6
1986-06-01,9,Ciudad de México,11.3,17.6,23.9,236.3
1986-06-01,10,Durango,13.4,21.6,29.8,113.3
1986-06-01,11,Guanajuato,13.8,20.0,26.3,197.6
1986-06-01,12,Guerrero,20.1,25.9,31.7,184.7
1986-06-01,13,Hidalgo,11.4,17.9,24.4,155.9
1986-06-01,14,Jalisco,16.1,23.3,30.6,167.5
1986-06-01,15,Estado de México,10.2,16.3,22.4,176.7
1986-06-01,16,Michoacán,14.9,21.8,28.8,133.1
1986-06-01,17,Morelos,16.7,22.6,28.5,156.3
1986-06-01,18,Nayarit,20.9,27.8,34.7,86.5
1986-06-01,19,Nuevo León,17.8,24.0,30.2,137.8
1986-06-01,20,Oaxaca,16.8,23.0,29.1,179.7
1986-06-01,21,Puebla,12.7,19.2,25.7,250.7
1986-06-01,22,Querétaro,13.0,19.9,26.8,136.7
1986-06-01,23,Quintana Roo,21.9,27.5,33.2,248.2
1986-06-01,24,San Luis Potosí,17.2,23.5,29.8,188.9
1986-06-01,25,Sinaloa,21.7,29.0,36.4,35.7
1986-06-01,26,Sonora,19.9,29.0,38.2,13.5
1986-06-01,27,Tabasco,23.2,28.7,34.2,122.6
1986-06-01,28,Tamaulipas,21.6,27.5,33.4,163.9
1986-06-01,29,Tlaxcala,9.3,15.7,22.1,184.3
1986-06-01,30,Veracruz,19.6,24.9,30.2,236.4
1986-06-01,31,Yucatán,21.7,28.2,34.7,136.2
1986-06-01,32,Zacatecas,13.2,20.8,28.4,115.8
1986-07-01,0,Nacional,16.7,23.1,29.5,115.8
1986-07-01,1,Aguascalientes,12.7,19.1,25.5,51.8
1986-07-01,2,Baja California,15.9,24.2,32.5,1.5
1986-07-01,3,Baja California Sur,20.0,27.7,35.4,14.2
1986-07-01,4,Campeche,20.7,27.6,34.5,161.8
1986-07-01,5,Coahuila,17.1,24.3,31.4,14.3
1986-07-01,6,Colima,20.1,26.5,32.9,150.0
1986-07-01,7,Chiapas,18.7,24.4,30.1,171.6
1986-07-01,8,Chihuahua,15.4,22.7,30.1,134.7
1986-07-01,9,Ciudad de México,10.7,17.0,23.3,105.2
1986-07-01,10,Durango,14.2,21.1,28.0,146.6
1986-07-01,11,Guanajuato,12.8,19.2,25.5,83.2
1986-07-01,12,Guerrero,19.5,25.1,30.7,140.7
1986-07-01,13,Hidalgo,10.6,16.9,23.3,104.3
1986-07-01,14,Jalisco,16.1,22.2,28.4,190.1
1986-07-01,15,Estado de México,9.7,15.7,21.8,117.1
1986-07-01,16,Michoacán,14.8,20.8,26.8,125.7
1986-07-01,17,Morelos,15.7,21.8,28.0,75.3
1986-07-01,18,Nayarit,21.2,27.2,33.2,144.5
1986-07-01,19,Nuevo León,17.6,24.4,31.3,21.7
1986-07-01,20,Oaxaca,16.5,22.5,28.4,181.6
1986-07-01,21,Puebla,12.0,18.4,24.7,133.8
1986-07-01,22,Querétaro,13.2,19.7,26.2,58.8
1986-07-01,23,Quintana Roo,21.5,27.2,32.9,89.4
1986-07-01,24,San Luis Potosí,16.7,22.5,28.4,121.6
1986-07-01,25,Sinaloa,23.5,29.6,35.8,124.8
1986-07-01,26,Sonora,21.9,29.5,37.1,118.5
1986-07-01,27,Tabasco,23.0,28.3,33.6,96.3
1986-07-01,28,Tamaulipas,21.1,27.1,33.2,58.3
1986-07-01,29,Tlaxcala,8.2,14.9,21.6,66.4
1986-07-01,30,Veracruz,18.9,23.9,28.9,185.9
1986-07-01,31,Yucatán,21.4,27.8,34.2,116.9
1986-07-01,32,Zacatecas,13.0,19.7,26.4,135.3
1986-08-01,0,Nacional,16.7,23.4,30.1,103.8
1986-08-01,1,Aguascalientes,12.6,19.9,27.2,32.7
1986-08-01,2,Baja California,17.9,25.8,33.7,2.2
1986-08-01,3,Baja California Sur,21.3,28.5,35.8,49.6
1986-08-01,4,Campeche,20.5,27.6,34.7,179.7
1986-08-01,5,Coahuila,17.6,25.1,32.6,20.5
1986-08-01,6,Colima,20.3,26.7,33.2,138.5
1986-08-01,7,Chiapas,18.8,24.6,30.3,196.5
1986-08-01,8,Chihuahua,15.2,22.3,29.5,93.2
1986-08-01,9,Ciudad de México,10.8,17.3,23.9,119.3
1986-08-01,10,Durango,14.1,21.1,28.2,73.0
1986-08-01,11,Guanajuato,12.2,19.3,26.4,64.8
1986-08-01,12,Guerrero,19.6,25.3,31.1,163.5
1986-08-01,13,Hidalgo,10.2,17.3,24.5,50.9
1986-08-01,14,Jalisco,15.7,22.3,28.9,149.9
1986-08-01,15,Estado de México,9.5,15.9,22.4,111.3
1986-08-01,16,Michoacán,14.4,20.8,27.1,105.5
1986-08-01,17,Morelos,15.6,22.0,28.3,50.6
1986-08-01,18,Nayarit,20.8,26.8,32.8,224.3
1986-08-01,19,Nuevo León,18.2,25.5,32.7,30.1
1986-08-01,20,Oaxaca,16.4,22.6,28.9,185.3
1986-08-01,21,Puebla,11.7,18.5,25.4,112.6
1986-08-01,22,Querétaro,12.6,20.0,27.4,43.4
1986-08-01,23,Quintana Roo,21.1,27.1,33.2,72.5
1986-08-01,24,San Luis Potosí,16.9,23.8,30.7,29.0
1986-08-01,25,Sinaloa,22.8,28.7,34.6,161.8
1986-08-01,26,Sonora,22.0,29.1,36.2,100.4
1986-08-01,27,Tabasco,22.7,28.3,33.9,154.0
1986-08-01,28,Tamaulipas,21.4,28.2,35.1,52.3
1986-08-01,29,Tlaxcala,7.5,15.2,22.9,72.1
1986-08-01,30,Veracruz,18.9,24.4,30.0,155.9
1986-08-01,31,Yucatán,21.1,27.6,34.1,136.1
1986-08-01,32,Zacatecas,12.4,19.8,27.3,54.1
1986-09-01,0,Nacional,16.3,22.9,29.6,125.2
1986-09-01,1,Aguascalientes,12.3,19.6,26.9,98.1
1986-09-01,2,Baja California,14.3,22.7,31.1,11.6
1986-09-01,3,Baja California Sur,20.0,27.4,34.8,18.4
1986-09-01,4,Campeche,20.8,27.7,34.6,119.8
1986-09-01,5,Coahuila,15.9,22.9,29.9,91.3
1986-09-01,6,Colima,20.7,26.9,33.2,193.1
1986-09-01,7,Chiapas,18.9,24.6,30.3,189.9
1986-09-01,8,Chihuahua,12.8,20.4,28.1,62.3
1986-09-01,9,Ciudad de México,11.2,17.7,24.3,80.1
1986-09-01,10,Durango,13.3,20.0,26.8,152.4
1986-09-01,11,Guanajuato,12.6,19.5,26.3,77.7
1986-09-01,12,Guerrero,19.8,25.3,30.9,131.9
1986-09-01,13,Hidalgo,10.4,17.4,24.4,76.9
1986-09-01,14,Jalisco,15.8,22.5,29.2,112.3
1986-09-01,15,Estado de México,9.6,16.3,23.0,90.1
1986-09-01,16,Michoacán,14.6,21.1,27.6,121.9
1986-09-01,17,Morelos,15.7,22.0,28.4,60.0
1986-09-01,18,Nayarit,21.4,27.1,32.8,116.5
1986-09-01,19,Nuevo León,16.7,23.2,29.8,145.4
1986-09-01,20,Oaxaca,16.3,22.6,29.0,238.4
1986-09-01,21,Puebla,12.1,18.8,25.5,135.1
1986-09-01,22,Querétaro,12.4,19.7,27.1,37.8
1986-09-01,23,Quintana Roo,21.1,27.1,33.1,134.8
1986-09-01,24,San Luis Potosí,16.6,23.1,29.7,93.7
1986-09-01,25,Sinaloa,22.4,28.6,34.8,117.3
1986-09-01,26,Sonora,19.2,27.2,35.2,81.6
1986-09-01,27,Tabasco,22.9,28.2,33.6,165.1
1986-09-01,28,Tamaulipas,20.9,27.1,33.4,126.0
1986-09-01,29,Tlaxcala,8.1,15.5,22.9,59.9
1986-09-01,30,Veracruz,19.1,24.4,29.7,186.6
1986-09-01,31,Yucatán,20.8,27.3,33.8,154.9
1986-09-01,32,Zacatecas,12.2,19.4,26.7,75.9
1986-10-01,0,Nacional,13.6,20.8,28.0,83.0
1986-10-01,1,Aguascalientes,8.7,16.8,24.9,80.8
1986-10-01,2,Baja California,12.3,20.3,28.3,21.5
1986-10-01,3,Baja California Sur,17.3,25.0,32.7,21.0
1986-10-01,4,Campeche,18.8,25.9,33.0,121.5
1986-10-01,5,Coahuila,12.2,19.4,26.5,58.9
1986-10-01,6,Colima,18.8,25.6,32.4,142.9
1986-10-01,7,Chiapas,17.4,23.3,29.2,120.4
1986-10-01,8,Chihuahua,8.1,16.8,25.6,17.8
1986-10-01,9,Ciudad de México,8.6,15.8,23.0,51.2
1986-10-01,10,Durango,9.6,17.4,25.2,77.6
1986-10-01,11,Guanajuato,10.7,17.6,24.5,44.0
1986-10-01,12,Guerrero,18.6,24.9,31.2,55.7
1986-10-01,13,Hidalgo,7.5,15.0,22.5,71.8
1986-10-01,14,Jalisco,12.7,20.4,28.1,75.9
1986-10-01,15,Estado de México,7.0,14.6,22.2,47.3
1986-10-01,16,Michoacán,12.1,19.6,27.1,47.3
1986-10-01,17,Morelos,13.6,20.9,28.2,30.0
1986-10-01,18,Nayarit,19.1,25.9,32.6,62.5
1986-10-01,19,Nuevo León,13.0,19.5,26.0,62.1
1986-10-01,20,Oaxaca,14.9,21.6,28.3,119.5
1986-10-01,21,Puebla,9.6,17.0,24.4,116.3
1986-10-01,22,Querétaro,9.4,17.0,24.5,32.5
1986-10-01,23,Quintana Roo,19.4,25.6,31.8,121.4
1986-10-01,24,San Luis Potosí,13.4,20.0,26.6,105.9
1986-10-01,25,Sinaloa,20.1,27.0,33.9,135.6
1986-10-01,26,Sonora,15.3,24.1,33.0,19.4
1986-10-01,27,Tabasco,21.4,26.3,31.2,180.1
1986-10-01,28,Tamaulipas,17.1,23.6,30.2,83.0
1986-10-01,29,Tlaxcala,4.8,13.3,21.9,46.4
1986-10-01,30,Veracruz,16.9,22.3,27.7,130.6
1986-10-01,31,Yucatán,19.3,25.9,32.6,118.3
1986-10-01,32,Zacatecas,9.2,17.0,24.8,30.5
1986-11-01,0,Nacional,11.4,19.0,26.7,36.8
1986-11-01,1,Aguascalientes,6.5,15.3,24.2,15.2
1986-11-01,2,Baja California,8.5,16.0,23.5,10.3
1986-11-01,3,Baja California Sur,13.2,21.0,28.9,0.9
1986-11-01,4,Campeche,18.3,25.3,32.4,42.8
1986-11-01,5,Coahuila,8.3,15.8,23.3,11.2
1986-11-01,6,Colima,18.2,25.6,33.0,19.0
1986-11-01,7,Chiapas,16.9,23.3,29.7,100.8
1986-11-01,8,Chihuahua,2.3,11.6,20.9,9.4
1986-11-01,9,Ciudad de México,7.4,15.1,22.9,4.0
1986-11-01,10,Durango,4.9,14.1,23.3,9.9
1986-11-01,11,Guanajuato,8.7,16.7,24.7,12.3
1986-11-01,12,Guerrero,18.0,24.7,31.5,19.1
1986-11-01,13,Hidalgo,6.3,14.5,22.8,47.5
1986-11-01,14,Jalisco,10.3,19.2,28.1,12.8
1986-11-01,15,Estado de México,6.0,14.1,22.2,12.7
1986-11-01,16,Michoacán,10.6,18.9,27.2,21.7
1986-11-01,17,Morelos,12.5,20.6,28.7,11.6
1986-11-01,18,Nayarit,16.1,24.1,32.2,9.6
1986-11-01,19,Nuevo León,9.1,15.9,22.7,34.9
1986-11-01,20,Oaxaca,14.1,21.2,28.4,71.1
1986-11-01,21,Puebla,8.9,16.4,24.0,81.6
1986-11-01,22,Querétaro,7.9,16.1,24.3,19.8
1986-11-01,23,Quintana Roo,18.9,25.0,31.2,61.9
1986-11-01,24,San Luis Potosí,11.3,18.1,25.0,60.6
1986-11-01,25,Sinaloa,14.3,23.0,31.8,6.3
1986-11-01,26,Sonora,8.8,17.9,27.1,14.7
1986-11-01,27,Tabasco,20.8,25.5,30.3,236.6
1986-11-01,28,Tamaulipas,14.1,20.4,26.8,44.2
1986-11-01,29,Tlaxcala,4.0,12.8,21.6,17.7
1986-11-01,30,Veracruz,15.7,21.0,26.4,117.9
1986-11-01,31,Yucatán,18.9,25.4,32.0,53.2
1986-11-01,32,Zacatecas,6.0,14.8,23.6,7.7
1986-12-01,0,Nacional,9.5,17.2,24.9,36.2
1986-12-01,1,Aguascalientes,5.0,13.7,22.4,1.6
1986-12-01,2,Baja California,4.7,12.1,19.4,25.0
1986-12-01,3,Baja California Sur,9.8,17.3,24.9,19.4
1986-12-01,4,Campeche,16.8,24.3,31.8,37.3
1986-12-01,5,Coahuila,6.0,13.0,20.0,34.4
1986-12-01,6,Colima,16.4,24.2,32.0,5.7
1986-12-01,7,Chiapas,15.9,22.7,29.5,48.2
1986-12-01,8,Chihuahua,-0.8,8.2,17.2,34.3
1986-12-01,9,Ciudad de México,6.1,14.3,22.5,0.0
1986-12-01,10,Durango,2.9,11.5,20.2,38.6
1986-12-01,11,Guanajuato,6.1,14.6,23.0,9.4
1986-12-01,12,Guerrero,16.9,23.9,31.0,11.3
1986-12-01,13,Hidalgo,5.1,13.9,22.8,19.6
1986-12-01,14,Jalisco,8.5,17.4,26.4,9.2
1986-12-01,15,Estado de México,4.6,13.1,21.6,7.8
1986-12-01,16,Michoacán,9.0,17.7,26.4,10.5
1986-12-01,17,Morelos,11.2,19.7,28.3,2.3
1986-12-01,18,Nayarit,13.7,21.5,29.4,13.4
1986-12-01,19,Nuevo León,6.7,13.1,19.5,60.2
1986-12-01,20,Oaxaca,13.1,20.5,27.9,46.9
1986-12-01,21,Puebla,7.5,15.3,23.1,48.4
1986-12-01,22,Querétaro,6.5,15.0,23.5,6.3
1986-12-01,23,Quintana Roo,17.5,24.0,30.6,140.0
1986-12-01,24,San Luis Potosí,9.7,16.3,23.0,31.3
1986-12-01,25,Sinaloa,11.9,19.7,27.6,28.6
1986-12-01,26,Sonora,4.9,13.5,22.1,46.8
1986-12-01,27,Tabasco,19.7,24.4,29.2,142.6
1986-12-01,28,Tamaulipas,11.8,17.8,23.8,38.5
1986-12-01,29,Tlaxcala,2.8,12.1,21.4,10.5
1986-12-01,30,Veracruz,14.5,19.5,24.5,82.8
1986-12-01,31,Yucatán,17.2,24.2,31.2,105.5
1986-12-01,32,Zacatecas,4.4,13.1,21.8,20.9
1987-01-01,0,Nacional,7.7,16.0,24.2,20.1
1987-01-01,1,Aguascalientes,2.8,11.9,21.1,23.9
1987-01-01,2,Baja California,4.7,12.2,19.6,28.9
1987-01-01,3,Baja California Sur,8.3,16.4,24.6,0.8
1987-01-01,4,Campeche,15.8,23.0,30.2,60.1
1987-01-01,5,Coahuila,3.2,10.7,18.3,16.2
1987-01-01,6,Colima,14.3,22.9,31.5,7.3
1987-01-01,7,Chiapas,14.7,21.6,28.5,36.4
1987-01-01,8,Chihuahua,-2.2,7.7,17.6,8.2
1987-01-01,9,Ciudad de México,4.1,13.1,22.2,0.0
1987-01-01,10,Durango,0.6,9.9,19.3,19.2
1987-01-01,11,Guanajuato,4.8,13.9,23.0,11.9
1987-01-01,12,Guerrero,15.5,23.2,30.9,1.9
1987-01-01,13,Hidalgo,3.0,12.5,22.0,13.8
1987-01-01,14,Jalisco,6.5,16.3,26.2,15.1
1987-01-01,15,Estado de México,2.9,12.2,21.5,1.5
1987-01-01,16,Michoacán,7.2,16.6,26.1,4.6
1987-01-01,17,Morelos,9.4,18.9,28.4,1.1
1987-01-01,18,Nayarit,11.0,19.8,28.6,56.8
1987-01-01,19,Nuevo León,4.5,11.3,18.1,39.6
1987-01-01,20,Oaxaca,11.8,19.6,27.4,1.0
1987-01-01,21,Puebla,5.7,14.2,22.8,21.3
1987-01-01,22,Querétaro,4.4,13.6,22.7,4.2
1987-01-01,23,Quintana Roo,16.1,22.7,29.3,86.3
1987-01-01,24,San Luis Potosí,6.5,14.0,21.6,16.0
1987-01-01,25,Sinaloa,9.3,18.5,27.8,13.8
1987-01-01,26,Sonora,4.1,13.4,22.8,4.7
1987-01-01,27,Tabasco,18.0,22.6,27.3,70.5
1987-01-01,28,Tamaulipas,8.4,14.9,21.5,29.6
1987-01-01,29,Tlaxcala,1.2,11.1,20.9,0.6
1987-01-01,30,Veracruz,12.1,17.8,23.4,10.9
1987-01-01,31,Yucatán,15.7,22.6,29.5,35.2
1987-01-01,32,Zacatecas,2.7,11.7,20.7,51.3
1987-02-01,0,Nacional,9.3,17.6,25.9,22.0
1987-02-01,1,Aguascalientes,4.9,14.1,23.3,38.7
1987-02-01,2,Baja California,6.3,13.9,21.4,48.6
1987-02-01,3,Baja California Sur,9.5,17.7,25.8,2.7
1987-02-01,4,Campeche,16.2,24.1,32.1,0.3
1987-02-01,5,Coahuila,5.4,13.1,20.8,34.1
1987-02-01,6,Colima,14.3,23.3,32.2,23.9
1987-02-01,7,Chiapas,15.4,22.7,29.9,44.5
1987-02-01,8,Chihuahua,0.1,9.7,19.4,6.1
1987-02-01,9,Ciudad de México,5.9,14.6,23.4,5.8
1987-02-01,10,Durango,2.9,12.3,21.8,14.7
1987-02-01,11,Guanajuato,5.8,14.8,23.7,31.6
1987-02-01,12,Guerrero,16.6,24.3,32.0,0.5
1987-02-01,13,Hidalgo,4.9,14.2,23.5,6.1
1987-02-01,14,Jalisco,7.8,17.7,27.6,46.9
1987-02-01,15,Estado de México,4.6,13.6,22.6,4.7
1987-02-01,16,Michoacán,8.9,18.2,27.4,4.5
1987-02-01,17,Morelos,11.2,20.4,29.6,0.7
1987-02-01,18,Nayarit,12.1,20.9,29.8,54.2
1987-02-01,19,Nuevo León,6.9,14.0,21.1,32.1
1987-02-01,20,Oaxaca,12.9,20.8,28.7,6.0
1987-02-01,21,Puebla,7.4,15.6,23.7,19.4
1987-02-01,22,Querétaro,6.4,15.5,24.5,6.3
1987-02-01,23,Quintana Roo,16.7,23.6,30.5,55.6
1987-02-01,24,San Luis Potosí,8.3,16.1,23.9,19.6
1987-02-01,25,Sinaloa,10.7,19.9,29.1,22.1
1987-02-01,26,Sonora,6.3,15.5,24.7,23.3
1987-02-01,27,Tabasco,18.9,24.0,29.1,78.5
1987-02-01,28,Tamaulipas,11.2,18.1,25.0,21.5
1987-02-01,29,Tlaxcala,3.2,12.7,22.2,3.8
1987-02-01,30,Veracruz,13.3,19.1,24.9,10.6
1987-02-01,31,Yucatán,16.2,23.5,30.9,12.9
1987-02-01,32,Zacatecas,4.2,13.6,23.0,44.8
1987-03-01,0,Nacional,10.6,18.9,27.3,16.8
1987-03-01,1,Aguascalientes,6.2,15.4,24.6,0.0
1987-03-01,2,Baja California,7.2,15.1,23.1,27.6
1987-03-01,3,Baja California Sur,9.8,18.5,27.2,0.0
1987-03-01,4,Campeche,18.0,25.8,33.6,1.8
1987-03-01,5,Coahuila,7.2,15.5,23.9,8.7
1987-03-01,6,Colima,14.7,23.5,32.3,0.7
1987-03-01,7,Chiapas,16.4,23.8,31.2,61.8
1987-03-01,8,Chihuahua,1.7,11.9,22.2,3.7
1987-03-01,9,Ciudad de México,7.7,16.0,24.3,4.4
1987-03-01,10,Durango,3.9,13.7,23.6,0.0
1987-03-01,11,Guanajuato,7.7,16.7,25.6,76.7
1987-03-01,12,Guerrero,17.9,25.4,32.9,3.5
1987-03-01,13,Hidalgo,6.8,15.5,24.3,18.8
1987-03-01,14,Jalisco,8.9,18.6,28.4,61.4
1987-03-01,15,Estado de México,6.1,14.6,23.1,10.4
1987-03-01,16,Michoacán,10.2,19.2,28.2,4.9
1987-03-01,17,Morelos,13.1,21.9,30.8,3.0
1987-03-01,18,Nayarit,12.5,21.7,30.8,13.4
1987-03-01,19,Nuevo León,8.6,16.1,23.7,17.1
1987-03-01,20,Oaxaca,14.4,22.1,29.8,21.3
1987-03-01,21,Puebla,9.2,17.1,25.0,27.6
1987-03-01,22,Querétaro,8.0,16.8,25.5,21.5
1987-03-01,23,Quintana Roo,18.5,25.2,31.9,61.2
1987-03-01,24,San Luis Potosí,10.3,18.2,26.1,15.9
1987-03-01,25,Sinaloa,10.9,20.8,30.7,9.1
1987-03-01,26,Sonora,6.9,16.9,26.9,2.0
1987-03-01,27,Tabasco,20.0,25.6,31.2,83.5
1987-03-01,28,Tamaulipas,12.8,20.1,27.3,22.1
1987-03-01,29,Tlaxcala,4.8,13.7,22.7,5.3
1987-03-01,30,Veracruz,15.0,20.6,26.3,35.6
1987-03-01,31,Yucatán,18.1,25.4,32.8,20.7
1987-03-01,32,Zacatecas,5.3,14.8,24.4,3.2
1987-04-01,0,Nacional,12.7,21.1,29.5,21.8
1987-04-01,1,Aguascalientes,8.9,18.2,27.4,8.6
1987-04-01,2,Baja California,9.5,17.7,26.0,10.6
1987-04-01,3,Baja California Sur,12.3,20.8,29.2,0.9
1987-04-01,4,Campeche,18.7,26.9,35.1,10.0
1987-04-01,5,Coahuila,10.6,18.8,26.9,22.8
1987-04-01,6,Colima,15.6,24.4,33.3,5.0
1987-04-01,7,Chiapas,17.9,25.0,32.1,29.9
1987-04-01,8,Chihuahua,6.1,15.8,25.5,52.0
1987-04-01,9,Ciudad de México,9.5,17.7,25.9,19.5
1987-04-01,10,Durango,7.2,17.0,26.8,6.6
1987-04-01,11,Guanajuato,9.7,18.6,27.6,17.7
1987-04-01,12,Guerrero,18.8,26.3,33.9,7.8
1987-04-01,13,Hidalgo,8.6,17.3,26.1,34.1
1987-04-01,14,Jalisco,11.0,21.0,31.1,9.3
1987-04-01,15,Estado de México,7.7,16.3,25.0,25.6
1987-04-01,16,Michoacán,11.8,21.1,30.4,46.1
1987-04-01,17,Morelos,14.9,23.6,32.4,6.4
1987-04-01,18,Nayarit,14.3,23.6,32.9,0.4
1987-04-01,19,Nuevo León,11.4,19.1,26.8,37.9
1987-04-01,20,Oaxaca,15.3,23.0,30.8,28.4
1987-04-01,21,Puebla,10.5,18.4,26.2,27.2
1987-04-01,22,Querétaro,10.2,19.1,28.0,20.7
1987-04-01,23,Quintana Roo,18.6,25.7,32.9,16.7
1987-04-01,24,San Luis Potosí,12.8,20.8,28.7,38.7
1987-04-01,25,Sinaloa,13.7,23.4,33.1,9.3
1987-04-01,26,Sonora,11.0,20.9,30.8,4.3
1987-04-01,27,Tabasco,21.4,27.4,33.3,28.3
1987-04-01,28,Tamaulipas,15.8,23.3,30.8,24.7
1987-04-01,29,Tlaxcala,6.3,15.1,24.0,30.8
1987-04-01,30,Veracruz,16.7,22.6,28.6,27.7
1987-04-01,31,Yucatán,18.5,26.3,34.1,9.2
1987-04-01,32,Zacatecas,8.3,17.8,27.4,6.5
1987-05-01,0,Nacional,14.7,23.0,31.3,52.6
1987-05-01,1,Aguascalientes,10.9,20.2,29.5,45.4
1987-05-01,2,Baja California,11.3,19.4,27.5,1.2
1987-05-01,3,Baja California Sur,13.6,21.9,30.2,0.4
1987-05-01,4,Campeche,20.3,28.6,36.9,101.9
1987-05-01,5,Coahuila,14.3,22.1,30.0,75.0
1987-05-01,6,Colima,16.4,25.1,33.7,3.2
1987-05-01,7,Chiapas,18.6,25.7,32.7,67.1
1987-05-01,8,Chihuahua,10.2,19.8,29.3,30.1
1987-05-01,9,Ciudad de México,10.2,18.4,26.7,48.7
1987-05-01,10,Durango,10.3,19.9,29.4,24.5
1987-05-01,11,Guanajuato,11.8,20.6,29.5,40.1
1987-05-01,12,Guerrero,19.7,27.0,34.4,28.9
1987-05-01,13,Hidalgo,10.1,18.6,27.2,68.1
1987-05-01,14,Jalisco,12.7,22.7,32.8,32.2
1987-05-01,15,Estado de México,8.8,17.4,26.0,41.1
1987-05-01,16,Michoacán,13.4,22.6,31.9,33.8
1987-05-01,17,Morelos,16.1,24.6,33.2,22.0
1987-05-01,18,Nayarit,16.5,25.6,34.7,9.0
1987-05-01,19,Nuevo León,16.1,22.8,29.6,75.1
1987-05-01,20,Oaxaca,16.4,24.0,31.6,55.3
1987-05-01,21,Puebla,12.1,19.9,27.7,68.5
1987-05-01,22,Querétaro,12.1,21.0,29.9,44.5
1987-05-01,23,Quintana Roo,20.0,27.3,34.6,327.3
1987-05-01,24,San Luis Potosí,16.2,23.6,31.0,136.0
1987-05-01,25,Sinaloa,16.3,25.5,34.7,8.5
1987-05-01,26,Sonora,13.9,23.7,33.5,15.9
1987-05-01,27,Tabasco,22.7,29.2,35.7,55.4
1987-05-01,28,Tamaulipas,19.9,26.5,33.1,114.9
1987-05-01,29,Tlaxcala,7.4,16.2,25.1,63.3
1987-05-01,30,Veracruz,19.2,25.2,31.2,61.7
1987-05-01,31,Yucatán,20.9,28.7,36.4,137.8
1987-05-01,32,Zacatecas,10.6,20.0,29.4,25.9
1987-06-01,0,Nacional,16.6,23.6,30.7,101.4
1987-06-01,1,Aguascalientes,12.9,20.6,28.4,42.5
1987-06-01,2,Baja California,13.4,22.0,30.7,0.1
1987-06-01,3,Baja California Sur,16.0,24.8,33.7,0.1
1987-06-01,4,Campeche,21.3,28.2,35.2,183.9
1987-06-01,5,Coahuila,16.4,24.0,31.6,50.1
1987-06-01,6,Colima,19.7,26.7,33.7,88.9
1987-06-01,7,Chiapas,19.5,25.1,30.7,375.4
1987-06-01,8,Chihuahua,13.9,23.0,32.0,31.2
1987-06-01,9,Ciudad de México,11.2,17.8,24.4,108.1
1987-06-01,10,Durango,13.5,21.6,29.7,42.6
1987-06-01,11,Guanajuato,13.1,20.8,28.4,56.2
1987-06-01,12,Guerrero,20.3,26.2,32.2,179.6
1987-06-01,13,Hidalgo,11.4,18.2,25.0,111.4
1987-06-01,14,Jalisco,15.8,23.6,31.4,137.7
1987-06-01,15,Estado de México,10.3,16.8,23.3,149.1
1987-06-01,16,Michoacán,15.1,22.4,29.7,92.6
1987-06-01,17,Morelos,16.8,23.3,29.8,145.5
1987-06-01,18,Nayarit,20.8,27.7,34.7,92.5
1987-06-01,19,Nuevo León,17.5,24.2,30.8,147.7
1987-06-01,20,Oaxaca,17.1,23.2,29.4,232.4
1987-06-01,21,Puebla,12.8,19.3,25.9,167.8
1987-06-01,22,Querétaro,13.0,20.4,27.7,113.1
1987-06-01,23,Quintana Roo,22.0,27.7,33.4,168.2
1987-06-01,24,San Luis Potosí,17.3,23.9,30.5,142.8
1987-06-01,25,Sinaloa,21.3,29.2,37.1,23.2
1987-06-01,26,Sonora,19.3,29.1,38.8,10.5
1987-06-01,27,Tabasco,23.3,28.8,34.4,341.9
1987-06-01,28,Tamaulipas,21.2,27.3,33.5,142.8
1987-06-01,29,Tlaxcala,9.5,15.8,22.1,139.5
1987-06-01,30,Veracruz,19.7,24.9,30.2,215.7
1987-06-01,31,Yucatán,21.8,28.2,34.7,132.2
1987-06-01,32,Zacatecas,13.0,20.9,28.9,55.9
1987-07-01,0,Nacional,17.0,23.3,29.6,152.5
1987-07-01,1,Aguascalientes,13.2,19.4,25.6,112.2
1987-07-01,2,Baja California,16.3,24.7,33.1,0.8
1987-07-01,3,Baja California Sur,19.8,27.6,35.3,28.9
1987-07-01,4,Campeche,21.0,27.7,34.5,189.8
1987-07-01,5,Coahuila,17.5,24.4,31.4,47.7
1987-07-01,6,Colima,20.6,26.7,32.8,287.0
1987-07-01,7,Chiapas,19.0,24.6,30.1,377.7
1987-07-01,8,Chihuahua,15.6,23.0,30.5,106.7
1987-07-01,9,Ciudad de México,11.0,17.3,23.6,215.1
1987-07-01,10,Durango,14.5,21.0,27.6,90.0
1987-07-01,11,Guanajuato,13.5,20.0,26.6,142.4
1987-07-01,12,Guerrero,19.8,25.3,30.7,292.6
1987-07-01,13,Hidalgo,11.2,17.5,23.7,128.3
1987-07-01,14,Jalisco,16.3,22.4,28.5,234.6
1987-07-01,15,Estado de México,10.4,16.3,22.1,220.9
1987-07-01,16,Michoacán,15.3,21.2,27.1,259.0
1987-07-01,17,Morelos,16.1,22.1,28.1,256.0
1987-07-01,18,Nayarit,21.6,27.1,32.7,304.2
1987-07-01,19,Nuevo León,18.0,24.5,31.1,82.3
1987-07-01,20,Oaxaca,16.8,22.6,28.5,308.9
1987-07-01,21,Puebla,12.4,18.7,25.0,215.6
1987-07-01,22,Querétaro,13.5,19.6,25.7,129.5
1987-07-01,23,Quintana Roo,21.6,27.4,33.2,88.8
1987-07-01,24,San Luis Potosí,17.2,22.9,28.6,276.5
1987-07-01,25,Sinaloa,23.5,29.6,35.8,133.8
1987-07-01,26,Sonora,22.1,29.9,37.7,83.8
1987-07-01,27,Tabasco,22.9,28.5,34.1,289.4
1987-07-01,28,Tamaulipas,21.2,27.2,33.2,134.5
1987-07-01,29,Tlaxcala,8.9,15.2,21.5,141.6
1987-07-01,30,Veracruz,19.4,24.3,29.3,280.5
1987-07-01,31,Yucatán,21.5,27.9,34.3,132.5
1987-07-01,32,Zacatecas,13.3,19.8,26.3,116.2
1987-08-01,0,Nacional,16.9,23.2,29.6,113.8
1987-08-01,1,Aguascalientes,13.0,19.6,26.2,36.4
1987-08-01,2,Baja California,17.0,25.1,33.2,1.6
1987-08-01,3,Baja California Sur,20.8,28.3,35.8,25.3
1987-08-01,4,Campeche,20.6,27.4,34.3,190.7
1987-08-01,5,Coahuila,17.1,24.2,31.4,56.3
1987-08-01,6,Colima,20.4,26.3,32.3,162.4
1987-08-01,7,Chiapas,19.2,24.6,30.0,272.4
1987-08-01,8,Chihuahua,15.3,22.3,29.3,128.0
1987-08-01,9,Ciudad de México,10.9,17.5,24.1,172.2
1987-08-01,10,Durango,14.2,20.9,27.5,161.4
1987-08-01,11,Guanajuato,12.9,19.9,26.9,104.6
1987-08-01,12,Guerrero,19.9,25.3,30.7,194.1
1987-08-01,13,Hidalgo,10.7,17.5,24.2,54.4
1987-08-01,14,Jalisco,16.1,22.2,28.4,179.4
1987-08-01,15,Estado de México,10.2,16.3,22.5,158.7
1987-08-01,16,Michoacán,15.1,21.0,26.9,117.3
1987-08-01,17,Morelos,15.9,22.0,28.2,103.7
1987-08-01,18,Nayarit,21.1,26.6,32.2,293.4
1987-08-01,19,Nuevo León,18.2,24.8,31.5,90.3
1987-08-01,20,Oaxaca,16.6,22.4,28.3,76.9
1987-08-01,21,Puebla,12.0,18.4,24.9,135.5
1987-08-01,22,Querétaro,13.1,19.8,26.5,56.1
1987-08-01,23,Quintana Roo,21.4,27.3,33.2,107.3
1987-08-01,24,San Luis Potosí,17.1,23.3,29.5,56.6
1987-08-01,25,Sinaloa,22.9,28.9,34.9,133.1
1987-08-01,26,Sonora,22.1,29.1,36.1,98.1
1987-08-01,27,Tabasco,23.0,28.4,33.8,275.2
1987-08-01,28,Tamaulipas,21.5,27.7,33.9,70.0
1987-08-01,29,Tlaxcala,8.3,15.2,22.2,117.8
1987-08-01,30,Veracruz,19.3,24.4,29.6,111.9
1987-08-01,31,Yucatán,21.0,27.5,33.9,114.1
1987-08-01,32,Zacatecas,12.8,19.6,26.5,70.6
1987-09-01,0,Nacional,16.2,22.8,29.4,104.1
1987-09-01,1,Aguascalientes,12.0,19.2,26.4,44.2
1987-09-01,2,Baja California,15.0,23.7,32.4,11.1
1987-09-01,3,Baja California Sur,20.3,27.6,35.0,36.7
1987-09-01,4,Campeche,20.9,27.3,33.8,126.7
1987-09-01,5,Coahuila,15.1,22.2,29.3,49.0
1987-09-01,6,Colima,20.7,26.6,32.6,104.6
1987-09-01,7,Chiapas,19.1,24.5,29.9,257.9
1987-09-01,8,Chihuahua,12.8,20.9,28.9,73.4
1987-09-01,9,Ciudad de México,10.6,17.4,24.2,116.3
1987-09-01,10,Durango,12.8,19.8,26.9,87.8
1987-09-01,11,Guanajuato,12.3,19.9,27.5,76.1
1987-09-01,12,Guerrero,20.1,25.4,30.8,196.7
1987-09-01,13,Hidalgo,9.9,16.9,23.8,84.7
1987-09-01,14,Jalisco,15.7,22.4,29.1,111.9
1987-09-01,15,Estado de México,9.5,16.1,22.8,107.1
1987-09-01,16,Michoacán,14.3,20.9,27.4,82.7
1987-09-01,17,Morelos,15.8,21.9,28.0,136.0
1987-09-01,18,Nayarit,21.6,26.9,32.3,194.3
1987-09-01,19,Nuevo León,15.9,22.3,28.7,127.9
1987-09-01,20,Oaxaca,16.4,22.5,28.6,170.3
1987-09-01,21,Puebla,11.7,18.4,25.0,179.1
1987-09-01,22,Querétaro,11.6,18.8,26.1,56.0
1987-09-01,23,Quintana Roo,21.4,27.3,33.2,107.3
1987-09-01,24,San Luis Potosí,16.3,23.0,29.6,149.0
1987-09-01,25,Sinaloa,23.0,29.0,35.0,99.6
1987-09-01,26,Sonora,19.7,27.8,35.9,33.1
1987-09-01,27,Tabasco,23.1,28.2,33.4,281.2
1987-09-01,28,Tamaulipas,20.3,26.5,32.8,84.9
1987-09-01,29,Tlaxcala,7.9,15.0,22.2,64.8
1987-09-01,30,Veracruz,19.0,24.4,29.7,230.4
1987-09-01,31,Yucatán,21.0,27.3,33.7,189.4
1987-09-01,32,Zacatecas,11.8,19.2,26.6,105.1
1987-10-01,0,Nacional,13.5,20.8,28.2,32.1
1987-10-01,1,Aguascalientes,8.2,17.0,25.8,0.0
1987-10-01,2,Baja California,13.5,21.6,29.7,81.3
1987-10-01,3,Baja California Sur,17.7,25.3,33.0,14.2
1987-10-01,4,Campeche,18.7,25.4,32.2,71.8
1987-10-01,5,Coahuila,11.8,19.4,27.0,25.4
1987-10-01,6,Colima,19.2,26.0,32.8,21.2
1987-10-01,7,Chiapas,17.5,22.9,28.4,94.4
1987-10-01,8,Chihuahua,9.0,18.0,26.9,10.1
1987-10-01,9,Ciudad de México,7.7,15.5,23.2,0.0
1987-10-01,10,Durango,8.9,17.5,26.1,11.1
1987-10-01,11,Guanajuato,8.0,16.7,25.4,0.8
1987-10-01,12,Guerrero,19.0,25.2,31.4,26.4
1987-10-01,13,Hidalgo,6.7,14.5,22.4,32.4
1987-10-01,14,Jalisco,12.3,20.6,29.0,33.2
1987-10-01,15,Estado de México,6.7,14.5,22.3,7.9
1987-10-01,16,Michoacán,11.5,19.4,27.3,17.4
1987-10-01,17,Morelos,13.3,20.7,28.2,6.9
1987-10-01,18,Nayarit,19.4,26.3,33.2,12.3
1987-10-01,19,Nuevo León,12.6,19.4,26.3,29.9
1987-10-01,20,Oaxaca,14.7,21.4,28.1,22.5
1987-10-01,21,Puebla,9.1,16.5,24.0,97.5
1987-10-01,22,Querétaro,8.2,16.3,24.4,19.0
1987-10-01,23,Quintana Roo,19.7,25.7,31.6,71.8
1987-10-01,24,San Luis Potosí,12.9,20.0,27.2,21.5
1987-10-01,25,Sinaloa,20.2,27.6,35.1,21.9
1987-10-01,26,Sonora,16.6,25.4,34.2,7.7
1987-10-01,27,Tabasco,21.4,25.7,30.0,241.9
1987-10-01,28,Tamaulipas,16.9,23.7,30.5,38.8
1987-10-01,29,Tlaxcala,4.4,13.1,21.7,0.3
1987-10-01,30,Veracruz,16.6,22.0,27.5,67.7
1987-10-01,31,Yucatán,19.2,25.7,32.2,71.5
1987-10-01,32,Zacatecas,8.1,17.0,25.9,2.6
1987-11-01,0,Nacional,10.8,18.9,27.1,28.2
1987-11-01,1,Aguascalientes,5.6,15.4,25.2,15.9
1987-11-01,2,Baja California,8.2,15.7,23.2,41.5
1987-11-01,3,Baja California Sur,12.2,20.3,28.4,4.7
1987-11-01,4,Campeche,17.7,24.9,32.1,105.5
1987-11-01,5,Coahuila,7.9,16.2,24.6,6.4
1987-11-01,6,Colima,17.2,25.0,32.8,18.2
1987-11-01,7,Chiapas,16.6,23.0,29.4,90.8
1987-11-01,8,Chihuahua,2.7,12.7,22.8,3.8
1987-11-01,9,Ciudad de México,6.1,14.8,23.5,3.1
1987-11-01,10,Durango,4.6,14.4,24.3,6.0
1987-11-01,11,Guanajuato,6.6,15.7,24.7,11.3
1987-11-01,12,Guerrero,17.6,24.6,31.7,19.1
1987-11-01,13,Hidalgo,5.5,14.5,23.6,47.5
1987-11-01,14,Jalisco,9.3,18.8,28.4,15.4
1987-11-01,15,Estado de México,5.0,13.8,22.6,12.8
1987-11-01,16,Michoacán,9.3,18.2,27.2,9.7
1987-11-01,17,Morelos,11.4,20.0,28.7,5.6
1987-11-01,18,Nayarit,15.6,23.7,31.8,6.1
1987-11-01,19,Nuevo León,9.3,16.7,24.1,9.4
1987-11-01,20,Oaxaca,14.0,21.4,28.9,53.8
1987-11-01,21,Puebla,8.0,16.2,24.3,110.4
1987-11-01,22,Querétaro,6.8,15.9,24.9,13.5
1987-11-01,23,Quintana Roo,18.6,24.8,31.0,134.7
1987-11-01,24,San Luis Potosí,10.4,18.3,26.2,24.6
1987-11-01,25,Sinaloa,13.9,22.9,31.9,9.8
1987-11-01,26,Sonora,8.2,17.9,27.7,4.1
1987-11-01,27,Tabasco,20.4,25.3,30.3,214.5
1987-11-01,28,Tamaulipas,14.3,21.2,28.1,12.7
1987-11-01,29,Tlaxcala,3.0,12.6,22.2,9.6
1987-11-01,30,Veracruz,15.5,21.4,27.4,78.8
1987-11-01,31,Yucatán,18.2,25.0,31.8,72.8
1987-11-01,32,Zacatecas,5.5,15.1,24.7,4.8
1987-12-01,0,Nacional,9.4,17.3,25.3,23.8
1987-12-01,1,Aguascalientes,4.9,14.0,23.2,4.0
1987-12-01,2,Baja California,4.6,11.9,19.3,63.9
1987-12-01,3,Baja California Sur,9.1,17.0,24.9,6.1
1987-12-01,4,Campeche,16.4,23.7,31.0,21.6
1987-12-01,5,Coahuila,5.8,13.6,21.4,4.4
1987-12-01,6,Colima,15.7,23.9,32.0,9.3
1987-12-01,7,Chiapas,15.7,22.3,28.9,95.5
1987-12-01,8,Chihuahua,-0.4,9.3,18.9,13.7
1987-12-01,9,Ciudad de México,5.8,14.0,22.3,0.0
1987-12-01,10,Durango,3.7,12.7,21.7,15.3
1987-12-01,11,Guanajuato,6.2,15.4,24.6,10.0
1987-12-01,12,Guerrero,16.8,24.1,31.3,0.9
1987-12-01,13,Hidalgo,4.8,13.7,22.7,8.3
1987-12-01,14,Jalisco,8.2,17.5,26.9,12.6
1987-12-01,15,Estado de México,4.3,13.1,21.9,1.4
1987-12-01,16,Michoacán,8.5,17.4,26.3,3.8
1987-12-01,17,Morelos,10.8,19.5,28.3,1.7
1987-12-01,18,Nayarit,13.7,21.7,29.7,14.8
1987-12-01,19,Nuevo León,6.8,14.0,21.2,12.7
1987-12-01,20,Oaxaca,13.2,20.6,28.1,15.3
1987-12-01,21,Puebla,7.2,15.1,23.1,23.2
1987-12-01,22,Querétaro,6.3,14.9,23.6,4.4
1987-12-01,23,Quintana Roo,17.1,23.5,29.8,71.2
1987-12-01,24,San Luis Potosí,9.3,16.4,23.6,7.4
1987-12-01,25,Sinaloa,11.7,20.0,28.3,35.6
1987-12-01,26,Sonora,4.5,13.4,22.3,34.2
1987-12-01,27,Tabasco,19.3,24.0,28.7,166.3
1987-12-01,28,Tamaulipas,12.1,18.7,25.4,3.8
1987-12-01,29,Tlaxcala,2.3,11.8,21.3,4.7
1987-12-01,30,Veracruz,14.2,19.5,24.9,25.2
1987-12-01,31,Yucatán,16.9,23.9,30.9,57.0
1987-12-01,32,Zacatecas,4.6,13.6,22.6,28.7
1988-01-01,0,Nacional,8.5,16.7,24.9,20.2
1988-01-01,1,Aguascalientes,3.7,13.1,22.6,0.0
1988-01-01,2,Baja California,4.7,12.1,19.4,41.6
1988-01-01,3,Baja California Sur,7.9,15.7,23.6,0.6
1988-01-01,4,Campeche,16.7,23.7,30.8,0.5
1988-01-01,5,Coahuila,4.8,12.4,20.1,4.0
1988-01-01,6,Colima,14.1,23.2,32.4,1.6
1988-01-01,7,Chiapas,15.4,21.9,28.4,105.4
1988-01-01,8,Chihuahua,-0.7,8.7,18.2,8.4
1988-01-01,9,Ciudad de México,4.8,13.5,22.2,0.0
1988-01-01,10,Durango,2.1,11.6,21.1,5.2
1988-01-01,11,Guanajuato,4.1,13.5,22.8,0.1
1988-01-01,12,Guerrero,15.8,23.6,31.3,0.4
1988-01-01,13,Hidalgo,4.1,13.1,22.1,7.5
1988-01-01,14,Jalisco,6.6,16.9,27.2,0.8
1988-01-01,15,Estado de México,3.2,12.5,21.7,2.2
1988-01-01,16,Michoacán,7.6,17.0,26.5,1.6
1988-01-01,17,Morelos,9.9,19.2,28.5,0.8
1988-01-01,18,Nayarit,11.0,20.5,30.1,2.3
1988-01-01,19,Nuevo León,6.0,12.6,19.3,29.3
1988-01-01,20,Oaxaca,13.0,20.5,28.1,53.6
1988-01-01,21,Puebla,6.4,14.8,23.1,35.2
1988-01-01,22,Querétaro,5.5,14.2,23.0,3.6
1988-01-01,23,Quintana Roo,17.2,23.4,29.6,41.7
1988-01-01,24,San Luis Potosí,8.9,16.0,23.2,14.8
1988-01-01,25,Sinaloa,9.2,18.3,27.5,6.3
1988-01-01,26,Sonora,4.4,13.3,22.2,12.6
1988-01-01,27,Tabasco,19.2,23.8,28.4,201.2
1988-01-01,28,Tamaulipas,10.8,17.1,23.4,34.0
1988-01-01,29,Tlaxcala,1.5,11.2,21.0,4.0
1988-01-01,30,Veracruz,13.6,19.1,24.7,47.5
1988-01-01,31,Yucatán,16.4,23.5,30.5,41.5
1988-01-01,32,Zacatecas,3.2,12.8,22.4,2.1
1988-02-01,0,Nacional,9.4,17.8,26.3,13.2
1988-02-01,1,Aguascalientes,5.2,14.9,24.5,0.0
1988-02-01,2,Baja California,6.0,13.9,21.8,20.2
1988-02-01,3,Baja California Sur,9.8,17.9,26.1,0.0
1988-02-01,4,Campeche,16.2,24.0,31.7,19.4
1988-02-01,5,Coahuila,5.8,13.8,21.7,8.2
1988-02-01,6,Colima,14.3,23.7,33.2,0.0
1988-02-01,7,Chiapas,14.9,22.0,29.0,115.7
1988-02-01,8,Chihuahua,2.0,11.5,21.1,4.2
1988-02-01,9,Ciudad de México,5.6,14.2,22.7,10.9
1988-02-01,10,Durango,4.0,13.6,23.3,3.3
1988-02-01,11,Guanajuato,6.8,16.2,25.7,0.0
1988-02-01,12,Guerrero,16.7,24.4,32.2,0.8
1988-02-01,13,Hidalgo,4.9,14.0,23.1,13.5
1988-02-01,14,Jalisco,8.0,18.3,28.6,0.0
1988-02-01,15,Estado de México,4.4,13.5,22.7,4.6
1988-02-01,16,Michoacán,9.0,18.4,27.8,0.9
1988-02-01,17,Morelos,11.0,20.2,29.5,0.6
1988-02-01,18,Nayarit,12.7,22.3,31.8,0.5
1988-02-01,19,Nuevo León,6.7,13.9,21.0,13.6
1988-02-01,20,Oaxaca,13.1,20.8,28.6,0.6
1988-02-01,21,Puebla,7.1,15.4,23.7,26.7
1988-02-01,22,Querétaro,6.5,15.3,24.2,2.1
1988-02-01,23,Quintana Roo,16.6,23.3,30.0,14.0
1988-02-01,24,San Luis Potosí,8.9,16.5,24.1,14.7
1988-02-01,25,Sinaloa,11.3,20.7,30.2,2.7
1988-02-01,26,Sonora,7.1,16.3,25.5,1.2
1988-02-01,27,Tabasco,18.9,24.1,29.3,161.6
1988-02-01,28,Tamaulipas,11.1,17.8,24.6,15.7
1988-02-01,29,Tlaxcala,2.5,12.3,22.1,6.2
1988-02-01,30,Veracruz,13.2,19.1,25.0,29.5
1988-02-01,31,Yucatán,16.1,23.5,31.0,34.2
1988-02-01,32,Zacatecas,4.8,14.5,24.2,1.8
1988-03-01,0,Nacional,10.4,19.1,27.8,17.7
1988-03-01,1,Aguascalientes,5.8,15.6,25.4,2.0
1988-03-01,2,Baja California,7.6,16.0,24.4,15.3
1988-03-01,3,Baja California Sur,10.1,18.9,27.7,0.2
1988-03-01,4,Campeche,17.6,25.5,33.5,107.7
1988-03-01,5,Coahuila,8.1,16.7,25.4,1.2
1988-03-01,6,Colima,14.1,23.0,31.9,3.9
1988-03-01,7,Chiapas,15.5,23.0,30.5,44.5
1988-03-01,8,Chihuahua,3.4,13.8,24.1,4.2
1988-03-01,9,Ciudad de México,6.7,15.1,23.5,36.3
1988-03-01,10,Durango,4.4,14.6,24.7,1.6
1988-03-01,11,Guanajuato,8.3,17.0,25.7,7.4
1988-03-01,12,Guerrero,17.3,25.0,32.7,3.3
1988-03-01,13,Hidalgo,6.1,15.3,24.6,60.6
1988-03-01,14,Jalisco,8.4,18.7,29.0,6.6
1988-03-01,15,Estado de México,5.4,14.3,23.3,31.7
1988-03-01,16,Michoacán,9.6,18.9,28.2,16.4
1988-03-01,17,Morelos,12.5,21.5,30.5,13.6
1988-03-01,18,Nayarit,13.1,22.3,31.5,1.3
1988-03-01,19,Nuevo León,8.8,17.2,25.5,17.5
1988-03-01,20,Oaxaca,13.9,21.8,29.7,9.3
1988-03-01,21,Puebla,8.6,16.9,25.2,28.8
1988-03-01,22,Querétaro,7.1,16.5,25.8,41.9
1988-03-01,23,Quintana Roo,17.6,24.6,31.6,90.9
1988-03-01,24,San Luis Potosí,10.0,18.8,27.6,43.6
1988-03-01,25,Sinaloa,11.7,21.4,31.1,4.2
1988-03-01,26,Sonora,8.1,18.2,28.4,8.9
1988-03-01,27,Tabasco,19.5,25.5,31.5,64.6
1988-03-01,28,Tamaulipas,13.0,21.0,28.9,18.8
1988-03-01,29,Tlaxcala,3.7,13.2,22.8,16.9
1988-03-01,30,Veracruz,14.5,20.9,27.3,30.7
1988-03-01,31,Yucatán,17.5,25.0,32.6,40.2
1988-03-01,32,Zacatecas,5.4,15.3,25.2,3.5
1988-04-01,0,Nacional,13.0,21.6,30.2,21.7
1988-04-01,1,Aguascalientes,9.1,18.4,27.8,17.9
1988-04-01,2,Baja California,9.8,18.1,26.5,47.3
1988-04-01,3,Baja California Sur,12.5,21.1,29.7,13.1
1988-04-01,4,Campeche,19.5,27.5,35.6,3.9
1988-04-01,5,Coahuila,12.2,20.5,28.8,13.5
1988-04-01,6,Colima,15.2,24.2,33.2,3.5
1988-04-01,7,Chiapas,17.9,25.1,32.3,36.0
1988-04-01,8,Chihuahua,7.6,17.7,27.8,22.1
1988-04-01,9,Ciudad de México,8.5,16.9,25.4,12.6
1988-04-01,10,Durango,8.1,18.0,27.8,2.2
1988-04-01,11,Guanajuato,11.2,20.2,29.3,35.7
1988-04-01,12,Guerrero,18.5,26.3,34.2,0.5
1988-04-01,13,Hidalgo,8.4,17.4,26.4,40.1
1988-04-01,14,Jalisco,11.1,21.3,31.6,12.3
1988-04-01,15,Estado de México,7.2,16.2,25.2,8.5
1988-04-01,16,Michoacán,11.5,21.0,30.6,1.7
1988-04-01,17,Morelos,14.5,23.5,32.5,5.6
1988-04-01,18,Nayarit,15.1,24.4,33.7,2.6
1988-04-01,19,Nuevo León,12.8,20.6,28.4,51.4
1988-04-01,20,Oaxaca,15.7,23.5,31.4,19.6
1988-04-01,21,Puebla,10.6,18.8,27.0,56.5
1988-04-01,22,Querétaro,9.8,19.1,28.5,24.7
1988-04-01,23,Quintana Roo,19.6,26.5,33.4,19.0
1988-04-01,24,San Luis Potosí,13.7,22.1,30.5,62.1
1988-04-01,25,Sinaloa,14.3,24.1,33.9,10.8
1988-04-01,26,Sonora,11.5,21.8,32.1,11.2
1988-04-01,27,Tabasco,22.0,28.2,34.5,47.4
1988-04-01,28,Tamaulipas,17.1,24.6,32.1,41.4
1988-04-01,29,Tlaxcala,5.6,14.7,23.9,17.5
1988-04-01,30,Veracruz,17.2,23.9,30.6,44.4
1988-04-01,31,Yucatán,19.2,26.9,34.6,15.0
1988-04-01,32,Zacatecas,8.8,18.4,28.1,19.3
1988-05-01,0,Nacional,14.9,23.4,31.9,24.8
1988-05-01,1,Aguascalientes,11.1,20.9,30.8,0.0
1988-05-01,2,Baja California,10.9,19.3,27.8,3.0
1988-05-01,3,Baja California Sur,14.0,22.7,31.4,0.1
1988-05-01,4,Campeche,20.5,28.3,36.2,13.8
1988-05-01,5,Coahuila,15.2,23.6,31.9,32.3
1988-05-01,6,Colima,16.0,24.8,33.6,0.3
1988-05-01,7,Chiapas,18.8,25.6,32.4,45.1
1988-05-01,8,Chihuahua,10.9,21.3,31.7,4.2
1988-05-01,9,Ciudad de México,10.1,18.6,27.0,72.0
1988-05-01,10,Durango,10.9,20.8,30.8,4.1
1988-05-01,11,Guanajuato,12.9,22.3,31.6,1.3
1988-05-01,12,Guerrero,19.7,27.1,34.6,8.9
1988-05-01,13,Hidalgo,10.3,19.0,27.8,46.3
1988-05-01,14,Jalisco,12.8,23.2,33.5,0.6
1988-05-01,15,Estado de México,8.8,17.6,26.3,25.3
1988-05-01,16,Michoacán,13.4,22.8,32.3,2.8
1988-05-01,17,Morelos,16.0,24.6,33.1,14.6
1988-05-01,18,Nayarit,16.9,26.0,35.2,0.7
1988-05-01,19,Nuevo León,16.6,23.9,31.3,50.6
1988-05-01,20,Oaxaca,17.0,24.4,31.8,130.5
1988-05-01,21,Puebla,12.0,20.0,27.9,68.4
1988-05-01,22,Querétaro,12.0,21.2,30.5,31.4
1988-05-01,23,Quintana Roo,20.7,27.4,34.0,11.6
1988-05-01,24,San Luis Potosí,16.5,24.3,32.1,65.6
1988-05-01,25,Sinaloa,16.7,26.1,35.4,2.2
1988-05-01,26,Sonora,14.3,24.6,35.0,0.8
1988-05-01,27,Tabasco,22.9,29.3,35.8,31.7
1988-05-01,28,Tamaulipas,20.5,27.3,34.1,55.7
1988-05-01,29,Tlaxcala,7.1,16.1,25.1,43.0
1988-05-01,30,Veracruz,19.3,25.5,31.7,70.1
1988-05-01,31,Yucatán,20.8,28.4,36.0,50.4
1988-05-01,32,Zacatecas,10.9,20.9,30.8,5.5
1988-06-01,0,Nacional,16.5,23.8,31.1,121.6
1988-06-01,1,Aguascalientes,12.9,21.0,29.1,38.3
1988-06-01,2,Baja California,13.4,22.0,30.7,0.0
1988-06-01,3,Baja California Sur,16.1,24.6,33.2,1.5
1988-06-01,4,Campeche,21.1,28.3,35.5,329.9
1988-06-01,5,Coahuila,16.5,24.5,32.4,24.0
1988-06-01,6,Colima,18.4,25.8,33.3,89.4
1988-06-01,7,Chiapas,19.2,24.9,30.6,332.4
1988-06-01,8,Chihuahua,14.7,24.1,33.5,43.8
1988-06-01,9,Ciudad de México,11.0,18.0,25.0,174.9
1988-06-01,10,Durango,13.5,22.0,30.6,75.6
1988-06-01,11,Guanajuato,13.8,21.6,29.4,59.2
1988-06-01,12,Guerrero,20.3,26.3,32.4,334.5
1988-06-01,13,Hidalgo,11.4,18.6,25.7,124.0
1988-06-01,14,Jalisco,15.5,23.7,31.8,106.2
1988-06-01,15,Estado de México,10.2,17.0,23.8,159.8
1988-06-01,16,Michoacán,15.2,22.6,30.1,152.3
1988-06-01,17,Morelos,16.6,23.3,30.0,184.5
1988-06-01,18,Nayarit,20.7,27.5,34.3,181.5
1988-06-01,19,Nuevo León,17.7,24.8,32.0,80.2
1988-06-01,20,Oaxaca,17.2,23.3,29.4,321.3
1988-06-01,21,Puebla,12.6,19.3,26.1,219.6
1988-06-01,22,Querétaro,13.0,20.5,28.1,96.9
1988-06-01,23,Quintana Roo,22.2,27.9,33.6,268.1
1988-06-01,24,San Luis Potosí,17.4,24.5,31.5,171.4
1988-06-01,25,Sinaloa,21.4,29.0,36.7,29.6
1988-06-01,26,Sonora,19.2,28.9,38.6,0.6
1988-06-01,27,Tabasco,23.2,29.1,34.9,305.3
1988-06-01,28,Tamaulipas,21.4,28.0,34.7,163.5
1988-06-01,29,Tlaxcala,8.7,15.5,22.3,149.5
1988-06-01,30,Veracruz,19.5,25.2,30.9,229.8
1988-06-01,31,Yucatán,21.6,28.4,35.2,201.8
1988-06-01,32,Zacatecas,13.1,21.5,29.9,95.1
1988-07-01,0,Nacional,16.7,23.3,30.0,162.4
1988-07-01,1,Aguascalientes,12.8,19.7,26.6,119.9
1988-07-01,2,Baja California,17.2,25.5,33.8,0.1
1988-07-01,3,Baja California Sur,20.1,27.4,34.8,14.3
1988-07-01,4,Campeche,20.6,27.7,34.9,281.2
1988-07-01,5,Coahuila,17.5,24.7,32.0,87.4
1988-07-01,6,Colima,19.6,26.0,32.4,181.0
1988-07-01,7,Chiapas,18.7,24.5,30.2,231.7
1988-07-01,8,Chihuahua,16.0,23.4,30.9,101.7
1988-07-01,9,Ciudad de México,9.9,16.9,23.8,193.8
1988-07-01,10,Durango,14.2,21.0,27.9,149.1
1988-07-01,11,Guanajuato,13.5,20.0,26.5,148.3
1988-07-01,12,Guerrero,19.7,25.3,30.9,247.9
1988-07-01,13,Hidalgo,11.1,17.7,24.4,138.5
1988-07-01,14,Jalisco,15.7,22.2,28.7,244.4
1988-07-01,15,Estado de México,10.0,16.1,22.2,207.0
1988-07-01,16,Michoacán,15.0,21.2,27.4,173.6
1988-07-01,17,Morelos,15.4,21.9,28.3,169.9
1988-07-01,18,Nayarit,21.5,27.0,32.5,271.8
1988-07-01,19,Nuevo León,18.0,24.9,31.8,84.4
1988-07-01,20,Oaxaca,16.8,22.7,28.7,414.4
1988-07-01,21,Puebla,11.8,18.4,25.1,190.2
1988-07-01,22,Querétaro,12.6,19.3,26.0,151.9
1988-07-01,23,Quintana Roo,21.7,27.6,33.6,128.5
1988-07-01,24,San Luis Potosí,17.2,23.6,30.1,187.3
1988-07-01,25,Sinaloa,23.3,29.2,35.1,147.6
1988-07-01,26,Sonora,22.3,29.7,37.2,185.1
1988-07-01,27,Tabasco,22.8,28.7,34.6,185.5
1988-07-01,28,Tamaulipas,21.2,27.7,34.2,104.1
1988-07-01,29,Tlaxcala,7.6,14.7,21.7,123.7
1988-07-01,30,Veracruz,19.0,24.5,29.9,245.1
1988-07-01,31,Yucatán,21.1,27.9,34.6,232.4
1988-07-01,32,Zacatecas,13.1,20.1,27.1,131.6
1988-08-01,0,Nacional,16.8,23.0,29.3,173.8
1988-08-01,1,Aguascalientes,12.8,19.0,25.2,102.2
1988-08-01,2,Baja California,16.7,24.7,32.7,6.5
1988-08-01,3,Baja California Sur,20.7,27.9,35.0,18.9
1988-08-01,4,Campeche,20.8,27.6,34.4,221.9
1988-08-01,5,Coahuila,16.9,23.9,30.9,70.3
1988-08-01,6,Colima,19.7,25.9,32.0,235.4
1988-08-01,7,Chiapas,19.0,24.4,29.8,412.1
1988-08-01,8,Chihuahua,15.8,22.5,29.3,118.8
1988-08-01,9,Ciudad de México,9.9,16.8,23.8,142.5
1988-08-01,10,Durango,14.1,20.7,27.3,119.8
1988-08-01,11,Guanajuato,13.0,19.6,26.2,129.2
1988-08-01,12,Guerrero,19.8,25.1,30.5,374.8
1988-08-01,13,Hidalgo,11.1,17.5,23.9,125.9
1988-08-01,14,Jalisco,15.9,21.9,28.0,204.6
1988-08-01,15,Estado de México,10.2,16.1,22.1,214.0
1988-08-01,16,Michoacán,15.0,20.9,26.9,279.2
1988-08-01,17,Morelos,15.7,21.7,27.7,133.4
1988-08-01,18,Nayarit,21.4,26.6,31.9,349.9
1988-08-01,19,Nuevo León,17.9,24.3,30.7,156.7
1988-08-01,20,Oaxaca,16.8,22.5,28.3,348.6
1988-08-01,21,Puebla,11.9,18.2,24.6,225.0
1988-08-01,22,Querétaro,12.7,18.9,25.2,141.0
1988-08-01,23,Quintana Roo,21.6,27.4,33.3,110.5
1988-08-01,24,San Luis Potosí,17.1,23.1,29.0,269.1
1988-08-01,25,Sinaloa,23.0,28.6,34.1,251.2
1988-08-01,26,Sonora,21.9,28.7,35.4,105.7
1988-08-01,27,Tabasco,23.0,28.6,34.2,411.8
1988-08-01,28,Tamaulipas,21.3,27.3,33.2,205.4
1988-08-01,29,Tlaxcala,8.0,14.7,21.4,142.3
1988-08-01,30,Veracruz,19.1,24.4,29.6,218.4
1988-08-01,31,Yucatán,21.0,27.6,34.2,170.1
1988-08-01,32,Zacatecas,13.0,19.5,26.1,114.5
1988-09-01,0,Nacional,15.8,22.2,28.7,123.8
1988-09-01,1,Aguascalientes,11.1,18.1,25.1,73.6
1988-09-01,2,Baja California,14.7,23.5,32.3,2.5
1988-09-01,3,Baja California Sur,20.4,27.6,34.9,43.3
1988-09-01,4,Campeche,20.8,27.0,33.2,138.2
1988-09-01,5,Coahuila,14.6,21.9,29.2,112.8
1988-09-01,6,Colima,19.4,25.4,31.5,183.4
1988-09-01,7,Chiapas,18.9,23.8,28.8,347.3
1988-09-01,8,Chihuahua,13.0,21.1,29.3,53.9
1988-09-01,9,Ciudad de México,9.3,16.0,22.7,92.3
1988-09-01,10,Durango,12.0,19.4,26.7,56.4
1988-09-01,11,Guanajuato,11.4,18.6,25.7,90.4
1988-09-01,12,Guerrero,19.6,24.8,30.0,214.8
1988-09-01,13,Hidalgo,9.9,16.3,22.6,128.0
1988-09-01,14,Jalisco,14.8,21.4,28.1,122.3
1988-09-01,15,Estado de México,9.5,15.4,21.4,161.2
1988-09-01,16,Michoacán,14.0,20.2,26.5,142.3
1988-09-01,17,Morelos,15.3,21.2,27.2,111.9
1988-09-01,18,Nayarit,21.3,26.7,32.2,140.9
1988-09-01,19,Nuevo León,15.4,22.0,28.6,258.7
1988-09-01,20,Oaxaca,16.5,22.0,27.6,249.7
1988-09-01,21,Puebla,11.3,17.7,24.0,195.0
1988-09-01,22,Querétaro,11.2,17.7,24.2,77.0
1988-09-01,23,Quintana Roo,21.6,27.1,32.7,102.5
1988-09-01,24,San Luis Potosí,15.8,22.1,28.4,158.9
1988-09-01,25,Sinaloa,22.7,28.6,34.6,95.0
1988-09-01,26,Sonora,19.8,28.0,36.2,90.5
1988-09-01,27,Tabasco,22.8,27.6,32.3,245.8
1988-09-01,28,Tamaulipas,19.5,25.7,31.9,163.6
1988-09-01,29,Tlaxcala,7.3,14.0,20.8,92.1
1988-09-01,30,Veracruz,18.5,23.5,28.6,199.3
1988-09-01,31,Yucatán,21.0,27.1,33.2,141.9
1988-09-01,32,Zacatecas,11.4,18.8,26.2,50.4
1988-10-01,0,Nacional,13.5,20.8,28.1,49.7
1988-10-01,1,Aguascalientes,8.2,17.0,25.9,29.5
1988-10-01,2,Baja California,11.9,20.2,28.5,1.2
1988-10-01,3,Baja California Sur,17.0,24.7,32.3,5.7
1988-10-01,4,Campeche,19.4,25.9,32.4,85.1
1988-10-01,5,Coahuila,11.3,19.1,27.0,17.6
1988-10-01,6,Colima,18.9,25.5,32.2,67.5
1988-10-01,7,Chiapas,17.9,23.1,28.3,216.9
1988-10-01,8,Chihuahua,8.7,17.9,27.2,35.7
1988-10-01,9,Ciudad de México,7.5,15.3,23.1,15.0
1988-10-01,10,Durango,8.3,17.1,26.0,8.9
1988-10-01,11,Guanajuato,9.4,17.5,25.5,38.1
1988-10-01,12,Guerrero,19.0,24.9,30.8,67.0
1988-10-01,13,Hidalgo,7.3,15.0,22.8,29.3
1988-10-01,14,Jalisco,12.2,20.5,28.8,47.2
1988-10-01,15,Estado de México,7.2,14.6,22.0,30.1
1988-10-01,16,Michoacán,11.6,19.3,27.0,21.4
1988-10-01,17,Morelos,13.7,20.8,27.9,14.5
1988-10-01,18,Nayarit,20.0,26.3,32.7,40.1
1988-10-01,19,Nuevo León,12.5,19.6,26.7,32.2
1988-10-01,20,Oaxaca,15.1,21.5,27.9,74.9
1988-10-01,21,Puebla,9.7,16.7,23.8,98.0
1988-10-01,22,Querétaro,8.3,16.3,24.3,35.0
1988-10-01,23,Quintana Roo,20.3,25.9,31.5,41.5
1988-10-01,24,San Luis Potosí,13.0,20.3,27.6,40.7
1988-10-01,25,Sinaloa,19.7,27.1,34.6,31.7
1988-10-01,26,Sonora,15.4,24.4,33.5,41.9
1988-10-01,27,Tabasco,21.7,26.1,30.5,434.3
1988-10-01,28,Tamaulipas,16.7,23.5,30.3,49.4
1988-10-01,29,Tlaxcala,4.6,13.0,21.4,18.2
1988-10-01,30,Veracruz,16.6,22.1,27.6,95.3
1988-10-01,31,Yucatán,19.4,25.8,32.2,67.5
1988-10-01,32,Zacatecas,8.2,17.3,26.5,8.6
1988-11-01,0,Nacional,11.3,19.3,27.3,17.9
1988-11-01,1,Aguascalientes,6.0,15.7,25.5,12.8
1988-11-01,2,Baja California,7.8,16.0,24.3,19.3
1988-11-01,3,Baja California Sur,12.5,20.4,28.3,0.9
1988-11-01,4,Campeche,18.7,25.4,32.2,34.5
1988-11-01,5,Coahuila,8.6,16.6,24.7,7.9
1988-11-01,6,Colima,17.2,24.7,32.3,14.8
1988-11-01,7,Chiapas,17.2,23.1,29.0,117.4
1988-11-01,8,Chihuahua,3.4,13.3,23.2,2.7
1988-11-01,9,Ciudad de México,6.2,14.9,23.6,17.9
1988-11-01,10,Durango,4.8,14.4,24.1,4.9
1988-11-01,11,Guanajuato,7.2,16.7,26.2,11.0
1988-11-01,12,Guerrero,17.7,24.6,31.5,5.3
1988-11-01,13,Hidalgo,6.2,15.1,24.0,15.5
1988-11-01,14,Jalisco,9.4,18.8,28.3,12.3
1988-11-01,15,Estado de México,5.3,14.0,22.8,10.5
1988-11-01,16,Michoacán,9.7,18.6,27.5,3.1
1988-11-01,17,Morelos,11.8,20.3,28.9,1.1
1988-11-01,18,Nayarit,16.0,23.7,31.4,1.9
1988-11-01,19,Nuevo León,9.7,17.2,24.7,1.2
1988-11-01,20,Oaxaca,14.6,21.7,28.9,14.3
1988-11-01,21,Puebla,8.4,16.5,24.5,44.0
1988-11-01,22,Querétaro,7.6,16.5,25.4,7.0
1988-11-01,23,Quintana Roo,19.7,25.3,30.9,78.4
1988-11-01,24,San Luis Potosí,11.2,19.0,26.8,6.3
1988-11-01,25,Sinaloa,14.7,22.9,31.2,7.1
1988-11-01,26,Sonora,8.9,18.5,28.2,0.7
1988-11-01,27,Tabasco,21.1,26.0,31.0,243.5
1988-11-01,28,Tamaulipas,14.9,21.8,28.7,12.1
1988-11-01,29,Tlaxcala,3.6,13.0,22.4,8.7
1988-11-01,30,Veracruz,16.0,21.9,27.9,35.5
1988-11-01,31,Yucatán,18.8,25.2,31.6,42.2
1988-11-01,32,Zacatecas,5.8,15.5,25.2,7.4
1988-12-01,0,Nacional,8.8,16.5,24.2,18.8
1988-12-01,1,Aguascalientes,4.0,12.8,21.6,10.6
1988-12-01,2,Baja California,5.4,13.2,21.1,35.5
1988-12-01,3,Baja California Sur,9.3,17.1,25.0,10.4
1988-12-01,4,Campeche,16.0,23.0,30.1,38.6
1988-12-01,5,Coahuila,4.6,11.9,19.2,4.8
1988-12-01,6,Colima,14.9,23.0,31.1,8.0
1988-12-01,7,Chiapas,15.3,21.6,27.9,61.0
1988-12-01,8,Chihuahua,-0.3,8.7,17.7,11.3
1988-12-01,9,Ciudad de México,5.1,13.0,21.0,2.9
1988-12-01,10,Durango,2.8,11.4,20.1,20.5
1988-12-01,11,Guanajuato,6.0,15.1,24.1,9.3
1988-12-01,12,Guerrero,16.3,23.5,30.6,0.1
1988-12-01,13,Hidalgo,4.6,13.0,21.4,7.6
1988-12-01,14,Jalisco,7.5,16.5,25.6,9.1
1988-12-01,15,Estado de México,4.0,12.4,20.9,1.7
1988-12-01,16,Michoacán,8.0,16.6,25.3,0.3
1988-12-01,17,Morelos,10.2,19.0,27.7,1.5
1988-12-01,18,Nayarit,13.6,21.4,29.2,7.0
1988-12-01,19,Nuevo León,5.1,12.0,19.0,1.9
1988-12-01,20,Oaxaca,13.0,20.3,27.6,5.3
1988-12-01,21,Puebla,7.1,14.8,22.6,32.1
1988-12-01,22,Querétaro,5.7,14.0,22.3,3.0
1988-12-01,23,Quintana Roo,16.9,22.8,28.7,37.1
1988-12-01,24,San Luis Potosí,8.0,14.8,21.7,7.0
1988-12-01,25,Sinaloa,11.6,19.6,27.7,25.6
1988-12-01,26,Sonora,5.1,14.0,22.9,36.1
1988-12-01,27,Tabasco,18.7,23.2,27.7,135.6
1988-12-01,28,Tamaulipas,9.1,15.7,22.2,7.8
1988-12-01,29,Tlaxcala,1.8,10.9,20.1,2.0
1988-12-01,30,Veracruz,12.7,18.0,23.4,33.4
1988-12-01,31,Yucatán,16.3,23.0,29.6,28.2
1988-12-01,32,Zacatecas,3.7,12.6,21.5,1.3
1989-01-01,0,Nacional,9.2,17.2,25.3,22.5
1989-01-01,1,Aguascalientes,4.8,13.6,22.5,0.0
1989-01-01,2,Baja California,4.7,12.1,19.5,17.2
1989-01-01,3,Baja California Sur,7.7,15.4,23.2,27.7
1989-01-01,4,Campeche,17.0,24.1,31.3,60.0
1989-01-01,5,Coahuila,6.1,13.8,21.5,6.8
1989-01-01,6,Colima,14.2,23.1,32.0,0.0
1989-01-01,7,Chiapas,15.3,21.9,28.6,86.7
1989-01-01,8,Chihuahua,-0.2,9.1,18.5,9.9
1989-01-01,9,Ciudad de México,5.3,13.7,22.1,0.4
1989-01-01,10,Durango,2.7,11.9,21.1,7.6
1989-01-01,11,Guanajuato,6.5,15.7,25.0,0.0
1989-01-01,12,Guerrero,16.0,23.7,31.5,1.4
1989-01-01,13,Hidalgo,5.4,13.9,22.5,13.6
1989-01-01,14,Jalisco,7.4,17.1,26.7,0.0
1989-01-01,15,Estado de México,3.6,12.5,21.5,0.9
1989-01-01,16,Michoacán,8.6,17.6,26.7,0.0
1989-01-01,17,Morelos,10.4,19.6,28.7,2.4
1989-01-01,18,Nayarit,12.8,21.3,29.8,1.1
1989-01-01,19,Nuevo León,7.4,14.4,21.5,17.2
1989-01-01,20,Oaxaca,13.5,21.2,28.8,9.6
1989-01-01,21,Puebla,6.9,15.2,23.5,25.3
1989-01-01,22,Querétaro,6.7,15.1,23.5,2.8
1989-01-01,23,Quintana Roo,17.8,23.8,29.8,148.9
1989-01-01,24,San Luis Potosí,10.0,17.1,24.3,11.3
1989-01-01,25,Sinaloa,9.9,18.4,26.9,20.5
1989-01-01,26,Sonora,4.3,13.1,21.9,29.0
1989-01-01,27,Tabasco,19.6,24.6,29.7,176.1
1989-01-01,28,Tamaulipas,12.3,18.9,25.6,22.2
1989-01-01,29,Tlaxcala,2.0,11.6,21.3,1.5
1989-01-01,30,Veracruz,14.0,19.8,25.6,25.1
1989-01-01,31,Yucatán,17.0,24.2,31.3,59.2
1989-01-01,32,Zacatecas,4.3,13.4,22.5,5.9
1989-02-01,0,Nacional,9.5,17.7,25.9,12.7
1989-02-01,1,Aguascalientes,4.9,13.8,22.8,0.0
1989-02-01,2,Baja California,5.1,12.9,20.7,12.0
1989-02-01,3,Baja California Sur,8.4,16.5,24.6,11.9
1989-02-01,4,Campeche,16.5,24.2,31.9,3.6
1989-02-01,5,Coahuila,6.7,14.7,22.6,4.8
1989-02-01,6,Colima,14.3,23.2,32.1,0.0
1989-02-01,7,Chiapas,15.0,21.9,28.8,43.7
1989-02-01,8,Chihuahua,1.6,11.1,20.5,13.1
1989-02-01,9,Ciudad de México,5.5,13.6,21.8,0.0
1989-02-01,10,Durango,3.5,12.9,22.3,4.0
1989-02-01,11,Guanajuato,6.3,15.6,24.9,0.3
1989-02-01,12,Guerrero,16.8,24.4,32.0,0.2
1989-02-01,13,Hidalgo,5.2,13.8,22.4,30.7
1989-02-01,14,Jalisco,8.1,17.6,27.1,0.0
1989-02-01,15,Estado de México,4.0,12.8,21.6,1.6
1989-02-01,16,Michoacán,9.1,18.1,27.1,0.4
1989-02-01,17,Morelos,11.1,20.1,29.2,0.8
1989-02-01,18,Nayarit,13.3,21.8,30.4,1.3
1989-02-01,19,Nuevo León,7.5,14.7,22.0,11.1
1989-02-01,20,Oaxaca,13.7,21.2,28.8,11.9
1989-02-01,21,Puebla,7.6,15.8,24.1,29.2
1989-02-01,22,Querétaro,6.7,15.2,23.7,10.6
1989-02-01,23,Quintana Roo,17.2,23.7,30.3,7.1
1989-02-01,24,San Luis Potosí,9.2,16.9,24.7,29.4
1989-02-01,25,Sinaloa,10.8,19.6,28.4,15.4
1989-02-01,26,Sonora,6.0,15.0,24.0,20.7
1989-02-01,27,Tabasco,19.2,24.7,30.3,59.5
1989-02-01,28,Tamaulipas,11.7,18.7,25.8,11.4
1989-02-01,29,Tlaxcala,2.4,11.9,21.4,2.9
1989-02-01,30,Veracruz,13.6,19.8,26.0,25.3
1989-02-01,31,Yucatán,16.9,24.2,31.5,7.5
1989-02-01,32,Zacatecas,4.8,13.8,22.8,2.2
1989-03-01,0,Nacional,10.5,19.2,27.9,9.7
1989-03-01,1,Aguascalientes,5.9,15.9,25.9,0.0
1989-03-01,2,Baja California,7.8,15.8,23.9,22.9
1989-03-01,3,Baja California Sur,10.1,18.7,27.3,0.5
1989-03-01,4,Campeche,17.3,25.1,33.0,17.3
1989-03-01,5,Coahuila,8.8,17.1,25.3,2.6
1989-03-01,6,Colima,14.1,23.3,32.5,0.0
1989-03-01,7,Chiapas,15.6,22.9,30.2,43.5
1989-03-01,8,Chihuahua,4.4,14.4,24.4,11.9
1989-03-01,9,Ciudad de México,6.3,14.7,23.1,1.9
1989-03-01,10,Durango,5.1,15.2,25.3,1.8
1989-03-01,11,Guanajuato,6.7,16.6,26.6,0.2
1989-03-01,12,Guerrero,17.2,25.0,32.8,1.5
1989-03-01,13,Hidalgo,6.3,15.4,24.6,22.0
1989-03-01,14,Jalisco,8.4,19.0,29.6,0.0
1989-03-01,15,Estado de México,4.9,14.0,23.2,1.7
1989-03-01,16,Michoacán,9.6,19.3,29.0,0.0
1989-03-01,17,Morelos,12.3,21.5,30.8,1.0
1989-03-01,18,Nayarit,13.4,22.6,31.8,0.3
1989-03-01,19,Nuevo León,9.7,17.6,25.5,2.3
1989-03-01,20,Oaxaca,14.0,21.9,29.7,11.6
1989-03-01,21,Puebla,8.7,17.0,25.4,27.2
1989-03-01,22,Querétaro,7.3,16.8,26.3,1.2
1989-03-01,23,Quintana Roo,17.8,24.4,31.0,21.2
1989-03-01,24,San Luis Potosí,10.6,19.3,28.0,2.3
1989-03-01,25,Sinaloa,12.0,21.5,31.1,2.7
1989-03-01,26,Sonora,8.4,18.3,28.2,6.9
1989-03-01,27,Tabasco,19.5,25.5,31.5,60.0
1989-03-01,28,Tamaulipas,13.8,21.5,29.3,0.8
1989-03-01,29,Tlaxcala,3.1,12.9,22.7,5.0
1989-03-01,30,Veracruz,14.6,21.0,27.5,26.1
1989-03-01,31,Yucatán,17.4,24.8,32.2,23.1
1989-03-01,32,Zacatecas,5.9,15.9,25.9,0.6
1989-04-01,0,Nacional,13.1,21.6,30.2,14.0
1989-04-01,1,Aguascalientes,8.9,18.5,28.1,2.6
1989-04-01,2,Baja California,10.5,18.6,26.8,2.7
1989-04-01,3,Baja California Sur,12.4,21.2,30.0,0.0
1989-04-01,4,Campeche,19.4,27.2,35.0,1.3
1989-04-01,5,Coahuila,12.4,20.6,28.8,10.7
1989-04-01,6,Colima,15.4,24.5,33.7,0.8
1989-04-01,7,Chiapas,17.9,24.9,31.9,41.9
1989-04-01,8,Chihuahua,8.3,18.4,28.6,5.9
1989-04-01,9,Ciudad de México,7.7,15.9,24.2,17.2
1989-04-01,10,Durango,8.2,18.2,28.3,1.6
1989-04-01,11,Guanajuato,10.1,19.4,28.6,6.1
1989-04-01,12,Guerrero,18.8,26.5,34.2,4.1
1989-04-01,13,Hidalgo,8.6,17.3,26.0,42.0
1989-04-01,14,Jalisco,11.2,21.5,31.9,2.7
1989-04-01,15,Estado de México,6.9,15.7,24.5,10.0
1989-04-01,16,Michoacán,11.9,21.4,30.9,3.2
1989-04-01,17,Morelos,14.4,23.2,32.1,12.2
1989-04-01,18,Nayarit,15.3,24.7,34.2,1.0
1989-04-01,19,Nuevo León,13.5,20.9,28.4,25.7
1989-04-01,20,Oaxaca,16.2,23.7,31.3,25.4
1989-04-01,21,Puebla,11.0,19.0,27.0,36.5
1989-04-01,22,Querétaro,9.7,19.0,28.4,12.9
1989-04-01,23,Quintana Roo,19.4,26.1,32.7,24.4
1989-04-01,24,San Luis Potosí,14.0,22.2,30.5,43.1
1989-04-01,25,Sinaloa,14.6,24.7,34.8,1.0
1989-04-01,26,Sonora,11.7,22.2,32.8,1.9
1989-04-01,27,Tabasco,22.1,28.3,34.6,45.4
1989-04-01,28,Tamaulipas,17.8,24.7,31.7,37.5
1989-04-01,29,Tlaxcala,5.5,14.4,23.3,19.3
1989-04-01,30,Veracruz,17.4,23.8,30.3,39.8
1989-04-01,31,Yucatán,19.0,26.4,33.9,41.2
1989-04-01,32,Zacatecas,8.7,18.5,28.4,4.5
1989-05-01,0,Nacional,15.3,23.5,31.7,26.1
1989-05-01,1,Aguascalientes,11.8,21.1,30.5,24.7
1989-05-01,2,Baja California,11.0,19.6,28.1,1.1
1989-05-01,3,Baja California Sur,14.0,22.8,31.6,0.1
1989-05-01,4,Campeche,20.9,28.4,36.0,10.2
1989-05-01,5,Coahuila,15.9,24.2,32.6,29.8
1989-05-01,6,Colima,17.7,25.9,34.2,7.5
1989-05-01,7,Chiapas,19.2,25.6,32.0,120.2
1989-05-01,8,Chihuahua,11.6,21.6,31.7,8.1
1989-05-01,9,Ciudad de México,9.8,17.9,26.0,80.1
1989-05-01,10,Durango,11.5,21.3,31.1,9.7
1989-05-01,11,Guanajuato,12.7,21.8,30.9,48.8
1989-05-01,12,Guerrero,20.2,27.1,34.1,19.5
1989-05-01,13,Hidalgo,10.5,19.0,27.6,46.5
1989-05-01,14,Jalisco,14.0,23.6,33.2,26.9
1989-05-01,15,Estado de México,8.8,16.8,24.8,56.1
1989-05-01,16,Michoacán,14.2,22.8,31.5,9.9
1989-05-01,17,Morelos,16.2,24.0,31.8,23.2
1989-05-01,18,Nayarit,18.2,26.5,34.9,2.7
1989-05-01,19,Nuevo León,17.0,24.6,32.2,12.4
1989-05-01,20,Oaxaca,17.4,24.3,31.2,109.2
1989-05-01,21,Puebla,12.4,20.0,27.7,35.7
1989-05-01,22,Querétaro,12.0,20.8,29.6,31.5
1989-05-01,23,Quintana Roo,21.3,27.5,33.7,56.8
1989-05-01,24,San Luis Potosí,16.6,24.7,32.7,21.9
1989-05-01,25,Sinaloa,17.8,26.9,36.0,7.7
1989-05-01,26,Sonora,14.4,24.8,35.1,2.6
1989-05-01,27,Tabasco,23.2,29.5,35.8,109.2
1989-05-01,28,Tamaulipas,20.9,27.8,34.8,3.1
1989-05-01,29,Tlaxcala,7.4,15.9,24.4,53.8
1989-05-01,30,Veracruz,19.5,26.0,32.4,47.0
1989-05-01,31,Yucatán,20.9,28.2,35.5,46.2
1989-05-01,32,Zacatecas,11.5,21.2,30.9,18.6
1989-06-01,0,Nacional,16.8,24.1,31.4,85.7
1989-06-01,1,Aguascalientes,13.1,21.2,29.3,10.6
1989-06-01,2,Baja California,14.8,23.4,32.1,0.0
1989-06-01,3,Baja California Sur,17.2,25.4,33.6,0.0
1989-06-01,4,Campeche,21.0,28.3,35.6,177.8
1989-06-01,5,Coahuila,17.6,25.6,33.6,57.3
1989-06-01,6,Colima,19.1,26.1,33.2,34.3
1989-06-01,7,Chiapas,19.2,24.8,30.5,242.4
1989-06-01,8,Chihuahua,15.8,25.0,34.3,17.4
1989-06-01,9,Ciudad de México,10.5,17.7,25.0,84.9
1989-06-01,10,Durango,14.1,22.9,31.7,4.1
1989-06-01,11,Guanajuato,13.7,21.8,29.8,19.4
1989-06-01,12,Guerrero,20.1,26.1,32.1,238.8
1989-06-01,13,Hidalgo,11.2,18.5,25.8,125.0
1989-06-01,14,Jalisco,16.1,23.8,31.5,28.8
1989-06-01,15,Estado de México,9.7,16.4,23.2,111.4
1989-06-01,16,Michoacán,15.2,22.3,29.4,106.3
1989-06-01,17,Morelos,16.5,22.9,29.4,148.5
1989-06-01,18,Nayarit,21.2,27.8,34.4,42.1
1989-06-01,19,Nuevo León,18.4,25.8,33.2,36.8
1989-06-01,20,Oaxaca,17.3,23.3,29.3,305.7
1989-06-01,21,Puebla,12.8,19.6,26.3,200.7
1989-06-01,22,Querétaro,12.6,20.3,28.0,77.6
1989-06-01,23,Quintana Roo,22.1,27.8,33.4,204.5
1989-06-01,24,San Luis Potosí,17.5,24.9,32.4,112.9
1989-06-01,25,Sinaloa,22.8,29.9,36.9,40.7
1989-06-01,26,Sonora,20.1,29.5,39.0,4.7
1989-06-01,27,Tabasco,23.2,29.0,34.8,199.9
1989-06-01,28,Tamaulipas,21.9,28.9,35.9,88.1
1989-06-01,29,Tlaxcala,8.2,15.4,22.6,136.1
1989-06-01,30,Veracruz,19.5,25.4,31.4,195.4
1989-06-01,31,Yucatán,21.4,28.4,35.3,215.6
1989-06-01,32,Zacatecas,13.5,21.9,30.3,40.0
1989-07-01,0,Nacional,16.7,23.2,29.7,110.0
1989-07-01,1,Aguascalientes,12.6,19.4,26.3,44.6
1989-07-01,2,Baja California,17.9,26.1,34.3,0.7
1989-07-01,3,Baja California Sur,20.7,27.7,34.7,23.2
1989-07-01,4,Campeche,20.3,27.6,34.9,188.6
1989-07-01,5,Coahuila,17.2,24.4,31.6,15.3
1989-07-01,6,Colima,19.3,25.7,32.2,85.4
1989-07-01,7,Chiapas,18.6,24.3,30.0,161.2
1989-07-01,8,Chihuahua,16.3,23.3,30.3,77.3
1989-07-01,9,Ciudad de México,9.8,16.5,23.2,97.9
1989-07-01,10,Durango,14.1,21.0,27.9,76.3
1989-07-01,11,Guanajuato,12.8,20.1,27.4,51.4
1989-07-01,12,Guerrero,19.4,25.1,30.9,198.4
1989-07-01,13,Hidalgo,11.3,17.7,24.1,107.5
1989-07-01,14,Jalisco,15.5,22.0,28.5,103.2
1989-07-01,15,Estado de México,9.5,15.5,21.4,124.9
1989-07-01,16,Michoacán,14.8,21.0,27.2,133.5
1989-07-01,17,Morelos,15.4,21.5,27.7,111.8
1989-07-01,18,Nayarit,21.2,26.7,32.2,183.8
1989-07-01,19,Nuevo León,17.7,24.6,31.6,60.8
1989-07-01,20,Oaxaca,16.8,22.8,28.8,243.8
1989-07-01,21,Puebla,12.1,18.6,25.0,141.1
1989-07-01,22,Querétaro,12.1,18.9,25.6,74.6
1989-07-01,23,Quintana Roo,21.6,27.5,33.4,133.0
1989-07-01,24,San Luis Potosí,16.9,23.5,30.2,91.1
1989-07-01,25,Sinaloa,23.3,28.9,34.5,153.2
1989-07-01,26,Sonora,22.1,29.3,36.6,102.8
1989-07-01,27,Tabasco,23.0,28.6,34.3,97.4
1989-07-01,28,Tamaulipas,21.1,27.5,33.9,176.0
1989-07-01,29,Tlaxcala,7.4,14.4,21.5,86.6
1989-07-01,30,Veracruz,18.8,24.3,29.8,244.5
1989-07-01,31,Yucatán,20.9,27.8,34.8,182.4
1989-07-01,32,Zacatecas,13.1,19.9,26.8,101.5
1989-08-01,0,Nacional,16.6,22.9,29.3,158.9
1989-08-01,1,Aguascalientes,12.6,18.7,24.8,232.7
1989-08-01,2,Baja California,16.8,24.7,32.7,0.8
1989-08-01,3,Baja California Sur,21.0,27.8,34.7,79.1
1989-08-01,4,Campeche,20.5,27.3,34.2,230.5
1989-08-01,5,Coahuila,16.9,23.9,30.9,49.0
1989-08-01,6,Colima,19.4,26.0,32.6,363.2
1989-08-01,7,Chiapas,18.6,24.3,30.0,261.4
1989-08-01,8,Chihuahua,15.3,21.9,28.5,117.1
1989-08-01,9,Ciudad de México,9.7,16.5,23.3,174.0
1989-08-01,10,Durango,13.9,20.4,26.9,123.8
1989-08-01,11,Guanajuato,12.7,19.3,26.0,263.0
1989-08-01,12,Guerrero,19.4,25.1,30.9,269.0
1989-08-01,13,Hidalgo,11.3,17.6,23.9,141.5
1989-08-01,14,Jalisco,15.6,21.8,28.0,392.2
1989-08-01,15,Estado de México,9.7,15.6,21.5,213.1
1989-08-01,16,Michoacán,15.0,21.2,27.3,180.1
1989-08-01,17,Morelos,15.4,21.6,27.8,176.3
1989-08-01,18,Nayarit,21.4,26.8,32.3,311.6
1989-08-01,19,Nuevo León,17.7,24.4,31.1,90.6
1989-08-01,20,Oaxaca,17.0,23.0,29.0,263.8
1989-08-01,21,Puebla,12.1,18.6,25.1,195.2
1989-08-01,22,Querétaro,12.3,18.7,25.2,156.9
1989-08-01,23,Quintana Roo,21.5,27.4,33.3,159.2
1989-08-01,24,San Luis Potosí,17.0,23.1,29.3,270.1
1989-08-01,25,Sinaloa,23.1,28.6,34.1,188.7
1989-08-01,26,Sonora,20.8,27.8,34.8,129.5
1989-08-01,27,Tabasco,22.8,28.6,34.5,225.5
1989-08-01,28,Tamaulipas,21.2,27.2,33.3,67.2
1989-08-01,29,Tlaxcala,7.5,14.5,21.5,183.7
1989-08-01,30,Veracruz,19.0,24.5,30.0,202.3
1989-08-01,31,Yucatán,21.1,27.7,34.4,172.3
1989-08-01,32,Zacatecas,12.8,19.2,25.7,114.6
1989-09-01,0,Nacional,15.9,22.2,28.6,124.1
1989-09-01,1,Aguascalientes,11.4,17.9,24.4,39.6
1989-09-01,2,Baja California,15.5,24.1,32.8,8.6
1989-09-01,3,Baja California Sur,20.9,27.9,34.9,32.5
1989-09-01,4,Campeche,20.3,26.8,33.4,331.0
1989-09-01,5,Coahuila,15.0,22.0,29.0,43.7
1989-09-01,6,Colima,19.0,25.4,31.8,137.5
1989-09-01,7,Chiapas,18.8,23.9,29.1,382.0
1989-09-01,8,Chihuahua,13.2,20.4,27.7,54.6
1989-09-01,9,Ciudad de México,9.6,15.7,21.9,87.8
1989-09-01,10,Durango,12.2,19.2,26.1,57.6
1989-09-01,11,Guanajuato,11.5,18.2,25.0,48.5
1989-09-01,12,Guerrero,19.1,24.6,30.1,361.3
1989-09-01,13,Hidalgo,11.1,16.9,22.7,160.6
1989-09-01,14,Jalisco,14.7,21.2,27.7,79.1
1989-09-01,15,Estado de México,9.5,15.2,20.9,136.6
1989-09-01,16,Michoacán,14.3,20.4,26.6,166.1
1989-09-01,17,Morelos,15.6,21.4,27.2,123.6
1989-09-01,18,Nayarit,21.1,26.7,32.3,134.9
1989-09-01,19,Nuevo León,15.9,22.4,29.0,106.9
1989-09-01,20,Oaxaca,16.7,22.3,27.9,234.1
1989-09-01,21,Puebla,12.0,18.2,24.4,144.3
1989-09-01,22,Querétaro,11.6,18.1,24.6,66.1
1989-09-01,23,Quintana Roo,21.4,26.9,32.5,320.9
1989-09-01,24,San Luis Potosí,16.0,22.0,28.1,140.1
1989-09-01,25,Sinaloa,22.3,28.4,34.4,99.2
1989-09-01,26,Sonora,20.0,27.8,35.6,54.8
1989-09-01,27,Tabasco,22.6,27.8,33.0,432.6
1989-09-01,28,Tamaulipas,19.8,25.8,31.8,33.3
1989-09-01,29,Tlaxcala,7.7,14.2,20.8,78.2
1989-09-01,30,Veracruz,18.7,23.7,28.8,218.5
1989-09-01,31,Yucatán,20.6,26.9,33.2,348.2
1989-09-01,32,Zacatecas,11.6,18.5,25.5,45.4
1989-10-01,0,Nacional,13.7,20.8,28.0,52.4
1989-10-01,1,Aguascalientes,8.9,16.9,24.9,9.1
1989-10-01,2,Baja California,11.9,20.5,29.1,12.1
1989-10-01,3,Baja California Sur,17.3,25.1,32.9,11.3
1989-10-01,4,Campeche,19.0,25.8,32.6,113.0
1989-10-01,5,Coahuila,11.2,19.1,27.0,26.4
1989-10-01,6,Colima,19.2,25.8,32.5,33.3
1989-10-01,7,Chiapas,18.0,23.4,28.9,219.4
1989-10-01,8,Chihuahua,8.2,17.0,25.8,26.0
1989-10-01,9,Ciudad de México,8.2,15.4,22.6,29.0
1989-10-01,10,Durango,8.9,17.0,25.1,29.1
1989-10-01,11,Guanajuato,8.2,17.2,26.2,11.2
1989-10-01,12,Guerrero,18.6,24.6,30.6,126.4
1989-10-01,13,Hidalgo,8.5,15.6,22.7,52.7
1989-10-01,14,Jalisco,13.0,20.6,28.2,20.0
1989-10-01,15,Estado de México,7.6,14.5,21.4,58.3
1989-10-01,16,Michoacán,12.5,19.7,27.0,33.9
1989-10-01,17,Morelos,14.2,20.9,27.6,47.4
1989-10-01,18,Nayarit,20.5,26.5,32.5,58.7
1989-10-01,19,Nuevo León,12.1,19.4,26.8,29.2
1989-10-01,20,Oaxaca,15.5,21.9,28.3,59.0
1989-10-01,21,Puebla,10.1,17.1,24.2,76.2
1989-10-01,22,Querétaro,9.3,16.9,24.6,19.4
1989-10-01,23,Quintana Roo,20.1,25.8,31.5,115.4
1989-10-01,24,San Luis Potosí,13.1,20.2,27.3,36.3
1989-10-01,25,Sinaloa,19.9,27.0,34.2,43.5
1989-10-01,26,Sonora,14.7,24.1,33.4,34.0
1989-10-01,27,Tabasco,21.8,26.9,31.9,343.1
1989-10-01,28,Tamaulipas,16.3,23.1,30.0,29.9
1989-10-01,29,Tlaxcala,5.3,13.4,21.4,42.7
1989-10-01,30,Veracruz,17.0,22.5,28.0,76.1
1989-10-01,31,Yucatán,19.3,25.7,32.1,126.2
1989-10-01,32,Zacatecas,9.1,17.3,25.6,22.6
1989-11-01,0,Nacional,11.6,19.2,26.9,34.6
1989-11-01,1,Aguascalientes,6.0,15.2,24.4,27.5
1989-11-01,2,Baja California,8.4,16.9,25.4,1.6
1989-11-01,3,Baja California Sur,13.4,21.0,28.6,7.9
1989-11-01,4,Campeche,18.5,25.2,31.8,26.3
1989-11-01,5,Coahuila,8.7,16.4,24.1,53.4
1989-11-01,6,Colima,17.8,25.2,32.6,42.5
1989-11-01,7,Chiapas,17.3,22.9,28.5,123.6
1989-11-01,8,Chihuahua,3.9,12.9,22.0,9.2
1989-11-01,9,Ciudad de México,7.0,14.9,22.8,3.5
1989-11-01,10,Durango,4.8,14.0,23.1,46.0
1989-11-01,11,Guanajuato,8.0,17.0,25.9,23.1
1989-11-01,12,Guerrero,17.6,24.4,31.2,19.2
1989-11-01,13,Hidalgo,7.3,15.1,23.0,41.2
1989-11-01,14,Jalisco,9.7,18.8,27.8,32.9
1989-11-01,15,Estado de México,5.8,13.9,21.9,23.6
1989-11-01,16,Michoacán,10.6,19.0,27.5,10.2
1989-11-01,17,Morelos,12.4,20.3,28.3,6.6
1989-11-01,18,Nayarit,16.7,24.3,32.0,35.6
1989-11-01,19,Nuevo León,9.6,16.8,23.9,17.3
1989-11-01,20,Oaxaca,14.6,21.5,28.4,50.3
1989-11-01,21,Puebla,8.9,16.5,24.1,70.7
1989-11-01,22,Querétaro,8.2,16.4,24.6,10.2
1989-11-01,23,Quintana Roo,19.6,24.9,30.2,61.2
1989-11-01,24,San Luis Potosí,11.6,18.7,25.8,32.9
1989-11-01,25,Sinaloa,15.7,23.4,31.0,27.0
1989-11-01,26,Sonora,9.5,18.8,28.1,11.7
1989-11-01,27,Tabasco,21.0,26.0,31.0,193.5
1989-11-01,28,Tamaulipas,14.8,21.3,27.9,22.6
1989-11-01,29,Tlaxcala,4.1,12.9,21.7,15.4
1989-11-01,30,Veracruz,15.9,21.5,27.0,74.7
1989-11-01,31,Yucatán,18.8,25.0,31.2,55.6
1989-11-01,32,Zacatecas,5.7,15.1,24.6,35.2
1989-12-01,0,Nacional,8.8,16.5,24.2,41.1
1989-12-01,1,Aguascalientes,3.6,12.5,21.4,12.7
1989-12-01,2,Baja California,5.5,13.3,21.0,9.9
1989-12-01,3,Baja California Sur,10.2,17.5,24.8,20.7
1989-12-01,4,Campeche,16.2,23.1,30.1,40.4
1989-12-01,5,Coahuila,4.5,11.8,19.2,22.3
1989-12-01,6,Colima,15.5,23.4,31.4,19.5
1989-12-01,7,Chiapas,15.4,21.6,27.8,120.5
1989-12-01,8,Chihuahua,0.2,8.8,17.5,22.6
1989-12-01,9,Ciudad de México,4.9,12.8,20.6,15.3
1989-12-01,10,Durango,2.6,11.2,19.8,24.2
1989-12-01,11,Guanajuato,5.3,13.8,22.3,11.9
1989-12-01,12,Guerrero,16.1,23.3,30.5,4.7
1989-12-01,13,Hidalgo,4.6,13.1,21.6,20.3
1989-12-01,14,Jalisco,7.4,16.4,25.5,18.9
1989-12-01,15,Estado de México,3.6,12.1,20.6,12.6
1989-12-01,16,Michoacán,8.3,17.0,25.8,18.0
1989-12-01,17,Morelos,10.4,18.9,27.5,3.8
1989-12-01,18,Nayarit,14.3,21.8,29.2,15.9
1989-12-01,19,Nuevo León,4.2,11.6,19.1,54.3
1989-12-01,20,Oaxaca,12.8,20.2,27.6,67.8
1989-12-01,21,Puebla,6.8,14.9,23.0,41.6
1989-12-01,22,Querétaro,5.4,14.1,22.8,12.5
1989-12-01,23,Quintana Roo,17.3,22.8,28.3,113.9
1989-12-01,24,San Luis Potosí,7.0,14.5,22.0,45.0
1989-12-01,25,Sinaloa,12.4,19.8,27.2,29.2
1989-12-01,26,Sonora,6.0,14.5,23.1,32.1
1989-12-01,27,Tabasco,18.9,23.5,28.2,247.9
1989-12-01,28,Tamaulipas,8.3,15.2,22.2,70.7
1989-12-01,29,Tlaxcala,1.8,11.1,20.5,14.7
1989-12-01,30,Veracruz,12.4,18.1,23.8,98.9
1989-12-01,31,Yucatán,16.6,23.1,29.6,91.7
1989-12-01,32,Zacatecas,3.5,12.4,21.3,23.4
1990-01-01,0,Nacional,9.2,17.1,25.0,23.8
1990-01-01,1,Aguascalientes,4.0,12.8,21.7,15.5
1990-01-01,2,Baja California,5.5,12.9,20.2,36.4
1990-01-01,3,Baja California Sur,8.6,16.3,24.0,16.0
1990-01-01,4,Campeche,17.3,24.3,31.4,20.0
1990-01-01,5,Coahuila,5.5,13.1,20.7,8.7
1990-01-01,6,Colima,14.5,22.9,31.4,20.2
1990-01-01,7,Chiapas,15.6,22.3,29.1,84.8
1990-01-01,8,Chihuahua,-0.2,8.9,18.0,12.8
1990-01-01,9,Ciudad de México,5.1,13.5,22.0,0.7
1990-01-01,10,Durango,2.6,11.7,20.8,25.6
1990-01-01,11,Guanajuato,5.8,14.8,23.7,14.4
1990-01-01,12,Guerrero,15.8,23.6,31.4,6.1
1990-01-01,13,Hidalgo,5.4,13.8,22.2,21.8
1990-01-01,14,Jalisco,7.2,16.7,26.3,14.7
1990-01-01,15,Estado de México,3.4,12.2,21.0,6.5
1990-01-01,16,Michoacán,8.3,17.5,26.7,4.6
1990-01-01,17,Morelos,10.5,19.4,28.4,5.7
1990-01-01,18,Nayarit,13.6,21.6,29.7,24.4
1990-01-01,19,Nuevo León,6.5,13.5,20.5,12.7
1990-01-01,20,Oaxaca,13.1,20.6,28.0,14.5
1990-01-01,21,Puebla,7.2,15.2,23.2,23.7
1990-01-01,22,Querétaro,6.5,15.0,23.4,8.3
1990-01-01,23,Quintana Roo,18.2,23.8,29.5,72.9
1990-01-01,24,San Luis Potosí,9.3,16.3,23.4,18.2
1990-01-01,25,Sinaloa,10.9,19.0,27.0,41.2
1990-01-01,26,Sonora,5.1,13.7,22.2,22.7
1990-01-01,27,Tabasco,19.9,25.1,30.3,174.6
1990-01-01,28,Tamaulipas,11.4,17.9,24.4,12.6
1990-01-01,29,Tlaxcala,2.3,11.6,20.9,2.2
1990-01-01,30,Veracruz,14.1,19.5,24.9,27.6
1990-01-01,31,Yucatán,17.7,24.5,31.2,46.8
1990-01-01,32,Zacatecas,3.8,12.7,21.7,19.4
1990-02-01,0,Nacional,9.7,17.8,25.9,25.8
1990-02-01,1,Aguascalientes,4.8,13.7,22.6,13.0
1990-02-01,2,Baja California,6.2,14.1,22.1,22.9
1990-02-01,3,Baja California Sur,8.4,16.7,25.1,3.8
1990-02-01,4,Campeche,16.7,24.4,32.1,2.9
1990-02-01,5,Coahuila,6.9,14.6,22.2,23.4
1990-02-01,6,Colima,14.8,23.6,32.5,12.4
1990-02-01,7,Chiapas,15.5,22.5,29.5,80.4
1990-02-01,8,Chihuahua,1.4,10.4,19.4,8.3
1990-02-01,9,Ciudad de México,6.2,14.5,22.8,5.9
1990-02-01,10,Durango,3.2,12.3,21.4,23.6
1990-02-01,11,Guanajuato,6.6,15.5,24.4,14.2
1990-02-01,12,Guerrero,16.9,24.5,32.2,2.8
1990-02-01,13,Hidalgo,5.6,14.0,22.4,37.7
1990-02-01,14,Jalisco,8.3,17.7,27.2,17.7
1990-02-01,15,Estado de México,4.3,12.9,21.6,9.8
1990-02-01,16,Michoacán,9.3,18.3,27.4,5.0
1990-02-01,17,Morelos,11.9,20.7,29.6,2.5
1990-02-01,18,Nayarit,13.8,21.9,30.1,28.9
1990-02-01,19,Nuevo León,7.9,15.2,22.5,48.2
1990-02-01,20,Oaxaca,13.5,20.9,28.4,47.6
1990-02-01,21,Puebla,8.2,16.3,24.4,41.6
1990-02-01,22,Querétaro,7.0,15.6,24.1,10.6
1990-02-01,23,Quintana Roo,17.2,23.8,30.4,15.9
1990-02-01,24,San Luis Potosí,9.4,17.0,24.6,31.2
1990-02-01,25,Sinaloa,11.1,19.7,28.4,32.1
1990-02-01,26,Sonora,6.4,15.3,24.2,15.2
1990-02-01,27,Tabasco,19.3,24.6,29.8,166.5
1990-02-01,28,Tamaulipas,12.3,19.4,26.6,39.5
1990-02-01,29,Tlaxcala,3.4,12.6,21.8,9.8
1990-02-01,30,Veracruz,14.0,20.0,25.9,62.3
1990-02-01,31,Yucatán,17.0,24.3,31.6,31.5
1990-02-01,32,Zacatecas,4.6,13.3,22.1,17.7
1990-03-01,0,Nacional,11.2,19.9,28.7,18.7
1990-03-01,1,Aguascalientes,6.4,16.7,27.0,8.0
1990-03-01,2,Baja California,7.0,14.3,21.6,17.6
1990-03-01,3,Baja California Sur,9.9,18.3,26.6,1.1
1990-03-01,4,Campeche,17.7,25.8,34.0,27.5
1990-03-01,5,Coahuila,9.8,18.0,26.3,4.2
1990-03-01,6,Colima,14.8,24.1,33.4,9.1
1990-03-01,7,Chiapas,16.7,24.1,31.5,88.6
1990-03-01,8,Chihuahua,4.5,13.8,23.2,4.1
1990-03-01,9,Ciudad de México,7.5,16.6,25.8,9.1
1990-03-01,10,Durango,6.2,16.2,26.2,2.9
1990-03-01,11,Guanajuato,8.3,17.7,27.0,22.0
1990-03-01,12,Guerrero,17.7,25.6,33.5,3.5
1990-03-01,13,Hidalgo,7.4,16.8,26.1,35.0
1990-03-01,14,Jalisco,9.0,19.8,30.6,17.6
1990-03-01,15,Estado de México,5.5,14.9,24.4,12.9
1990-03-01,16,Michoacán,10.1,20.2,30.4,5.2
1990-03-01,17,Morelos,13.1,22.5,31.9,4.7
1990-03-01,18,Nayarit,14.0,23.3,32.6,9.0
1990-03-01,19,Nuevo León,10.8,18.7,26.6,13.3
1990-03-01,20,Oaxaca,14.5,22.4,30.4,38.1
1990-03-01,21,Puebla,9.5,18.2,26.8,40.0
1990-03-01,22,Querétaro,8.8,18.3,27.9,25.8
1990-03-01,23,Quintana Roo,18.3,24.9,31.6,48.0
1990-03-01,24,San Luis Potosí,11.6,20.4,29.1,24.9
1990-03-01,25,Sinaloa,11.7,21.2,30.7,6.7
1990-03-01,26,Sonora,7.6,16.9,26.3,6.8
1990-03-01,27,Tabasco,20.2,26.7,33.2,118.0
1990-03-01,28,Tamaulipas,15.2,22.9,30.7,12.3
1990-03-01,29,Tlaxcala,4.3,14.4,24.6,11.2
1990-03-01,30,Veracruz,15.7,22.4,29.0,54.8
1990-03-01,31,Yucatán,18.0,25.5,33.1,44.4
1990-03-01,32,Zacatecas,6.2,16.5,26.7,9.7
1990-04-01,0,Nacional,13.5,22.1,30.8,14.9
1990-04-01,1,Aguascalientes,9.0,19.1,29.2,3.1
1990-04-01,2,Baja California,9.3,17.2,25.1,6.2
1990-04-01,3,Baja California Sur,11.9,20.7,29.5,0.0
1990-04-01,4,Campeche,20.0,28.0,36.0,29.9
1990-04-01,5,Coahuila,12.8,20.9,29.0,2.2
1990-04-01,6,Colima,16.1,25.0,34.0,2.7
1990-04-01,7,Chiapas,18.5,25.7,32.8,18.2
1990-04-01,8,Chihuahua,7.7,17.7,27.7,0.9
1990-04-01,9,Ciudad de México,9.0,17.5,26.1,24.9
1990-04-01,10,Durango,8.6,18.6,28.7,1.2
1990-04-01,11,Guanajuato,11.0,20.1,29.3,6.5
1990-04-01,12,Guerrero,19.2,26.9,34.5,9.2
1990-04-01,13,Hidalgo,9.9,18.7,27.5,48.9
1990-04-01,14,Jalisco,11.3,21.9,32.5,4.6
1990-04-01,15,Estado de México,7.5,16.4,25.4,27.3
1990-04-01,16,Michoacán,12.4,22.1,31.9,20.7
1990-04-01,17,Morelos,15.3,24.2,33.0,20.8
1990-04-01,18,Nayarit,15.3,24.7,34.2,1.5
1990-04-01,19,Nuevo León,14.4,21.7,29.1,5.8
1990-04-01,20,Oaxaca,16.2,23.8,31.5,36.4
1990-04-01,21,Puebla,11.7,19.8,27.9,73.6
1990-04-01,22,Querétaro,11.2,20.5,29.7,16.5
1990-04-01,23,Quintana Roo,20.0,26.4,32.9,66.8
1990-04-01,24,San Luis Potosí,14.7,23.0,31.3,38.2
1990-04-01,25,Sinaloa,14.0,24.2,34.4,4.3
1990-04-01,26,Sonora,10.1,20.6,31.1,0.4
1990-04-01,27,Tabasco,22.7,29.5,36.3,20.8
1990-04-01,28,Tamaulipas,18.9,25.8,32.7,4.8
1990-04-01,29,Tlaxcala,6.8,15.9,25.1,46.3
1990-04-01,30,Veracruz,18.7,25.1,31.5,66.3
1990-04-01,31,Yucatán,19.8,27.4,35.0,63.2
1990-04-01,32,Zacatecas,8.7,18.8,28.8,1.9
1990-05-01,0,Nacional,15.5,23.6,31.8,44.7
1990-05-01,1,Aguascalientes,11.8,21.3,30.9,21.4
1990-05-01,2,Baja California,10.3,18.9,27.5,0.0
1990-05-01,3,Baja California Sur,13.1,21.9,30.7,0.2
1990-05-01,4,Campeche,20.6,28.5,36.5,50.1
1990-05-01,5,Coahuila,16.1,24.1,32.2,37.1
1990-05-01,6,Colima,18.4,26.2,34.0,11.0
1990-05-01,7,Chiapas,19.3,25.9,32.4,157.2
1990-05-01,8,Chihuahua,11.6,21.5,31.4,10.4
1990-05-01,9,Ciudad de México,10.3,18.2,26.2,63.2
1990-05-01,10,Durango,11.9,21.8,31.8,12.0
1990-05-01,11,Guanajuato,13.3,21.8,30.3,45.2
1990-05-01,12,Guerrero,20.5,27.4,34.3,67.9
1990-05-01,13,Hidalgo,11.1,19.5,27.9,71.3
1990-05-01,14,Jalisco,14.0,23.7,33.5,31.8
1990-05-01,15,Estado de México,8.9,16.9,24.9,88.5
1990-05-01,16,Michoacán,14.4,23.1,31.9,44.1
1990-05-01,17,Morelos,16.7,24.3,31.8,81.3
1990-05-01,18,Nayarit,18.3,26.5,34.8,8.9
1990-05-01,19,Nuevo León,16.9,24.3,31.7,76.2
1990-05-01,20,Oaxaca,17.1,24.1,31.0,106.4
1990-05-01,21,Puebla,12.7,20.2,27.8,101.2
1990-05-01,22,Querétaro,12.7,21.2,29.8,46.4
1990-05-01,23,Quintana Roo,21.7,27.8,33.9,92.3
1990-05-01,24,San Luis Potosí,17.1,25.0,32.9,71.8
1990-05-01,25,Sinaloa,17.5,26.6,35.8,11.2
1990-05-01,26,Sonora,13.3,23.8,34.4,2.0
1990-05-01,27,Tabasco,23.6,30.2,36.8,156.2
1990-05-01,28,Tamaulipas,21.0,27.8,34.6,88.0
1990-05-01,29,Tlaxcala,8.1,16.4,24.8,78.5
1990-05-01,30,Veracruz,20.2,26.6,33.0,85.8
1990-05-01,31,Yucatán,21.2,28.4,35.7,69.3
1990-05-01,32,Zacatecas,11.7,21.5,31.2,23.6
1990-06-01,0,Nacional,16.8,24.0,31.2,80.4
1990-06-01,1,Aguascalientes,13.0,21.0,28.9,53.1
1990-06-01,2,Baja California,13.8,22.3,30.8,1.5
1990-06-01,3,Baja California Sur,16.7,25.1,33.5,3.3
1990-06-01,4,Campeche,20.9,28.1,35.3,149.6
1990-06-01,5,Coahuila,18.1,25.8,33.5,22.1
1990-06-01,6,Colima,19.3,26.3,33.4,88.6
1990-06-01,7,Chiapas,19.4,25.2,31.1,205.3
1990-06-01,8,Chihuahua,15.4,24.5,33.6,32.7
1990-06-01,9,Ciudad de México,10.7,17.5,24.3,140.3
1990-06-01,10,Durango,14.3,23.0,31.8,34.0
1990-06-01,11,Guanajuato,13.6,21.3,28.9,71.9
1990-06-01,12,Guerrero,19.9,26.1,32.3,182.6
1990-06-01,13,Hidalgo,11.6,18.5,25.4,94.8
1990-06-01,14,Jalisco,15.9,23.7,31.4,111.5
1990-06-01,15,Estado de México,9.4,16.1,22.9,154.4
1990-06-01,16,Michoacán,15.2,22.2,29.2,153.9
1990-06-01,17,Morelos,16.9,23.3,29.8,148.8
1990-06-01,18,Nayarit,21.5,28.1,34.8,84.8
1990-06-01,19,Nuevo León,18.3,25.5,32.8,42.6
1990-06-01,20,Oaxaca,16.9,23.0,29.2,183.2
1990-06-01,21,Puebla,12.8,19.4,26.0,146.9
1990-06-01,22,Querétaro,12.9,20.3,27.7,64.8
1990-06-01,23,Quintana Roo,22.1,27.7,33.3,115.1
1990-06-01,24,San Luis Potosí,17.5,24.7,31.8,94.1
1990-06-01,25,Sinaloa,22.8,30.1,37.3,35.1
1990-06-01,26,Sonora,18.9,28.7,38.5,57.8
1990-06-01,27,Tabasco,23.5,29.3,35.2,207.4
1990-06-01,28,Tamaulipas,21.9,28.6,35.2,75.5
1990-06-01,29,Tlaxcala,8.7,15.7,22.7,96.2
1990-06-01,30,Veracruz,20.0,25.6,31.2,142.7
1990-06-01,31,Yucatán,21.2,28.0,34.9,90.2
1990-06-01,32,Zacatecas,13.5,21.6,29.7,50.0
1990-07-01,0,Nacional,16.7,22.8,29.0,201.7
1990-07-01,1,Aguascalientes,12.9,18.4,24.0,190.4
1990-07-01,2,Baja California,17.1,25.0,33.0,3.1
1990-07-01,3,Baja California Sur,19.8,26.9,34.1,38.9
1990-07-01,4,Campeche,20.4,27.6,34.9,253.9
1990-07-01,5,Coahuila,17.5,24.0,30.6,68.0
1990-07-01,6,Colima,19.4,26.0,32.6,266.1
1990-07-01,7,Chiapas,18.6,24.5,30.3,175.3
1990-07-01,8,Chihuahua,16.0,22.3,28.5,232.0
1990-07-01,9,Ciudad de México,10.5,16.5,22.5,218.5
1990-07-01,10,Durango,14.1,20.3,26.5,232.9
1990-07-01,11,Guanajuato,13.0,19.3,25.6,220.7
1990-07-01,12,Guerrero,19.4,25.1,30.9,210.9
1990-07-01,13,Hidalgo,11.6,17.4,23.3,170.9
1990-07-01,14,Jalisco,15.5,21.6,27.7,378.9
1990-07-01,15,Estado de México,9.4,15.1,20.9,273.6
1990-07-01,16,Michoacán,14.9,20.7,26.5,188.4
1990-07-01,17,Morelos,15.8,21.7,27.7,193.8
1990-07-01,18,Nayarit,21.4,26.6,31.9,505.7
1990-07-01,19,Nuevo León,17.8,24.3,30.8,121.9
1990-07-01,20,Oaxaca,16.3,22.2,28.2,196.9
1990-07-01,21,Puebla,12.1,18.4,24.7,188.3
1990-07-01,22,Querétaro,12.5,18.5,24.6,144.6
1990-07-01,23,Quintana Roo,21.6,27.4,33.2,151.9
1990-07-01,24,San Luis Potosí,16.8,22.5,28.2,178.5
1990-07-01,25,Sinaloa,23.1,28.5,34.0,350.0
1990-07-01,26,Sonora,21.5,28.6,35.8,249.1
1990-07-01,27,Tabasco,23.2,28.8,34.5,134.3
1990-07-01,28,Tamaulipas,21.0,26.5,32.1,250.2
1990-07-01,29,Tlaxcala,8.0,14.7,21.3,151.0
1990-07-01,30,Veracruz,19.1,24.4,29.6,211.0
1990-07-01,31,Yucatán,20.9,27.7,34.6,194.1
1990-07-01,32,Zacatecas,13.2,18.9,24.6,236.7
1990-08-01,0,Nacional,16.5,23.1,29.7,157.7
1990-08-01,1,Aguascalientes,12.2,18.7,25.2,185.1
1990-08-01,2,Baja California,16.8,24.8,32.9,6.4
1990-08-01,3,Baja California Sur,20.9,28.0,35.1,96.9
1990-08-01,4,Campeche,20.2,27.3,34.4,215.7
1990-08-01,5,Coahuila,17.4,24.3,31.3,39.9
1990-08-01,6,Colima,19.5,26.2,33.0,311.5
1990-08-01,7,Chiapas,18.5,24.5,30.5,237.8
1990-08-01,8,Chihuahua,15.1,21.7,28.2,104.0
1990-08-01,9,Ciudad de México,10.5,17.3,24.1,161.4
1990-08-01,10,Durango,13.7,20.4,27.1,144.3
1990-08-01,11,Guanajuato,12.8,19.2,25.6,210.4
1990-08-01,12,Guerrero,19.2,25.3,31.3,225.1
1990-08-01,13,Hidalgo,10.8,17.5,24.2,142.1
1990-08-01,14,Jalisco,15.3,21.9,28.5,319.0
1990-08-01,15,Estado de México,9.1,15.4,21.7,216.6
1990-08-01,16,Michoacán,14.8,21.1,27.5,198.2
1990-08-01,17,Morelos,15.6,22.1,28.7,138.0
1990-08-01,18,Nayarit,21.3,27.1,32.8,440.7
1990-08-01,19,Nuevo León,17.7,24.9,32.0,81.4
1990-08-01,20,Oaxaca,16.4,22.6,28.8,211.0
1990-08-01,21,Puebla,11.6,18.4,25.2,138.1
1990-08-01,22,Querétaro,11.9,18.9,25.9,126.3
1990-08-01,23,Quintana Roo,21.5,27.5,33.4,101.9
1990-08-01,24,San Luis Potosí,16.8,23.3,29.8,230.5
1990-08-01,25,Sinaloa,23.3,29.3,35.3,251.4
1990-08-01,26,Sonora,20.9,28.2,35.4,189.2
1990-08-01,27,Tabasco,22.8,28.9,35.1,234.3
1990-08-01,28,Tamaulipas,21.3,27.6,34.0,109.0
1990-08-01,29,Tlaxcala,7.3,14.6,21.9,101.0
1990-08-01,30,Veracruz,19.1,24.6,30.2,172.6
1990-08-01,31,Yucatán,21.0,27.7,34.4,168.2
1990-08-01,32,Zacatecas,12.6,19.2,25.9,169.3
1990-09-01,0,Nacional,16.0,22.2,28.4,153.9
1990-09-01,1,Aguascalientes,11.9,17.8,23.7,111.0
1990-09-01,2,Baja California,15.9,24.1,32.4,7.0
1990-09-01,3,Baja California Sur,20.5,27.5,34.5,51.7
1990-09-01,4,Campeche,19.9,26.7,33.6,237.6
1990-09-01,5,Coahuila,15.4,21.8,28.2,94.6
1990-09-01,6,Colima,19.3,25.8,32.3,258.3
1990-09-01,7,Chiapas,18.8,24.3,29.9,328.5
1990-09-01,8,Chihuahua,13.2,19.8,26.5,74.4
1990-09-01,9,Ciudad de México,10.3,16.4,22.5,149.0
1990-09-01,10,Durango,12.8,19.1,25.4,146.0
1990-09-01,11,Guanajuato,12.2,18.8,25.4,133.6
1990-09-01,12,Guerrero,18.9,24.6,30.3,246.5
1990-09-01,13,Hidalgo,11.2,17.0,22.8,144.6
1990-09-01,14,Jalisco,14.9,21.2,27.5,194.5
1990-09-01,15,Estado de México,9.1,15.0,20.9,187.5
1990-09-01,16,Michoacán,14.3,20.2,26.1,126.0
1990-09-01,17,Morelos,15.6,21.5,27.4,184.0
1990-09-01,18,Nayarit,21.2,26.7,32.3,294.7
1990-09-01,19,Nuevo León,16.2,22.3,28.4,236.8
1990-09-01,20,Oaxaca,16.1,21.9,27.8,211.1
1990-09-01,21,Puebla,11.8,18.0,24.3,171.6
1990-09-01,22,Querétaro,12.0,18.3,24.6,96.8
1990-09-01,23,Quintana Roo,21.3,26.9,32.5,298.0
1990-09-01,24,San Luis Potosí,16.3,21.9,27.6,188.2
1990-09-01,25,Sinaloa,22.4,28.2,33.9,250.1
1990-09-01,26,Sonora,19.9,27.2,34.5,58.3
1990-09-01,27,Tabasco,22.6,28.2,33.9,360.1
1990-09-01,28,Tamaulipas,20.0,25.5,31.0,271.9
1990-09-01,29,Tlaxcala,7.9,14.4,20.9,77.1
1990-09-01,30,Veracruz,18.8,23.9,28.9,201.2
1990-09-01,31,Yucatán,20.5,26.9,33.3,218.8
1990-09-01,32,Zacatecas,12.1,18.4,24.7,126.1
1990-10-01,0,Nacional,14.2,21.0,27.8,92.8
1990-10-01,1,Aguascalientes,9.4,16.6,23.7,49.5
1990-10-01,2,Baja California,13.1,21.8,30.6,5.1
1990-10-01,3,Baja California Sur,17.4,25.1,32.9,14.7
1990-10-01,4,Campeche,19.1,25.9,32.8,114.1
1990-10-01,5,Coahuila,12.2,19.6,27.0,67.4
1990-10-01,6,Colima,19.3,26.1,32.8,139.9
1990-10-01,7,Chiapas,18.2,23.8,29.4,227.6
1990-10-01,8,Chihuahua,8.3,17.0,25.7,21.7
1990-10-01,9,Ciudad de México,9.2,15.7,22.3,57.2
1990-10-01,10,Durango,9.3,17.0,24.7,77.4
1990-10-01,11,Guanajuato,11.0,18.1,25.1,65.3
1990-10-01,12,Guerrero,18.8,24.7,30.7,129.4
1990-10-01,13,Hidalgo,9.4,15.7,22.0,84.2
1990-10-01,14,Jalisco,13.3,20.5,27.8,99.2
1990-10-01,15,Estado de México,8.1,14.5,20.8,114.8
1990-10-01,16,Michoacán,12.9,19.7,26.4,53.3
1990-10-01,17,Morelos,15.0,21.3,27.7,101.2
1990-10-01,18,Nayarit,20.5,26.6,32.7,125.9
1990-10-01,19,Nuevo León,13.0,20.0,27.0,124.9
1990-10-01,20,Oaxaca,15.3,21.5,27.7,211.8
1990-10-01,21,Puebla,10.5,17.0,23.6,161.5
1990-10-01,22,Querétaro,10.3,17.0,23.7,45.7
1990-10-01,23,Quintana Roo,20.4,26.0,31.6,124.7
1990-10-01,24,San Luis Potosí,13.9,20.1,26.3,114.5
1990-10-01,25,Sinaloa,20.5,27.2,34.0,120.8
1990-10-01,26,Sonora,15.1,24.4,33.6,25.4
1990-10-01,27,Tabasco,22.1,27.4,32.7,341.4
1990-10-01,28,Tamaulipas,17.4,23.5,29.6,143.7
1990-10-01,29,Tlaxcala,6.8,13.7,20.7,76.7
1990-10-01,30,Veracruz,17.6,22.6,27.6,214.5
1990-10-01,31,Yucatán,19.6,26.0,32.5,153.3
1990-10-01,32,Zacatecas,9.5,17.0,24.5,58.9
1990-11-01,0,Nacional,11.2,18.7,26.2,30.8
1990-11-01,1,Aguascalientes,5.7,14.6,23.5,10.7
1990-11-01,2,Baja California,8.7,17.1,25.6,21.8
1990-11-01,3,Baja California Sur,12.7,20.5,28.3,9.6
1990-11-01,4,Campeche,17.7,24.4,31.2,48.3
1990-11-01,5,Coahuila,8.2,15.7,23.3,15.4
1990-11-01,6,Colima,17.9,25.3,32.8,20.8
1990-11-01,7,Chiapas,16.8,22.6,28.4,113.5
1990-11-01,8,Chihuahua,3.6,12.5,21.5,4.4
1990-11-01,9,Ciudad de México,6.6,14.4,22.3,0.3
1990-11-01,10,Durango,4.8,13.8,22.7,14.1
1990-11-01,11,Guanajuato,7.2,15.9,24.6,9.6
1990-11-01,12,Guerrero,17.3,24.1,30.9,23.4
1990-11-01,13,Hidalgo,6.5,14.1,21.7,36.3
1990-11-01,14,Jalisco,9.7,18.5,27.4,14.4
1990-11-01,15,Estado de México,5.4,13.2,21.0,13.0
1990-11-01,16,Michoacán,9.9,18.0,26.2,13.5
1990-11-01,17,Morelos,12.4,20.0,27.6,11.3
1990-11-01,18,Nayarit,17.3,24.7,32.1,14.2
1990-11-01,19,Nuevo León,8.8,15.9,23.0,19.5
1990-11-01,20,Oaxaca,13.6,20.4,27.3,64.0
1990-11-01,21,Puebla,8.4,15.8,23.3,65.2
1990-11-01,22,Querétaro,7.7,15.5,23.4,11.5
1990-11-01,23,Quintana Roo,18.6,24.1,29.5,85.7
1990-11-01,24,San Luis Potosí,10.8,17.6,24.4,38.3
1990-11-01,25,Sinaloa,15.6,23.2,30.8,21.3
1990-11-01,26,Sonora,9.3,18.5,27.7,18.1
1990-11-01,27,Tabasco,20.3,25.3,30.2,213.1
1990-11-01,28,Tamaulipas,13.5,19.7,26.0,28.2
1990-11-01,29,Tlaxcala,3.8,12.2,20.6,11.6
1990-11-01,30,Veracruz,15.1,20.3,25.6,87.5
1990-11-01,31,Yucatán,18.1,24.6,31.2,68.7
1990-11-01,32,Zacatecas,5.5,14.7,23.9,13.5
1990-12-01,0,Nacional,9.7,17.1,24.5,32.7
1990-12-01,1,Aguascalientes,4.5,13.2,21.8,11.0
1990-12-01,2,Baja California,5.6,12.7,19.9,37.0
1990-12-01,3,Baja California Sur,10.2,17.1,24.1,26.5
1990-12-01,4,Campeche,17.3,23.8,30.4,23.8
1990-12-01,5,Coahuila,6.6,13.4,20.1,13.1
1990-12-01,6,Colima,16.4,24.4,32.5,21.1
1990-12-01,7,Chiapas,16.2,22.2,28.2,116.0
1990-12-01,8,Chihuahua,1.5,9.5,17.5,20.3
1990-12-01,9,Ciudad de México,5.1,13.1,21.1,4.8
1990-12-01,10,Durango,4.0,11.8,19.7,34.4
1990-12-01,11,Guanajuato,4.9,14.4,23.9,10.1
1990-12-01,12,Guerrero,16.1,23.4,30.7,7.6
1990-12-01,13,Hidalgo,5.1,13.4,21.7,23.5
1990-12-01,14,Jalisco,8.3,17.2,26.2,14.9
1990-12-01,15,Estado de México,3.7,12.2,20.7,10.4
1990-12-01,16,Michoacán,8.5,17.1,25.7,20.9
1990-12-01,17,Morelos,10.8,19.1,27.4,3.9
1990-12-01,18,Nayarit,15.4,22.8,30.2,17.7
1990-12-01,19,Nuevo León,6.9,13.7,20.5,16.6
1990-12-01,20,Oaxaca,12.6,19.8,27.0,43.3
1990-12-01,21,Puebla,6.9,15.0,23.0,38.3
1990-12-01,22,Querétaro,6.4,14.6,22.9,6.9
1990-12-01,23,Quintana Roo,18.2,23.3,28.5,62.1
1990-12-01,24,San Luis Potosí,9.1,15.9,22.8,29.6
1990-12-01,25,Sinaloa,13.3,20.1,26.9,43.0
1990-12-01,26,Sonora,6.5,14.3,22.2,37.7
1990-12-01,27,Tabasco,19.9,24.5,29.2,197.8
1990-12-01,28,Tamaulipas,11.6,17.8,24.0,16.5
1990-12-01,29,Tlaxcala,2.4,11.6,20.8,6.6
1990-12-01,30,Veracruz,13.8,19.1,24.4,58.4
1990-12-01,31,Yucatán,17.5,23.9,30.3,54.2
1990-12-01,32,Zacatecas,4.7,13.2,21.7,19.3
1991-01-01,0,Nacional,9.4,16.7,24.1,17.9
1991-01-01,1,Aguascalientes,4.3,12.0,19.7,0.0
1991-01-01,2,Baja California,5.8,13.0,20.3,7.3
1991-01-01,3,Baja California Sur,9.1,16.1,23.2,9.3
1991-01-01,4,Campeche,17.2,24.1,30.9,50.5
1991-01-01,5,Coahuila,5.2,11.5,17.8,14.1
1991-01-01,6,Colima,15.0,22.5,30.1,1.0
1991-01-01,7,Chiapas,15.9,22.5,29.1,31.0
1991-01-01,8,Chihuahua,0.6,7.9,15.3,21.6
1991-01-01,9,Ciudad de México,5.7,13.7,21.7,13.5
1991-01-01,10,Durango,2.9,10.6,18.2,1.6
1991-01-01,11,Guanajuato,5.6,14.7,23.7,3.0
1991-01-01,12,Guerrero,16.0,23.3,30.6,1.2
1991-01-01,13,Hidalgo,5.4,13.0,20.7,17.6
1991-01-01,14,Jalisco,8.1,16.2,24.4,1.4
1991-01-01,15,Estado de México,3.7,11.7,19.8,11.2
1991-01-01,16,Michoacán,8.1,16.1,24.2,2.9
1991-01-01,17,Morelos,10.9,19.1,27.4,1.1
1991-01-01,18,Nayarit,13.8,20.9,28.0,0.7
1991-01-01,19,Nuevo León,6.2,12.0,17.8,13.7
1991-01-01,20,Oaxaca,12.6,19.7,26.8,6.5
1991-01-01,21,Puebla,7.5,15.0,22.6,15.3
1991-01-01,22,Querétaro,6.7,14.1,21.5,8.5
1991-01-01,23,Quintana Roo,17.6,23.3,29.1,31.5
1991-01-01,24,San Luis Potosí,9.2,15.1,21.0,9.6
1991-01-01,25,Sinaloa,12.2,18.9,25.6,10.2
1991-01-01,26,Sonora,6.3,13.9,21.4,21.8
1991-01-01,27,Tabasco,19.8,24.6,29.4,176.7
1991-01-01,28,Tamaulipas,11.0,16.3,21.6,10.8
1991-01-01,29,Tlaxcala,3.2,11.6,20.0,1.1
1991-01-01,30,Veracruz,13.9,18.7,23.5,53.9
1991-01-01,31,Yucatán,17.2,23.8,30.5,58.6
1991-01-01,32,Zacatecas,4.0,11.6,19.3,3.4
1991-02-01,0,Nacional,9.6,17.4,25.3,22.1
1991-02-01,1,Aguascalientes,4.3,13.3,22.3,19.6
1991-02-01,2,Baja California,7.6,15.3,23.1,23.7
1991-02-01,3,Baja California Sur,9.5,17.4,25.4,14.7
1991-02-01,4,Campeche,16.6,24.2,31.8,71.9
1991-02-01,5,Coahuila,6.5,13.6,20.8,23.2
1991-02-01,6,Colima,14.2,22.8,31.3,2.5
1991-02-01,7,Chiapas,15.5,22.5,29.6,11.0
1991-02-01,8,Chihuahua,2.3,10.4,18.5,25.3
1991-02-01,9,Ciudad de México,6.0,14.7,23.5,2.6
1991-02-01,10,Durango,3.0,11.9,20.7,3.9
1991-02-01,11,Guanajuato,6.8,15.9,25.1,8.9
1991-02-01,12,Guerrero,16.1,23.8,31.4,0.3
1991-02-01,13,Hidalgo,5.3,13.6,22.0,18.1
1991-02-01,14,Jalisco,7.7,17.2,26.7,5.1
1991-02-01,15,Estado de México,3.8,12.5,21.2,2.9
1991-02-01,16,Michoacán,7.8,16.9,26.0,6.1
1991-02-01,17,Morelos,11.5,20.0,28.5,0.8
1991-02-01,18,Nayarit,13.3,21.4,29.6,1.5
1991-02-01,19,Nuevo León,7.8,14.6,21.5,16.6
1991-02-01,20,Oaxaca,12.6,20.0,27.4,3.7
1991-02-01,21,Puebla,7.7,15.6,23.6,16.2
1991-02-01,22,Querétaro,7.0,15.2,23.4,8.8
1991-02-01,23,Quintana Roo,16.4,23.1,29.8,31.8
1991-02-01,24,San Luis Potosí,9.6,16.5,23.3,19.4
1991-02-01,25,Sinaloa,11.9,19.9,28.0,6.3
1991-02-01,26,Sonora,7.9,16.1,24.3,49.2
1991-02-01,27,Tabasco,19.4,24.4,29.5,97.8
1991-02-01,28,Tamaulipas,12.6,18.9,25.3,17.8
1991-02-01,29,Tlaxcala,3.5,12.6,21.7,1.9
1991-02-01,30,Veracruz,13.9,19.3,24.8,31.2
1991-02-01,31,Yucatán,16.4,23.7,31.1,38.8
1991-02-01,32,Zacatecas,3.8,12.7,21.6,11.8
1991-03-01,0,Nacional,11.5,20.1,28.7,10.7
1991-03-01,1,Aguascalientes,6.2,16.3,26.5,0.0
1991-03-01,2,Baja California,7.4,14.2,21.0,40.9
1991-03-01,3,Baja California Sur,10.2,18.2,26.2,2.8
1991-03-01,4,Campeche,18.5,26.6,34.7,5.2
1991-03-01,5,Coahuila,9.9,18.0,26.0,8.2
1991-03-01,6,Colima,15.1,23.9,32.8,0.0
1991-03-01,7,Chiapas,16.9,24.6,32.2,6.5
1991-03-01,8,Chihuahua,4.1,13.2,22.3,4.3
1991-03-01,9,Ciudad de México,8.2,18.0,27.8,0.0
1991-03-01,10,Durango,5.9,15.5,25.1,0.0
1991-03-01,11,Guanajuato,8.6,18.9,29.3,0.0
1991-03-01,12,Guerrero,17.8,25.7,33.7,0.0
1991-03-01,13,Hidalgo,7.7,17.1,26.6,2.8
1991-03-01,14,Jalisco,9.2,19.7,30.1,0.0
1991-03-01,15,Estado de México,5.6,15.2,24.9,0.0
1991-03-01,16,Michoacán,9.8,19.8,29.9,0.0
1991-03-01,17,Morelos,13.5,22.6,31.6,0.0
1991-03-01,18,Nayarit,14.5,23.4,32.3,0.0
1991-03-01,19,Nuevo León,11.0,18.9,26.7,11.3
1991-03-01,20,Oaxaca,14.3,22.2,30.2,10.8
1991-03-01,21,Puebla,9.8,18.4,27.0,6.8
1991-03-01,22,Querétaro,9.4,18.6,27.9,0.0
1991-03-01,23,Quintana Roo,18.5,25.3,32.1,19.2
1991-03-01,24,San Luis Potosí,12.1,20.4,28.7,3.4
1991-03-01,25,Sinaloa,12.3,21.0,29.7,1.5
1991-03-01,26,Sonora,7.7,16.5,25.2,37.2
1991-03-01,27,Tabasco,20.7,27.3,33.8,28.2
1991-03-01,28,Tamaulipas,15.6,22.9,30.3,19.0
1991-03-01,29,Tlaxcala,5.4,15.4,25.4,2.1
1991-03-01,30,Veracruz,16.3,22.8,29.3,19.8
1991-03-01,31,Yucatán,18.2,25.9,33.7,12.2
1991-03-01,32,Zacatecas,6.0,16.0,26.0,0.0
1991-04-01,0,Nacional,13.3,21.8,30.3,10.2
1991-04-01,1,Aguascalientes,8.4,18.1,27.8,0.0
1991-04-01,2,Baja California,9.5,17.8,26.1,0.0
1991-04-01,3,Baja California Sur,12.0,20.9,29.8,0.0
1991-04-01,4,Campeche,20.2,27.9,35.7,5.7
1991-04-01,5,Coahuila,12.3,20.3,28.2,18.2
1991-04-01,6,Colima,15.8,24.5,33.3,0.0
1991-04-01,7,Chiapas,18.6,25.8,33.0,42.8
1991-04-01,8,Chihuahua,7.6,17.5,27.3,0.9
1991-04-01,9,Ciudad de México,9.4,18.0,26.7,40.6
1991-04-01,10,Durango,8.3,18.0,27.8,0.3
1991-04-01,11,Guanajuato,11.2,21.0,30.8,2.5
1991-04-01,12,Guerrero,19.2,26.9,34.6,0.9
1991-04-01,13,Hidalgo,9.3,18.0,26.7,22.8
1991-04-01,14,Jalisco,10.9,21.2,31.6,0.0
1991-04-01,15,Estado de México,7.1,15.9,24.8,11.5
1991-04-01,16,Michoacán,11.5,21.1,30.7,0.9
1991-04-01,17,Morelos,15.5,24.0,32.6,14.9
1991-04-01,18,Nayarit,15.4,24.6,33.9,0.0
1991-04-01,19,Nuevo León,13.6,21.0,28.5,48.3
1991-04-01,20,Oaxaca,15.6,23.2,30.8,12.6
1991-04-01,21,Puebla,11.3,19.3,27.3,34.0
1991-04-01,22,Querétaro,11.0,19.7,28.5,6.9
1991-04-01,23,Quintana Roo,20.4,26.7,32.9,15.3
1991-04-01,24,San Luis Potosí,14.1,22.0,30.0,8.5
1991-04-01,25,Sinaloa,14.4,24.0,33.7,0.0
1991-04-01,26,Sonora,10.2,20.6,31.1,0.0
1991-04-01,27,Tabasco,22.6,29.3,36.1,3.2
1991-04-01,28,Tamaulipas,18.1,24.9,31.8,47.7
1991-04-01,29,Tlaxcala,6.9,15.7,24.4,25.9
1991-04-01,30,Veracruz,18.5,24.6,30.8,18.3
1991-04-01,31,Yucatán,19.9,27.4,34.9,3.2
1991-04-01,32,Zacatecas,8.0,17.8,27.7,2.0
1991-05-01,0,Nacional,15.0,22.9,30.9,30.3
1991-05-01,1,Aguascalientes,10.8,20.0,29.3,3.7
1991-05-01,2,Baja California,11.5,19.5,27.5,0.0
1991-05-01,3,Baja California Sur,13.7,22.3,31.0,0.0
1991-05-01,4,Campeche,19.9,27.8,35.7,84.1
1991-05-01,5,Coahuila,15.2,22.7,30.2,12.7
1991-05-01,6,Colima,18.3,26.2,34.1,0.0
1991-05-01,7,Chiapas,18.9,25.6,32.2,125.6
1991-05-01,8,Chihuahua,11.1,20.6,30.2,0.0
1991-05-01,9,Ciudad de México,10.3,18.0,25.7,72.2
1991-05-01,10,Durango,11.0,20.6,30.2,0.1
1991-05-01,11,Guanajuato,13.2,22.4,31.6,11.8
1991-05-01,12,Guerrero,20.3,27.5,34.6,62.4
1991-05-01,13,Hidalgo,10.6,18.4,26.3,23.4
1991-05-01,14,Jalisco,13.4,22.9,32.5,2.3
1991-05-01,15,Estado de México,8.3,16.1,24.0,42.8
1991-05-01,16,Michoacán,13.6,22.3,31.0,2.5
1991-05-01,17,Morelos,16.3,23.9,31.6,65.6
1991-05-01,18,Nayarit,18.0,26.5,35.0,0.0
1991-05-01,19,Nuevo León,15.9,22.8,29.8,64.0
1991-05-01,20,Oaxaca,16.4,23.4,30.4,100.3
1991-05-01,21,Puebla,11.8,19.3,26.8,123.9
1991-05-01,22,Querétaro,12.0,20.1,28.2,9.6
1991-05-01,23,Quintana Roo,20.8,26.9,33.1,25.1
1991-05-01,24,San Luis Potosí,16.4,23.7,31.1,34.5
1991-05-01,25,Sinaloa,17.5,26.5,35.6,0.0
1991-05-01,26,Sonora,13.8,24.1,34.4,0.0
1991-05-01,27,Tabasco,23.1,29.6,36.1,76.0
1991-05-01,28,Tamaulipas,20.1,26.3,32.6,66.1
1991-05-01,29,Tlaxcala,7.7,15.7,23.7,72.1
1991-05-01,30,Veracruz,19.3,25.3,31.4,106.9
1991-05-01,31,Yucatán,20.5,27.8,35.1,31.9
1991-05-01,32,Zacatecas,10.7,20.1,29.6,5.0
1991-06-01,0,Nacional,16.6,23.9,31.3,99.9
1991-06-01,1,Aguascalientes,12.6,20.8,29.0,72.0
1991-06-01,2,Baja California,13.3,21.5,29.8,0.0
1991-06-01,3,Baja California Sur,16.0,24.8,33.6,0.0
1991-06-01,4,Campeche,21.0,28.2,35.3,115.1
1991-06-01,5,Coahuila,17.8,25.5,33.2,90.8
1991-06-01,6,Colima,19.4,26.8,34.3,83.6
1991-06-01,7,Chiapas,19.5,25.5,31.4,250.7
1991-06-01,8,Chihuahua,14.5,24.2,33.8,30.6
1991-06-01,9,Ciudad de México,11.2,18.1,25.1,281.9
1991-06-01,10,Durango,14.1,23.2,32.4,23.6
1991-06-01,11,Guanajuato,13.5,21.3,29.0,151.4
1991-06-01,12,Guerrero,20.3,26.6,32.9,203.0
1991-06-01,13,Hidalgo,11.4,18.4,25.4,144.3
1991-06-01,14,Jalisco,16.1,24.2,32.3,117.8
1991-06-01,15,Estado de México,9.2,16.2,23.2,183.5
1991-06-01,16,Michoacán,15.1,22.5,29.9,141.0
1991-06-01,17,Morelos,17.0,23.4,29.9,248.1
1991-06-01,18,Nayarit,21.8,28.7,35.5,84.5
1991-06-01,19,Nuevo León,17.5,25.0,32.6,108.4
1991-06-01,20,Oaxaca,16.7,22.9,29.1,333.5
1991-06-01,21,Puebla,12.5,19.2,25.9,232.7
1991-06-01,22,Querétaro,12.6,20.1,27.6,141.3
1991-06-01,23,Quintana Roo,22.4,27.9,33.4,49.4
1991-06-01,24,San Luis Potosí,17.1,24.2,31.3,92.3
1991-06-01,25,Sinaloa,22.3,30.0,37.6,14.5
1991-06-01,26,Sonora,17.6,27.8,38.0,5.2
1991-06-01,27,Tabasco,23.7,29.6,35.5,231.7
1991-06-01,28,Tamaulipas,21.7,28.1,34.5,157.0
1991-06-01,29,Tlaxcala,8.8,15.9,23.1,144.4
1991-06-01,30,Veracruz,20.2,25.8,31.4,247.6
1991-06-01,31,Yucatán,21.2,28.1,35.0,77.5
1991-06-01,32,Zacatecas,13.1,21.6,30.1,58.6
1991-07-01,0,Nacional,16.7,23.1,29.5,171.5
1991-07-01,1,Aguascalientes,12.7,18.8,25.0,348.9
1991-07-01,2,Baja California,16.3,24.3,32.3,0.0
1991-07-01,3,Baja California Sur,19.6,27.2,34.8,0.0
1991-07-01,4,Campeche,20.4,27.4,34.5,184.9
1991-07-01,5,Coahuila,18.1,25.0,31.9,49.7
1991-07-01,6,Colima,19.4,26.1,32.9,90.3
1991-07-01,7,Chiapas,18.6,24.5,30.5,148.7
1991-07-01,8,Chihuahua,16.3,23.6,30.9,219.7
1991-07-01,9,Ciudad de México,10.6,16.9,23.3,357.5
1991-07-01,10,Durango,14.3,21.3,28.2,248.3
1991-07-01,11,Guanajuato,12.9,18.9,25.0,547.0
1991-07-01,12,Guerrero,19.6,25.4,31.3,122.2
1991-07-01,13,Hidalgo,11.1,17.3,23.5,169.3
1991-07-01,14,Jalisco,15.6,22.0,28.3,295.4
1991-07-01,15,Estado de México,9.0,15.2,21.4,258.7
1991-07-01,16,Michoacán,14.7,20.6,26.6,188.1
1991-07-01,17,Morelos,15.8,22.0,28.2,356.9
1991-07-01,18,Nayarit,21.5,27.1,32.7,300.7
1991-07-01,19,Nuevo León,17.9,24.9,31.8,76.8
1991-07-01,20,Oaxaca,15.9,21.9,27.8,122.0
1991-07-01,21,Puebla,11.7,18.1,24.6,224.8
1991-07-01,22,Querétaro,12.7,19.0,25.3,334.7
1991-07-01,23,Quintana Roo,21.7,27.3,32.9,158.0
1991-07-01,24,San Luis Potosí,16.8,22.4,28.1,369.2
1991-07-01,25,Sinaloa,23.4,29.1,34.8,113.6
1991-07-01,26,Sonora,21.2,29.1,37.1,44.7
1991-07-01,27,Tabasco,23.1,28.8,34.6,185.3
1991-07-01,28,Tamaulipas,21.2,26.7,32.3,192.1
1991-07-01,29,Tlaxcala,7.8,14.7,21.7,59.6
1991-07-01,30,Veracruz,19.2,24.3,29.5,250.7
1991-07-01,31,Yucatán,21.0,27.7,34.4,182.0
1991-07-01,32,Zacatecas,13.0,19.4,25.8,320.1
1991-08-01,0,Nacional,16.5,23.1,29.8,103.8
1991-08-01,1,Aguascalientes,12.0,18.8,25.7,90.7
1991-08-01,2,Baja California,17.6,25.7,33.8,0.0
1991-08-01,3,Baja California Sur,21.1,28.3,35.4,1.4
1991-08-01,4,Campeche,20.0,27.2,34.5,210.7
1991-08-01,5,Coahuila,17.7,24.8,32.0,29.5
1991-08-01,6,Colima,19.4,26.2,33.0,174.3
1991-08-01,7,Chiapas,18.6,24.7,30.8,186.7
1991-08-01,8,Chihuahua,15.6,22.6,29.6,82.6
1991-08-01,9,Ciudad de México,10.8,17.5,24.3,88.2
1991-08-01,10,Durango,13.7,20.8,27.9,128.4
1991-08-01,11,Guanajuato,12.3,19.6,26.8,77.5
1991-08-01,12,Guerrero,19.3,25.3,31.2,134.9
1991-08-01,13,Hidalgo,10.5,17.3,24.2,41.5
1991-08-01,14,Jalisco,15.3,21.9,28.5,161.6
1991-08-01,15,Estado de México,8.9,15.3,21.8,147.6
1991-08-01,16,Michoacán,14.4,20.6,26.8,162.2
1991-08-01,17,Morelos,15.9,22.1,28.4,173.5
1991-08-01,18,Nayarit,21.2,27.1,33.0,177.8
1991-08-01,19,Nuevo León,17.7,24.9,32.2,21.5
1991-08-01,20,Oaxaca,15.9,22.0,28.1,80.3
1991-08-01,21,Puebla,11.2,18.0,24.7,98.0
1991-08-01,22,Querétaro,12.0,18.9,25.8,34.5
1991-08-01,23,Quintana Roo,21.5,27.3,33.2,148.3
1991-08-01,24,San Luis Potosí,16.6,23.3,29.9,39.3
1991-08-01,25,Sinaloa,23.2,29.1,35.0,294.6
1991-08-01,26,Sonora,21.3,28.5,35.8,76.4
1991-08-01,27,Tabasco,22.9,29.0,35.0,290.5
1991-08-01,28,Tamaulipas,21.2,27.7,34.3,31.8
1991-08-01,29,Tlaxcala,7.5,14.8,22.1,73.7
1991-08-01,30,Veracruz,18.9,24.4,29.9,198.0
1991-08-01,31,Yucatán,20.9,27.7,34.4,233.6
1991-08-01,32,Zacatecas,12.5,19.6,26.7,115.4
1991-09-01,0,Nacional,16.0,22.3,28.6,155.5
1991-09-01,1,Aguascalientes,11.8,18.1,24.4,51.9
1991-09-01,2,Baja California,15.9,24.5,33.2,2.7
1991-09-01,3,Baja California Sur,20.6,27.8,35.1,10.7
1991-09-01,4,Campeche,20.0,26.6,33.2,211.0
1991-09-01,5,Coahuila,15.7,22.4,29.1,151.4
1991-09-01,6,Colima,19.6,25.9,32.3,162.2
1991-09-01,7,Chiapas,18.6,24.3,30.0,167.3
1991-09-01,8,Chihuahua,13.4,20.9,28.3,89.5
1991-09-01,9,Ciudad de México,10.6,16.7,22.9,159.9
1991-09-01,10,Durango,12.6,19.4,26.2,158.7
1991-09-01,11,Guanajuato,12.1,18.4,24.8,169.3
1991-09-01,12,Guerrero,18.9,24.6,30.2,229.2
1991-09-01,13,Hidalgo,10.5,16.6,22.7,301.1
1991-09-01,14,Jalisco,15.0,21.2,27.5,177.0
1991-09-01,15,Estado de México,8.9,14.9,21.0,161.4
1991-09-01,16,Michoacán,14.2,19.8,25.5,181.5
1991-09-01,17,Morelos,15.6,21.5,27.4,288.8
1991-09-01,18,Nayarit,21.3,27.1,32.8,272.7
1991-09-01,19,Nuevo León,16.3,22.7,29.2,168.3
1991-09-01,20,Oaxaca,15.7,21.5,27.3,161.9
1991-09-01,21,Puebla,11.3,17.5,23.7,310.1
1991-09-01,22,Querétaro,12.2,18.3,24.4,167.7
1991-09-01,23,Quintana Roo,21.3,26.8,32.3,209.3
1991-09-01,24,San Luis Potosí,16.1,21.9,27.8,156.2
1991-09-01,25,Sinaloa,22.7,28.6,34.4,205.7
1991-09-01,26,Sonora,19.6,27.5,35.4,67.0
1991-09-01,27,Tabasco,22.6,28.0,33.4,226.0
1991-09-01,28,Tamaulipas,20.0,25.8,31.5,289.0
1991-09-01,29,Tlaxcala,7.8,14.4,21.1,156.9
1991-09-01,30,Veracruz,18.7,23.6,28.5,418.9
1991-09-01,31,Yucatán,20.6,27.0,33.4,159.7
1991-09-01,32,Zacatecas,11.9,18.6,25.3,123.9
1991-10-01,0,Nacional,14.1,20.9,27.8,72.2
1991-10-01,1,Aguascalientes,9.3,16.3,23.4,39.3
1991-10-01,2,Baja California,13.1,21.4,29.8,1.1
1991-10-01,3,Baja California Sur,17.4,25.3,33.1,2.6
1991-10-01,4,Campeche,19.6,26.0,32.5,124.2
1991-10-01,5,Coahuila,12.5,20.1,27.8,6.5
1991-10-01,6,Colima,18.8,25.5,32.2,104.9
1991-10-01,7,Chiapas,18.2,23.9,29.6,155.4
1991-10-01,8,Chihuahua,8.3,17.8,27.3,6.1
1991-10-01,9,Ciudad de México,9.0,15.5,22.1,162.6
1991-10-01,10,Durango,8.8,17.2,25.5,16.6
1991-10-01,11,Guanajuato,9.9,16.9,24.0,49.8
1991-10-01,12,Guerrero,18.7,24.7,30.6,181.8
1991-10-01,13,Hidalgo,8.8,15.3,21.9,91.6
1991-10-01,14,Jalisco,12.8,20.1,27.4,71.5
1991-10-01,15,Estado de México,7.6,14.1,20.6,106.1
1991-10-01,16,Michoacán,12.3,18.9,25.5,92.5
1991-10-01,17,Morelos,14.7,21.3,27.9,277.5
1991-10-01,18,Nayarit,20.1,26.4,32.8,71.5
1991-10-01,19,Nuevo León,13.4,20.5,27.6,51.4
1991-10-01,20,Oaxaca,15.0,21.1,27.2,165.5
1991-10-01,21,Puebla,10.4,16.9,23.5,183.1
1991-10-01,22,Querétaro,9.8,16.4,23.1,23.5
1991-10-01,23,Quintana Roo,20.6,25.9,31.3,212.0
1991-10-01,24,San Luis Potosí,13.7,19.9,26.1,39.1
1991-10-01,25,Sinaloa,20.3,27.6,34.8,6.7
1991-10-01,26,Sonora,14.8,24.4,33.9,5.5
1991-10-01,27,Tabasco,22.1,27.1,32.1,335.5
1991-10-01,28,Tamaulipas,17.5,23.6,29.7,71.4
1991-10-01,29,Tlaxcala,6.5,13.6,20.7,84.1
1991-10-01,30,Veracruz,17.4,22.5,27.6,311.5
1991-10-01,31,Yucatán,19.7,26.1,32.5,200.3
1991-10-01,32,Zacatecas,9.1,16.6,24.2,30.7
1991-11-01,0,Nacional,11.0,18.3,25.6,43.3
1991-11-01,1,Aguascalientes,5.7,14.1,22.6,0.0
1991-11-01,2,Baja California,8.3,16.6,25.0,3.6
1991-11-01,3,Baja California Sur,12.1,20.1,28.1,3.4
1991-11-01,4,Campeche,18.3,24.7,31.2,77.8
1991-11-01,5,Coahuila,7.4,14.9,22.3,16.1
1991-11-01,6,Colima,17.4,24.8,32.2,53.5
1991-11-01,7,Chiapas,16.9,22.9,28.9,43.7
1991-11-01,8,Chihuahua,2.1,11.3,20.5,37.9
1991-11-01,9,Ciudad de México,6.9,14.2,21.6,29.5
1991-11-01,10,Durango,4.4,13.1,21.8,43.2
1991-11-01,11,Guanajuato,7.3,15.4,23.6,17.8
1991-11-01,12,Guerrero,17.4,24.0,30.7,12.2
1991-11-01,13,Hidalgo,6.7,14.1,21.5,48.7
1991-11-01,14,Jalisco,9.5,18.0,26.5,29.8
1991-11-01,15,Estado de México,5.3,12.8,20.3,24.4
1991-11-01,16,Michoacán,9.6,17.4,25.2,17.6
1991-11-01,17,Morelos,12.8,20.2,27.6,27.2
1991-11-01,18,Nayarit,16.7,24.0,31.3,45.7
1991-11-01,19,Nuevo León,8.2,15.1,22.0,34.5
1991-11-01,20,Oaxaca,13.6,20.2,26.8,24.4
1991-11-01,21,Puebla,8.8,15.8,22.9,67.7
1991-11-01,22,Querétaro,7.9,15.5,23.1,22.3
1991-11-01,23,Quintana Roo,19.2,24.5,29.8,45.7
1991-11-01,24,San Luis Potosí,10.5,17.1,23.7,26.8
1991-11-01,25,Sinaloa,14.3,22.4,30.4,168.9
1991-11-01,26,Sonora,7.9,17.4,26.8,30.1
1991-11-01,27,Tabasco,20.7,25.4,30.1,295.5
1991-11-01,28,Tamaulipas,13.0,18.8,24.6,45.2
1991-11-01,29,Tlaxcala,4.7,12.3,19.9,56.5
1991-11-01,30,Veracruz,15.3,20.2,25.1,152.3
1991-11-01,31,Yucatán,18.4,24.9,31.3,25.4
1991-11-01,32,Zacatecas,5.2,13.9,22.6,15.2
1991-12-01,0,Nacional,10.2,17.4,24.6,59.0
1991-12-01,1,Aguascalientes,5.5,13.7,21.9,23.1
1991-12-01,2,Baja California,5.9,12.6,19.4,14.4
1991-12-01,3,Baja California Sur,10.0,17.0,23.9,3.8
1991-12-01,4,Campeche,17.6,24.2,30.8,144.4
1991-12-01,5,Coahuila,7.1,13.7,20.3,51.1
1991-12-01,6,Colima,16.2,24.2,32.3,3.0
1991-12-01,7,Chiapas,16.4,22.6,28.8,45.0
1991-12-01,8,Chihuahua,2.1,9.8,17.6,68.5
1991-12-01,9,Ciudad de México,5.5,13.6,21.8,12.1
1991-12-01,10,Durango,4.7,12.3,20.0,54.0
1991-12-01,11,Guanajuato,6.9,14.8,22.7,50.4
1991-12-01,12,Guerrero,16.3,23.4,30.6,7.0
1991-12-01,13,Hidalgo,5.6,13.6,21.7,45.8
1991-12-01,14,Jalisco,9.1,17.5,25.9,21.5
1991-12-01,15,Estado de México,4.0,12.3,20.7,12.5
1991-12-01,16,Michoacán,8.7,17.0,25.3,4.4
1991-12-01,17,Morelos,11.5,19.5,27.6,20.9
1991-12-01,18,Nayarit,15.8,22.9,30.1,41.2
1991-12-01,19,Nuevo León,8.0,14.3,20.6,61.1
1991-12-01,20,Oaxaca,12.7,19.7,26.6,13.0
1991-12-01,21,Puebla,7.5,15.4,23.2,35.0
1991-12-01,22,Querétaro,7.6,15.5,23.3,34.0
1991-12-01,23,Quintana Roo,18.1,23.6,29.1,112.9
1991-12-01,24,San Luis Potosí,10.7,16.9,23.2,49.9
1991-12-01,25,Sinaloa,13.5,20.3,27.2,80.0
1991-12-01,26,Sonora,6.6,14.1,21.7,74.3
1991-12-01,27,Tabasco,20.3,25.0,29.6,234.2
1991-12-01,28,Tamaulipas,12.7,18.3,24.0,97.6
1991-12-01,29,Tlaxcala,2.9,12.0,21.0,6.9
1991-12-01,30,Veracruz,14.9,20.0,25.0,123.5
1991-12-01,31,Yucatán,17.2,23.8,30.3,150.3
1991-12-01,32,Zacatecas,5.6,13.6,21.7,34.9
1992-01-01,0,Nacional,9.7,16.9,24.1,86.2
1992-01-01,1,Aguascalientes,4.9,12.3,19.7,135.7
1992-01-01,2,Baja California,6.6,13.2,19.7,15.8
1992-01-01,3,Baja California Sur,9.9,16.8,23.6,21.0
1992-01-01,4,Campeche,17.3,24.0,30.7,56.4
1992-01-01,5,Coahuila,5.7,11.8,18.0,64.1
1992-01-01,6,Colima,15.0,22.8,30.5,262.5
1992-01-01,7,Chiapas,15.5,22.1,28.8,62.8
1992-01-01,8,Chihuahua,2.1,8.9,15.7,41.6
1992-01-01,9,Ciudad de México,6.4,13.9,21.5,36.4
1992-01-01,10,Durango,3.5,10.7,18.0,121.1
1992-01-01,11,Guanajuato,6.5,13.3,20.2,138.4
1992-01-01,12,Guerrero,16.1,23.2,30.3,45.1
1992-01-01,13,Hidalgo,5.7,13.2,20.8,68.8
1992-01-01,14,Jalisco,8.4,16.3,24.1,285.4
1992-01-01,15,Estado de México,4.1,11.8,19.6,42.6
1992-01-01,16,Michoacán,8.3,16.0,23.8,118.4
1992-01-01,17,Morelos,11.3,19.3,27.3,68.2
1992-01-01,18,Nayarit,13.9,20.7,27.5,180.9
1992-01-01,19,Nuevo León,6.7,12.4,18.2,77.6
1992-01-01,20,Oaxaca,12.7,19.6,26.5,19.9
1992-01-01,21,Puebla,7.6,15.1,22.6,72.8
1992-01-01,22,Querétaro,7.0,14.3,21.5,122.9
1992-01-01,23,Quintana Roo,17.4,23.1,28.8,39.8
1992-01-01,24,San Luis Potosí,9.6,15.4,21.3,105.4
1992-01-01,25,Sinaloa,12.9,19.5,26.2,180.0
1992-01-01,26,Sonora,7.6,14.5,21.5,39.4
1992-01-01,27,Tabasco,19.7,24.4,29.0,204.9
1992-01-01,28,Tamaulipas,11.2,16.4,21.6,101.2
1992-01-01,29,Tlaxcala,3.4,11.8,20.2,63.9
1992-01-01,30,Veracruz,14.1,19.0,23.9,99.6
1992-01-01,31,Yucatán,16.9,23.5,30.1,26.9
1992-01-01,32,Zacatecas,4.3,11.8,19.3,120.8
1992-02-01,0,Nacional,9.4,17.4,25.4,30.5
1992-02-01,1,Aguascalientes,4.0,13.3,22.5,3.8
1992-02-01,2,Baja California,7.5,14.3,21.1,107.3
1992-02-01,3,Baja California Sur,9.3,17.0,24.8,2.1
1992-02-01,4,Campeche,16.8,24.2,31.7,21.1
1992-02-01,5,Coahuila,6.6,13.8,21.1,37.8
1992-02-01,6,Colima,13.5,22.5,31.4,59.8
1992-02-01,7,Chiapas,15.3,22.6,29.9,7.8
1992-02-01,8,Chihuahua,2.1,10.5,18.8,37.4
1992-02-01,9,Ciudad de México,6.0,14.7,23.4,17.8
1992-02-01,10,Durango,2.9,11.9,20.9,20.2
1992-02-01,11,Guanajuato,6.1,14.3,22.5,21.5
1992-02-01,12,Guerrero,15.9,23.6,31.2,28.5
1992-02-01,13,Hidalgo,5.3,14.0,22.7,33.6
1992-02-01,14,Jalisco,6.9,16.7,26.5,24.6
1992-02-01,15,Estado de México,3.5,12.4,21.3,27.9
1992-02-01,16,Michoacán,7.1,16.4,25.7,22.0
1992-02-01,17,Morelos,11.2,19.8,28.4,33.5
1992-02-01,18,Nayarit,12.4,20.8,29.2,31.6
1992-02-01,19,Nuevo León,8.0,14.9,21.8,19.3
1992-02-01,20,Oaxaca,12.7,20.2,27.8,9.9
1992-02-01,21,Puebla,7.5,15.4,23.4,23.6
1992-02-01,22,Querétaro,7.0,15.5,24.0,23.8
1992-02-01,23,Quintana Roo,16.5,23.0,29.5,16.9
1992-02-01,24,San Luis Potosí,10.0,17.0,24.1,8.2
1992-02-01,25,Sinaloa,11.5,19.6,27.6,52.1
1992-02-01,26,Sonora,7.5,15.2,22.9,38.1
1992-02-01,27,Tabasco,19.6,25.1,30.7,62.5
1992-02-01,28,Tamaulipas,12.8,19.1,25.4,14.4
1992-02-01,29,Tlaxcala,3.5,12.7,21.8,17.3
1992-02-01,30,Veracruz,14.4,20.0,25.7,45.2
1992-02-01,31,Yucatán,15.9,23.3,30.6,26.6
1992-02-01,32,Zacatecas,3.2,12.6,22.0,14.8
1992-03-01,0,Nacional,11.1,19.5,27.9,19.0
1992-03-01,1,Aguascalientes,5.9,15.5,25.1,1.7
1992-03-01,2,Baja California,8.5,15.6,22.7,37.0
1992-03-01,3,Baja California Sur,10.5,18.9,27.3,30.5
1992-03-01,4,Campeche,18.1,25.8,33.5,20.3
1992-03-01,5,Coahuila,8.9,16.7,24.6,3.6
1992-03-01,6,Colima,14.5,23.9,33.3,0.0
1992-03-01,7,Chiapas,16.7,24.1,31.6,123.6
1992-03-01,8,Chihuahua,3.7,13.1,22.6,5.9
1992-03-01,9,Ciudad de México,7.9,17.0,26.1,9.8
1992-03-01,10,Durango,5.1,14.7,24.2,3.6
1992-03-01,11,Guanajuato,8.7,17.5,26.3,3.5
1992-03-01,12,Guerrero,17.6,25.4,33.3,0.7
1992-03-01,13,Hidalgo,7.1,16.1,25.0,32.7
1992-03-01,14,Jalisco,8.8,18.9,29.1,0.9
1992-03-01,15,Estado de México,5.2,14.3,23.5,17.9
1992-03-01,16,Michoacán,9.2,18.9,28.6,1.0
1992-03-01,17,Morelos,13.4,22.1,30.9,2.1
1992-03-01,18,Nayarit,13.8,22.8,31.8,1.5
1992-03-01,19,Nuevo León,10.3,17.6,25.0,15.4
1992-03-01,20,Oaxaca,14.2,21.9,29.6,8.8
1992-03-01,21,Puebla,9.3,17.4,25.6,16.5
1992-03-01,22,Querétaro,8.7,17.5,26.3,11.5
1992-03-01,23,Quintana Roo,18.0,24.6,31.2,25.1
1992-03-01,24,San Luis Potosí,11.9,19.5,27.1,24.7
1992-03-01,25,Sinaloa,12.5,21.3,30.2,8.1
1992-03-01,26,Sonora,8.2,17.3,26.5,30.2
1992-03-01,27,Tabasco,20.7,26.8,32.9,40.4
1992-03-01,28,Tamaulipas,14.9,21.6,28.4,19.1
1992-03-01,29,Tlaxcala,5.3,14.5,23.8,16.1
1992-03-01,30,Veracruz,16.0,21.9,27.8,30.1
1992-03-01,31,Yucatán,17.6,25.1,32.6,26.1
1992-03-01,32,Zacatecas,5.2,14.9,24.7,3.4
1992-04-01,0,Nacional,12.8,21.2,29.6,26.6
1992-04-01,1,Aguascalientes,7.9,17.3,26.7,9.4
1992-04-01,2,Baja California,10.3,18.6,26.9,13.5
1992-04-01,3,Baja California Sur,12.2,21.1,30.1,3.8
1992-04-01,4,Campeche,19.6,27.1,34.6,26.8
1992-04-01,5,Coahuila,11.4,19.6,27.8,63.8
1992-04-01,6,Colima,15.3,24.4,33.6,4.2
1992-04-01,7,Chiapas,18.2,25.4,32.6,45.8
1992-04-01,8,Chihuahua,7.4,17.3,27.2,7.6
1992-04-01,9,Ciudad de México,9.1,17.4,25.7,12.9
1992-04-01,10,Durango,7.6,17.4,27.3,3.2
1992-04-01,11,Guanajuato,9.7,18.3,26.8,22.6
1992-04-01,12,Guerrero,18.8,26.5,34.2,9.1
1992-04-01,13,Hidalgo,8.6,17.1,25.6,20.5
1992-04-01,14,Jalisco,10.4,20.5,30.7,6.1
1992-04-01,15,Estado de México,6.6,15.2,23.9,16.2
1992-04-01,16,Michoacán,11.1,20.4,29.7,16.4
1992-04-01,17,Morelos,14.9,23.4,32.0,4.5
1992-04-01,18,Nayarit,15.0,24.3,33.7,0.2
1992-04-01,19,Nuevo León,12.6,20.1,27.7,44.9
1992-04-01,20,Oaxaca,15.4,22.8,30.3,19.1
1992-04-01,21,Puebla,10.7,18.5,26.4,34.6
1992-04-01,22,Querétaro,10.1,18.6,27.1,21.9
1992-04-01,23,Quintana Roo,19.7,26.0,32.2,74.7
1992-04-01,24,San Luis Potosí,13.5,21.2,28.9,38.8
1992-04-01,25,Sinaloa,14.4,24.0,33.6,0.0
1992-04-01,26,Sonora,10.7,21.2,31.7,8.7
1992-04-01,27,Tabasco,22.2,28.5,34.9,29.2
1992-04-01,28,Tamaulipas,17.0,23.8,30.6,85.4
1992-04-01,29,Tlaxcala,6.4,15.1,23.7,31.8
1992-04-01,30,Veracruz,17.7,23.6,29.4,58.3
1992-04-01,31,Yucatán,19.0,26.2,33.5,96.6
1992-04-01,32,Zacatecas,7.2,17.0,26.8,4.8
1992-05-01,0,Nacional,14.6,22.4,30.3,51.6
1992-05-01,1,Aguascalientes,10.6,19.2,27.9,23.2
1992-05-01,2,Baja California,12.7,20.3,27.9,0.0
1992-05-01,3,Baja California Sur,14.4,22.8,31.3,0.0
1992-05-01,4,Campeche,19.7,27.2,34.7,197.3
1992-05-01,5,Coahuila,14.6,22.1,29.7,116.6
1992-05-01,6,Colima,17.3,26.1,34.9,0.0
1992-05-01,7,Chiapas,18.7,25.5,32.2,24.8
1992-05-01,8,Chihuahua,11.1,20.3,29.5,32.8
1992-05-01,9,Ciudad de México,9.7,17.2,24.7,118.7
1992-05-01,10,Durango,10.2,19.6,29.0,25.1
1992-05-01,11,Guanajuato,11.7,19.5,27.4,78.6
1992-05-01,12,Guerrero,19.9,27.3,34.7,37.9
1992-05-01,13,Hidalgo,9.7,17.5,25.3,115.1
1992-05-01,14,Jalisco,12.8,22.2,31.5,24.4
1992-05-01,15,Estado de México,7.7,15.6,23.5,112.4
1992-05-01,16,Michoacán,12.8,21.6,30.4,40.6
1992-05-01,17,Morelos,16.0,23.9,31.7,119.8
1992-05-01,18,Nayarit,17.8,26.3,34.9,24.6
1992-05-01,19,Nuevo León,15.0,21.9,28.8,118.0
1992-05-01,20,Oaxaca,16.1,23.1,30.2,49.4
1992-05-01,21,Puebla,11.4,18.8,26.2,95.4
1992-05-01,22,Querétaro,11.2,19.3,27.5,85.2
1992-05-01,23,Quintana Roo,20.1,26.3,32.6,24.1
1992-05-01,24,San Luis Potosí,15.5,22.5,29.5,84.7
1992-05-01,25,Sinaloa,18.1,26.7,35.4,0.0
1992-05-01,26,Sonora,14.9,24.8,34.7,8.0
1992-05-01,27,Tabasco,22.9,29.1,35.3,52.3
1992-05-01,28,Tamaulipas,19.0,25.2,31.3,113.4
1992-05-01,29,Tlaxcala,7.4,15.4,23.4,209.2
1992-05-01,30,Veracruz,18.6,24.3,30.1,74.2
1992-05-01,31,Yucatán,20.0,27.1,34.2,10.8
1992-05-01,32,Zacatecas,9.9,19.0,28.1,45.4
1992-06-01,0,Nacional,16.7,23.9,31.1,69.1
1992-06-01,1,Aguascalientes,13.1,20.9,28.6,36.1
1992-06-01,2,Baja California,14.2,22.3,30.4,0.0
1992-06-01,3,Baja California Sur,16.7,25.3,34.0,0.0
1992-06-01,4,Campeche,21.0,27.7,34.5,272.0
1992-06-01,5,Coahuila,17.6,25.2,32.8,43.1
1992-06-01,6,Colima,19.1,26.7,34.3,31.0
1992-06-01,7,Chiapas,19.3,25.2,31.2,289.7
1992-06-01,8,Chihuahua,15.1,24.6,34.1,20.5
1992-06-01,9,Ciudad de México,11.0,18.1,25.2,70.6
1992-06-01,10,Durango,14.2,23.1,32.0,11.3
1992-06-01,11,Guanajuato,12.7,20.4,28.1,70.1
1992-06-01,12,Guerrero,20.4,26.7,33.1,68.6
1992-06-01,13,Hidalgo,11.2,18.2,25.2,64.8
1992-06-01,14,Jalisco,16.5,24.2,31.9,38.0
1992-06-01,15,Estado de México,9.2,16.3,23.3,67.3
1992-06-01,16,Michoacán,15.0,22.5,29.9,35.5
1992-06-01,17,Morelos,17.2,23.7,30.3,131.4
1992-06-01,18,Nayarit,21.6,28.4,35.3,17.0
1992-06-01,19,Nuevo León,17.3,24.5,31.6,42.3
1992-06-01,20,Oaxaca,16.8,22.9,29.0,139.0
1992-06-01,21,Puebla,12.5,19.2,25.9,134.6
1992-06-01,22,Querétaro,12.7,20.2,27.6,70.8
1992-06-01,23,Quintana Roo,22.1,27.3,32.5,278.2
1992-06-01,24,San Luis Potosí,17.0,23.6,30.2,48.6
1992-06-01,25,Sinaloa,22.7,30.2,37.8,0.0
1992-06-01,26,Sonora,18.3,28.5,38.6,5.7
1992-06-01,27,Tabasco,23.4,29.3,35.2,282.2
1992-06-01,28,Tamaulipas,21.3,27.3,33.3,67.9
1992-06-01,29,Tlaxcala,9.1,16.3,23.6,94.8
1992-06-01,30,Veracruz,20.0,25.3,30.7,167.7
1992-06-01,31,Yucatán,21.0,27.5,34.1,165.1
1992-06-01,32,Zacatecas,13.4,21.6,29.9,28.2
1992-07-01,0,Nacional,16.7,23.3,29.9,130.0
1992-07-01,1,Aguascalientes,12.8,19.6,26.5,87.6
1992-07-01,2,Baja California,16.3,24.2,32.2,5.3
1992-07-01,3,Baja California Sur,20.2,27.7,35.3,6.2
1992-07-01,4,Campeche,20.4,27.2,34.0,78.9
1992-07-01,5,Coahuila,18.3,25.8,33.3,90.5
1992-07-01,6,Colima,19.6,26.2,32.8,192.3
1992-07-01,7,Chiapas,18.6,24.5,30.4,179.6
1992-07-01,8,Chihuahua,16.9,24.4,32.0,98.0
1992-07-01,9,Ciudad de México,10.6,17.2,23.8,150.0
1992-07-01,10,Durango,14.6,22.1,29.5,87.2
1992-07-01,11,Guanajuato,12.8,19.7,26.6,198.5
1992-07-01,12,Guerrero,19.4,25.3,31.3,136.3
1992-07-01,13,Hidalgo,11.0,17.5,24.0,132.6
1992-07-01,14,Jalisco,15.8,22.1,28.5,193.0
1992-07-01,15,Estado de México,9.0,15.3,21.6,131.7
1992-07-01,16,Michoacán,14.4,20.6,26.8,133.5
1992-07-01,17,Morelos,16.0,22.2,28.4,213.4
1992-07-01,18,Nayarit,21.4,27.2,33.0,233.4
1992-07-01,19,Nuevo León,18.0,25.3,32.6,62.9
1992-07-01,20,Oaxaca,16.1,21.9,27.8,145.3
1992-07-01,21,Puebla,11.7,18.2,24.8,131.9
1992-07-01,22,Querétaro,13.0,19.8,26.6,180.8
1992-07-01,23,Quintana Roo,21.7,27.1,32.5,112.6
1992-07-01,24,San Luis Potosí,17.0,23.1,29.2,60.2
1992-07-01,25,Sinaloa,23.7,29.5,35.4,151.0
1992-07-01,26,Sonora,21.2,29.1,37.0,67.1
1992-07-01,27,Tabasco,22.9,28.7,34.5,124.2
1992-07-01,28,Tamaulipas,21.3,27.2,33.2,56.8
1992-07-01,29,Tlaxcala,7.9,15.1,22.3,131.7
1992-07-01,30,Veracruz,19.2,24.4,29.6,156.3
1992-07-01,31,Yucatán,20.8,27.3,33.9,122.6
1992-07-01,32,Zacatecas,13.0,20.2,27.4,76.2
1992-08-01,0,Nacional,16.6,23.1,29.7,132.1
1992-08-01,1,Aguascalientes,12.2,19.1,26.1,70.7
1992-08-01,2,Baja California,17.7,25.7,33.7,0.0
1992-08-01,3,Baja California Sur,21.3,28.3,35.2,8.5
1992-08-01,4,Campeche,20.1,26.9,33.7,172.8
1992-08-01,5,Coahuila,17.7,25.2,32.7,45.8
1992-08-01,6,Colima,19.7,26.3,32.9,143.0
1992-08-01,7,Chiapas,18.5,24.4,30.3,220.6
1992-08-01,8,Chihuahua,15.9,23.4,30.9,104.0
1992-08-01,9,Ciudad de México,10.5,17.0,23.5,171.8
1992-08-01,10,Durango,14.0,21.4,28.7,139.2
1992-08-01,11,Guanajuato,12.6,19.0,25.5,163.6
1992-08-01,12,Guerrero,19.3,25.2,31.2,212.2
1992-08-01,13,Hidalgo,10.7,17.3,24.0,124.6
1992-08-01,14,Jalisco,15.5,21.9,28.3,249.8
1992-08-01,15,Estado de México,9.0,15.3,21.5,175.6
1992-08-01,16,Michoacán,14.4,20.4,26.5,178.1
1992-08-01,17,Morelos,16.1,22.3,28.5,253.5
1992-08-01,18,Nayarit,21.2,27.1,33.0,238.6
1992-08-01,19,Nuevo León,17.6,24.8,32.1,94.3
1992-08-01,20,Oaxaca,16.0,21.8,27.7,137.2
1992-08-01,21,Puebla,11.4,17.9,24.5,148.9
1992-08-01,22,Querétaro,12.5,19.3,26.1,172.4
1992-08-01,23,Quintana Roo,21.4,27.0,32.7,167.5
1992-08-01,24,San Luis Potosí,16.7,23.2,29.6,63.6
1992-08-01,25,Sinaloa,23.3,29.0,34.7,170.6
1992-08-01,26,Sonora,21.4,28.7,36.0,128.2
1992-08-01,27,Tabasco,22.7,28.5,34.3,217.1
1992-08-01,28,Tamaulipas,21.0,27.6,34.1,146.8
1992-08-01,29,Tlaxcala,7.8,15.2,22.6,173.7
1992-08-01,30,Veracruz,18.8,24.1,29.4,289.8
1992-08-01,31,Yucatán,20.5,27.2,33.9,172.8
1992-08-01,32,Zacatecas,12.6,19.9,27.1,75.9
1992-09-01,0,Nacional,16.1,22.4,28.8,124.7
1992-09-01,1,Aguascalientes,12.0,18.6,25.3,46.8
1992-09-01,2,Baja California,15.7,24.4,33.1,9.7
1992-09-01,3,Baja California Sur,20.4,27.5,34.6,31.1
1992-09-01,4,Campeche,20.1,26.5,32.9,267.6
1992-09-01,5,Coahuila,15.9,23.0,30.1,53.6
1992-09-01,6,Colima,19.8,26.0,32.3,347.4
1992-09-01,7,Chiapas,18.4,24.2,29.9,235.9
1992-09-01,8,Chihuahua,13.5,21.4,29.2,59.8
1992-09-01,9,Ciudad de México,10.5,16.4,22.4,189.8
1992-09-01,10,Durango,12.6,19.5,26.4,43.9
1992-09-01,11,Guanajuato,12.3,18.9,25.5,124.5
1992-09-01,12,Guerrero,19.0,24.7,30.4,308.9
1992-09-01,13,Hidalgo,10.6,16.7,22.7,95.3
1992-09-01,14,Jalisco,15.2,21.5,27.8,192.1
1992-09-01,15,Estado de México,9.1,15.0,21.0,244.0
1992-09-01,16,Michoacán,14.1,20.0,25.9,250.3
1992-09-01,17,Morelos,15.9,21.8,27.7,298.4
1992-09-01,18,Nayarit,21.2,27.0,32.8,213.1
1992-09-01,19,Nuevo León,16.5,23.2,29.9,74.6
1992-09-01,20,Oaxaca,16.0,21.6,27.3,140.1
1992-09-01,21,Puebla,11.5,17.7,23.9,196.3
1992-09-01,22,Querétaro,12.5,18.9,25.3,117.1
1992-09-01,23,Quintana Roo,21.3,26.6,32.0,196.8
1992-09-01,24,San Luis Potosí,16.3,22.2,28.2,71.6
1992-09-01,25,Sinaloa,22.8,28.6,34.4,130.9
1992-09-01,26,Sonora,19.4,27.6,35.8,58.3
1992-09-01,27,Tabasco,22.6,28.0,33.5,432.5
1992-09-01,28,Tamaulipas,20.3,26.2,32.2,73.5
1992-09-01,29,Tlaxcala,8.1,14.8,21.5,164.9
1992-09-01,30,Veracruz,18.8,23.7,28.6,370.3
1992-09-01,31,Yucatán,20.4,26.8,33.2,235.4
1992-09-01,32,Zacatecas,12.0,18.8,25.7,63.3
1992-10-01,0,Nacional,14.1,21.1,28.1,74.2
1992-10-01,1,Aguascalientes,9.8,17.1,24.5,152.7
1992-10-01,2,Baja California,12.6,20.9,29.2,0.0
1992-10-01,3,Baja California Sur,17.3,25.3,33.3,0.0
1992-10-01,4,Campeche,19.9,26.2,32.5,153.0
1992-10-01,5,Coahuila,12.1,19.9,27.8,8.3
1992-10-01,6,Colima,19.1,25.8,32.6,225.4
1992-10-01,7,Chiapas,18.1,23.9,29.6,71.3
1992-10-01,8,Chihuahua,8.1,17.5,26.9,14.0
1992-10-01,9,Ciudad de México,8.8,15.8,22.7,149.3
1992-10-01,10,Durango,8.8,17.3,25.8,19.0
1992-10-01,11,Guanajuato,10.2,17.0,23.9,89.1
1992-10-01,12,Guerrero,19.0,25.0,31.0,194.9
1992-10-01,13,Hidalgo,8.6,15.7,22.9,133.7
1992-10-01,14,Jalisco,13.3,20.6,27.8,150.3
1992-10-01,15,Estado de México,7.2,14.1,21.1,108.8
1992-10-01,16,Michoacán,12.4,19.2,26.1,164.2
1992-10-01,17,Morelos,15.1,21.7,28.3,145.7
1992-10-01,18,Nayarit,20.0,26.4,32.8,52.2
1992-10-01,19,Nuevo León,12.9,20.0,27.2,42.1
1992-10-01,20,Oaxaca,15.2,21.3,27.5,38.1
1992-10-01,21,Puebla,10.4,17.3,24.2,160.3
1992-10-01,22,Querétaro,10.2,17.4,24.6,103.0
1992-10-01,23,Quintana Roo,20.8,26.1,31.3,172.8
1992-10-01,24,San Luis Potosí,13.9,20.2,26.6,121.2
1992-10-01,25,Sinaloa,20.0,27.4,34.8,10.0
1992-10-01,26,Sonora,14.7,24.0,33.3,8.5
1992-10-01,27,Tabasco,22.1,27.0,31.9,165.6
1992-10-01,28,Tamaulipas,16.8,23.1,29.4,199.3
1992-10-01,29,Tlaxcala,6.2,14.1,22.1,106.8
1992-10-01,30,Veracruz,17.2,22.6,27.9,246.0
1992-10-01,31,Yucatán,19.7,26.0,32.4,161.8
1992-10-01,32,Zacatecas,9.4,17.2,25.1,54.2
1992-11-01,0,Nacional,11.4,18.7,26.1,39.1
1992-11-01,1,Aguascalientes,6.1,14.9,23.8,26.1
1992-11-01,2,Baja California,8.3,16.4,24.5,0.0
1992-11-01,3,Baja California Sur,12.8,20.5,28.2,0.0
1992-11-01,4,Campeche,18.8,25.3,31.8,163.8
1992-11-01,5,Coahuila,7.7,15.3,22.9,12.1
1992-11-01,6,Colima,17.6,24.9,32.3,3.7
1992-11-01,7,Chiapas,17.0,23.2,29.4,65.7
1992-11-01,8,Chihuahua,2.6,11.7,20.8,15.3
1992-11-01,9,Ciudad de México,7.5,14.8,22.2,60.9
1992-11-01,10,Durango,5.0,13.7,22.4,18.6
1992-11-01,11,Guanajuato,7.8,15.6,23.4,27.6
1992-11-01,12,Guerrero,17.7,24.4,31.1,29.4
1992-11-01,13,Hidalgo,7.1,14.8,22.6,57.9
1992-11-01,14,Jalisco,9.8,18.5,27.2,14.1
1992-11-01,15,Estado de México,5.5,13.2,20.9,42.5
1992-11-01,16,Michoacán,10.3,18.2,26.1,22.3
1992-11-01,17,Morelos,13.4,20.7,28.0,48.8
1992-11-01,18,Nayarit,16.6,24.0,31.4,4.7
1992-11-01,19,Nuevo León,8.6,15.5,22.5,99.0
1992-11-01,20,Oaxaca,14.4,20.8,27.1,35.7
1992-11-01,21,Puebla,8.8,16.0,23.3,50.5
1992-11-01,22,Querétaro,8.6,16.3,24.1,26.6
1992-11-01,23,Quintana Roo,19.7,25.0,30.4,183.3
1992-11-01,24,San Luis Potosí,11.2,17.8,24.4,33.1
1992-11-01,25,Sinaloa,14.8,22.6,30.4,9.8
1992-11-01,26,Sonora,8.4,17.3,26.2,3.1
1992-11-01,27,Tabasco,21.1,26.0,30.9,134.3
1992-11-01,28,Tamaulipas,13.2,19.1,25.0,55.7
1992-11-01,29,Tlaxcala,4.9,13.2,21.6,44.6
1992-11-01,30,Veracruz,15.7,20.7,25.8,93.3
1992-11-01,31,Yucatán,18.6,25.1,31.5,169.7
1992-11-01,32,Zacatecas,5.6,14.5,23.4,40.0
1992-12-01,0,Nacional,9.8,17.6,25.5,26.2
1992-12-01,1,Aguascalientes,4.7,14.1,23.5,9.9
1992-12-01,2,Baja California,6.0,13.1,20.3,30.5
1992-12-01,3,Baja California Sur,10.5,17.7,25.0,16.5
1992-12-01,4,Campeche,17.2,24.3,31.4,16.6
1992-12-01,5,Coahuila,6.4,14.2,22.0,12.1
1992-12-01,6,Colima,15.9,24.1,32.3,84.2
1992-12-01,7,Chiapas,15.7,22.4,29.1,8.8
1992-12-01,8,Chihuahua,2.3,10.7,19.1,19.3
1992-12-01,9,Ciudad de México,5.3,13.6,22.0,4.9
1992-12-01,10,Durango,4.2,13.0,21.8,22.3
1992-12-01,11,Guanajuato,6.3,15.0,23.7,15.6
1992-12-01,12,Guerrero,16.2,23.6,31.0,25.0
1992-12-01,13,Hidalgo,5.0,13.9,22.8,21.3
1992-12-01,14,Jalisco,8.2,17.5,26.9,58.1
1992-12-01,15,Estado de México,3.3,12.2,21.0,5.2
1992-12-01,16,Michoacán,8.1,17.1,26.2,27.9
1992-12-01,17,Morelos,11.4,19.7,27.9,7.2
1992-12-01,18,Nayarit,15.1,22.9,30.7,107.4
1992-12-01,19,Nuevo León,7.7,14.7,21.7,12.0
1992-12-01,20,Oaxaca,12.8,19.9,27.0,6.0
1992-12-01,21,Puebla,6.9,15.2,23.4,6.4
1992-12-01,22,Querétaro,7.0,15.6,24.2,23.8
1992-12-01,23,Quintana Roo,17.3,23.4,29.5,52.5
1992-12-01,24,San Luis Potosí,10.0,17.1,24.3,17.2
1992-12-01,25,Sinaloa,13.4,20.9,28.4,54.4
1992-12-01,26,Sonora,6.8,14.8,22.8,55.0
1992-12-01,27,Tabasco,19.7,24.8,29.9,29.9
1992-12-01,28,Tamaulipas,12.0,18.3,24.6,7.1
1992-12-01,29,Tlaxcala,2.4,12.3,22.1,3.2
1992-12-01,30,Veracruz,14.6,20.1,25.7,31.6
1992-12-01,31,Yucatán,16.3,23.4,30.6,12.7
1992-12-01,32,Zacatecas,4.7,13.9,23.1,23.9
1993-01-01,0,Nacional,9.3,17.2,25.1,43.2
1993-01-01,1,Aguascalientes,3.9,13.1,22.4,15.4
1993-01-01,2,Baja California,6.7,13.6,20.5,218.4
1993-01-01,3,Baja California Sur,9.6,17.4,25.3,61.3
1993-01-01,4,Campeche,17.2,24.1,31.0,84.6
1993-01-01,5,Coahuila,5.6,13.2,20.9,10.4
1993-01-01,6,Colima,14.0,23.1,32.3,31.9
1993-01-01,7,Chiapas,15.0,22.0,29.0,7.4
1993-01-01,8,Chihuahua,1.7,10.3,18.9,21.8
1993-01-01,9,Ciudad de México,5.6,13.8,22.1,11.9
1993-01-01,10,Durango,2.8,11.8,20.7,6.1
1993-01-01,11,Guanajuato,6.2,14.8,23.4,9.7
1993-01-01,12,Guerrero,15.9,23.4,30.8,4.4
1993-01-01,13,Hidalgo,5.1,13.6,22.2,23.4
1993-01-01,14,Jalisco,7.0,16.8,26.5,16.5
1993-01-01,15,Estado de México,3.4,12.1,20.8,8.2
1993-01-01,16,Michoacán,7.6,16.8,26.0,9.5
1993-01-01,17,Morelos,11.2,19.6,28.0,0.0
1993-01-01,18,Nayarit,13.2,21.6,30.1,20.8
1993-01-01,19,Nuevo León,6.6,13.4,20.3,24.2
1993-01-01,20,Oaxaca,13.1,20.2,27.4,11.2
1993-01-01,21,Puebla,6.8,14.9,23.0,8.7
1993-01-01,22,Querétaro,6.9,15.3,23.8,13.7
1993-01-01,23,Quintana Roo,17.7,23.3,28.9,222.6
1993-01-01,24,San Luis Potosí,9.3,16.4,23.4,18.2
1993-01-01,25,Sinaloa,11.6,20.2,28.8,17.7
1993-01-01,26,Sonora,6.8,15.0,23.3,85.3
1993-01-01,27,Tabasco,19.4,24.5,29.5,62.3
1993-01-01,28,Tamaulipas,11.1,17.3,23.4,19.1
1993-01-01,29,Tlaxcala,2.7,12.0,21.4,4.5
1993-01-01,30,Veracruz,13.9,19.4,24.9,43.7
1993-01-01,31,Yucatán,17.1,23.8,30.4,211.8
1993-01-01,32,Zacatecas,3.3,12.5,21.8,13.3
1993-02-01,0,Nacional,9.7,18.1,26.5,15.3
1993-02-01,1,Aguascalientes,4.7,14.7,24.8,0.0
1993-02-01,2,Baja California,6.9,13.6,20.4,20.0
1993-02-01,3,Baja California Sur,8.9,17.1,25.3,12.9
1993-02-01,4,Campeche,17.6,24.9,32.2,16.1
1993-02-01,5,Coahuila,6.6,14.7,22.8,10.7
1993-02-01,6,Colima,13.6,23.2,32.7,0.0
1993-02-01,7,Chiapas,15.2,22.6,30.1,4.3
1993-02-01,8,Chihuahua,2.3,11.7,21.1,12.2
1993-02-01,9,Ciudad de México,6.3,15.2,24.1,16.9
1993-02-01,10,Durango,3.7,13.5,23.3,2.8
1993-02-01,11,Guanajuato,6.2,15.7,25.2,4.4
1993-02-01,12,Guerrero,16.6,24.2,31.8,8.2
1993-02-01,13,Hidalgo,5.6,14.8,24.0,24.2
1993-02-01,14,Jalisco,7.3,17.8,28.4,0.0
1993-02-01,15,Estado de México,4.0,13.2,22.5,9.8
1993-02-01,16,Michoacán,8.1,17.9,27.6,3.0
1993-02-01,17,Morelos,12.3,21.1,29.9,3.8
1993-02-01,18,Nayarit,12.7,22.0,31.3,0.0
1993-02-01,19,Nuevo León,7.8,15.1,22.5,20.0
1993-02-01,20,Oaxaca,13.3,20.9,28.6,6.6
1993-02-01,21,Puebla,7.6,15.8,23.9,15.8
1993-02-01,22,Querétaro,7.7,16.8,26.0,12.8
1993-02-01,23,Quintana Roo,17.6,23.8,30.1,28.9
1993-02-01,24,San Luis Potosí,10.0,17.7,25.5,26.2
1993-02-01,25,Sinaloa,10.9,20.2,29.4,13.4
1993-02-01,26,Sonora,6.6,15.1,23.7,35.2
1993-02-01,27,Tabasco,19.8,25.4,31.1,28.6
1993-02-01,28,Tamaulipas,12.3,18.8,25.4,26.8
1993-02-01,29,Tlaxcala,3.6,13.3,23.0,7.7
1993-02-01,30,Veracruz,14.6,20.3,26.1,39.2
1993-02-01,31,Yucatán,16.7,23.9,31.1,6.8
1993-02-01,32,Zacatecas,3.9,14.1,24.3,3.2
1993-03-01,0,Nacional,11.0,19.7,28.4,14.2
1993-03-01,1,Aguascalientes,6.2,16.2,26.2,0.0
1993-03-01,2,Baja California,8.6,16.0,23.4,5.1
1993-03-01,3,Baja California Sur,10.6,19.3,28.0,0.0
1993-03-01,4,Campeche,17.8,25.6,33.3,30.8
1993-03-01,5,Coahuila,8.9,17.3,25.8,15.2
1993-03-01,6,Colima,13.7,23.7,33.7,0.0
1993-03-01,7,Chiapas,16.2,23.8,31.5,24.3
1993-03-01,8,Chihuahua,4.3,14.0,23.7,7.5
1993-03-01,9,Ciudad de México,7.7,16.7,25.8,5.3
1993-03-01,10,Durango,5.5,15.3,25.1,0.0
1993-03-01,11,Guanajuato,7.4,17.0,26.6,0.5
1993-03-01,12,Guerrero,17.5,25.3,33.0,4.8
1993-03-01,13,Hidalgo,6.9,16.2,25.6,25.7
1993-03-01,14,Jalisco,8.5,19.3,30.1,0.0
1993-03-01,15,Estado de México,5.3,14.6,23.9,5.1
1993-03-01,16,Michoacán,9.2,19.3,29.4,1.1
1993-03-01,17,Morelos,13.7,22.7,31.7,2.7
1993-03-01,18,Nayarit,13.5,23.0,32.5,0.0
1993-03-01,19,Nuevo León,9.8,17.6,25.5,17.0
1993-03-01,20,Oaxaca,14.1,21.9,29.7,34.1
1993-03-01,21,Puebla,9.1,17.5,25.9,45.1
1993-03-01,22,Querétaro,8.9,18.2,27.4,12.6
1993-03-01,23,Quintana Roo,17.9,24.3,30.8,42.8
1993-03-01,24,San Luis Potosí,11.3,19.5,27.7,7.7
1993-03-01,25,Sinaloa,12.5,21.9,31.3,0.0
1993-03-01,26,Sonora,8.5,18.2,27.8,5.7
1993-03-01,27,Tabasco,20.3,26.6,32.9,53.8
1993-03-01,28,Tamaulipas,14.0,21.1,28.2,27.3
1993-03-01,29,Tlaxcala,5.1,14.8,24.5,11.1
1993-03-01,30,Veracruz,15.5,21.7,27.9,48.8
1993-03-01,31,Yucatán,17.4,24.9,32.5,41.6
1993-03-01,32,Zacatecas,5.3,15.5,25.8,7.9
1993-04-01,0,Nacional,12.9,21.6,30.2,15.8
1993-04-01,1,Aguascalientes,8.5,18.2,27.9,4.6
1993-04-01,2,Baja California,9.5,17.7,25.9,0.0
1993-04-01,3,Baja California Sur,11.9,20.9,30.0,0.0
1993-04-01,4,Campeche,19.8,27.6,35.5,51.6
1993-04-01,5,Coahuila,11.9,20.7,29.6,8.7
1993-04-01,6,Colima,14.8,24.3,33.8,0.0
1993-04-01,7,Chiapas,17.9,25.3,32.7,49.1
1993-04-01,8,Chihuahua,7.5,17.8,28.1,3.5
1993-04-01,9,Ciudad de México,8.8,17.5,26.2,17.4
1993-04-01,10,Durango,8.1,18.1,28.1,2.5
1993-04-01,11,Guanajuato,9.9,19.4,28.9,14.7
1993-04-01,12,Guerrero,18.4,26.2,34.0,5.4
1993-04-01,13,Hidalgo,8.9,17.7,26.6,24.3
1993-04-01,14,Jalisco,10.5,21.0,31.5,2.9
1993-04-01,15,Estado de México,7.0,15.8,24.6,17.9
1993-04-01,16,Michoacán,11.3,21.0,30.7,11.0
1993-04-01,17,Morelos,15.1,23.9,32.7,17.6
1993-04-01,18,Nayarit,14.8,24.5,34.2,0.0
1993-04-01,19,Nuevo León,12.7,20.7,28.8,17.3
1993-04-01,20,Oaxaca,15.6,23.3,31.0,9.0
1993-04-01,21,Puebla,10.7,18.8,27.0,28.4
1993-04-01,22,Querétaro,10.8,19.6,28.5,21.1
1993-04-01,23,Quintana Roo,19.7,25.9,32.2,70.3
1993-04-01,24,San Luis Potosí,13.9,21.9,29.9,28.9
1993-04-01,25,Sinaloa,14.1,24.1,34.1,0.0
1993-04-01,26,Sonora,10.4,21.1,31.9,11.3
1993-04-01,27,Tabasco,22.1,28.4,34.8,71.4
1993-04-01,28,Tamaulipas,17.1,23.9,30.8,25.2
1993-04-01,29,Tlaxcala,6.6,15.8,25.0,37.5
1993-04-01,30,Veracruz,17.8,24.0,30.2,38.9
1993-04-01,31,Yucatán,19.1,26.5,33.8,38.9
1993-04-01,32,Zacatecas,7.7,17.8,27.9,3.9
1993-05-01,0,Nacional,14.9,23.1,31.3,34.2
1993-05-01,1,Aguascalientes,11.4,20.6,29.8,7.8
1993-05-01,2,Baja California,11.7,19.3,27.0,0.0
1993-05-01,3,Baja California Sur,13.5,22.1,30.8,0.0
1993-05-01,4,Campeche,20.3,27.9,35.5,78.0
1993-05-01,5,Coahuila,15.3,23.4,31.5,40.3
1993-05-01,6,Colima,16.6,25.5,34.4,0.0
1993-05-01,7,Chiapas,18.8,25.6,32.5,90.6
1993-05-01,8,Chihuahua,11.4,21.4,31.5,14.7
1993-05-01,9,Ciudad de México,9.6,17.8,26.0,20.0
1993-05-01,10,Durango,11.2,21.0,30.8,8.2
1993-05-01,11,Guanajuato,11.6,20.5,29.4,12.5
1993-05-01,12,Guerrero,20.1,27.5,34.9,3.5
1993-05-01,13,Hidalgo,9.9,18.2,26.6,40.5
1993-05-01,14,Jalisco,13.1,23.0,32.8,3.7
1993-05-01,15,Estado de México,8.2,16.6,25.1,14.8
1993-05-01,16,Michoacán,13.2,22.5,31.8,4.3
1993-05-01,17,Morelos,16.6,24.8,33.0,7.5
1993-05-01,18,Nayarit,17.3,26.2,35.2,3.7
1993-05-01,19,Nuevo León,15.6,22.9,30.2,51.7
1993-05-01,20,Oaxaca,16.6,23.8,31.0,15.2
1993-05-01,21,Puebla,11.6,19.4,27.1,31.8
1993-05-01,22,Querétaro,12.3,20.8,29.4,30.2
1993-05-01,23,Quintana Roo,21.2,27.2,33.2,203.9
1993-05-01,24,San Luis Potosí,16.1,23.4,30.7,62.0
1993-05-01,25,Sinaloa,17.1,26.4,35.8,5.0
1993-05-01,26,Sonora,14.2,24.5,34.8,4.8
1993-05-01,27,Tabasco,23.3,29.5,35.8,100.8
1993-05-01,28,Tamaulipas,19.7,26.2,32.6,110.0
1993-05-01,29,Tlaxcala,7.7,16.4,25.1,21.8
1993-05-01,30,Veracruz,19.3,25.2,31.2,78.8
1993-05-01,31,Yucatán,20.3,27.4,34.5,113.7
1993-05-01,32,Zacatecas,10.8,20.4,30.1,14.8
1993-06-01,0,Nacional,16.7,23.8,30.8,133.4
1993-06-01,1,Aguascalientes,13.5,20.7,27.9,77.0
1993-06-01,2,Baja California,14.2,22.5,30.7,0.0
1993-06-01,3,Baja California Sur,16.7,25.2,33.6,0.0
1993-06-01,4,Campeche,21.0,27.7,34.4,182.5
1993-06-01,5,Coahuila,17.8,25.4,33.0,75.2
1993-06-01,6,Colima,18.6,26.1,33.5,296.7
1993-06-01,7,Chiapas,18.6,24.8,31.1,235.9
1993-06-01,8,Chihuahua,16.0,25.3,34.7,9.0
1993-06-01,9,Ciudad de México,10.5,17.4,24.3,150.7
1993-06-01,10,Durango,14.5,22.8,31.2,46.1
1993-06-01,11,Guanajuato,13.7,21.1,28.5,224.5
1993-06-01,12,Guerrero,20.1,26.4,32.7,234.9
1993-06-01,13,Hidalgo,11.2,18.1,25.0,155.6
1993-06-01,14,Jalisco,16.2,23.7,31.2,232.7
1993-06-01,15,Estado de México,9.6,16.2,22.9,140.4
1993-06-01,16,Michoacán,14.8,22.0,29.1,269.2
1993-06-01,17,Morelos,17.1,23.6,30.2,272.9
1993-06-01,18,Nayarit,21.0,28.1,35.3,214.7
1993-06-01,19,Nuevo León,17.6,24.6,31.5,207.2
1993-06-01,20,Oaxaca,16.9,23.1,29.4,253.9
1993-06-01,21,Puebla,12.4,19.0,25.7,190.1
1993-06-01,22,Querétaro,13.1,20.1,27.2,160.7
1993-06-01,23,Quintana Roo,22.2,27.3,32.4,292.5
1993-06-01,24,San Luis Potosí,17.3,23.6,29.9,182.3
1993-06-01,25,Sinaloa,22.9,30.1,37.4,22.0
1993-06-01,26,Sonora,19.6,29.2,38.8,11.1
1993-06-01,27,Tabasco,23.2,29.4,35.6,264.5
1993-06-01,28,Tamaulipas,21.4,27.2,33.1,264.2
1993-06-01,29,Tlaxcala,8.8,16.0,23.2,124.9
1993-06-01,30,Veracruz,19.9,25.4,30.9,386.5
1993-06-01,31,Yucatán,20.6,27.1,33.5,289.2
1993-06-01,32,Zacatecas,13.6,21.2,28.8,62.4
1993-07-01,0,Nacional,16.7,23.5,30.4,117.6
1993-07-01,1,Aguascalientes,12.7,19.8,27.0,106.6
1993-07-01,2,Baja California,16.1,24.0,31.9,0.1
1993-07-01,3,Baja California Sur,19.8,27.3,34.9,8.8
1993-07-01,4,Campeche,20.6,27.5,34.5,132.9
1993-07-01,5,Coahuila,18.3,26.1,33.9,32.4
1993-07-01,6,Colima,19.3,26.1,32.8,339.8
1993-07-01,7,Chiapas,18.3,24.5,30.8,193.3
1993-07-01,8,Chihuahua,16.9,24.6,32.3,133.8
1993-07-01,9,Ciudad de México,10.0,16.9,23.9,190.8
1993-07-01,10,Durango,14.8,22.3,29.8,122.3
1993-07-01,11,Guanajuato,13.0,19.6,26.2,190.2
1993-07-01,12,Guerrero,19.3,25.4,31.6,241.8
1993-07-01,13,Hidalgo,10.4,17.4,24.4,100.1
1993-07-01,14,Jalisco,15.6,22.3,28.9,322.7
1993-07-01,15,Estado de México,8.9,15.3,21.8,154.4
1993-07-01,16,Michoacán,14.2,20.7,27.2,223.8
1993-07-01,17,Morelos,16.0,22.6,29.2,200.7
1993-07-01,18,Nayarit,21.4,27.5,33.7,254.9
1993-07-01,19,Nuevo León,17.9,25.4,33.0,9.7
1993-07-01,20,Oaxaca,16.3,22.5,28.7,227.5
1993-07-01,21,Puebla,11.4,18.3,25.1,176.6
1993-07-01,22,Querétaro,12.9,20.0,27.1,195.3
1993-07-01,23,Quintana Roo,22.0,27.5,33.1,50.9
1993-07-01,24,San Luis Potosí,17.0,23.6,30.2,64.0
1993-07-01,25,Sinaloa,24.1,30.2,36.3,124.8
1993-07-01,26,Sonora,21.8,29.7,37.6,55.4
1993-07-01,27,Tabasco,22.9,29.1,35.2,126.8
1993-07-01,28,Tamaulipas,21.5,27.9,34.3,33.2
1993-07-01,29,Tlaxcala,7.7,15.3,23.0,126.1
1993-07-01,30,Veracruz,19.2,24.8,30.5,140.5
1993-07-01,31,Yucatán,20.5,27.2,33.9,67.9
1993-07-01,32,Zacatecas,13.0,20.3,27.7,101.5
1993-08-01,0,Nacional,16.7,23.3,29.9,164.1
1993-08-01,1,Aguascalientes,12.3,19.4,26.4,110.1
1993-08-01,2,Baja California,17.7,25.5,33.4,5.3
1993-08-01,3,Baja California Sur,21.3,28.1,34.9,80.1
1993-08-01,4,Campeche,20.5,27.2,33.9,219.2
1993-08-01,5,Coahuila,17.9,25.6,33.3,18.0
1993-08-01,6,Colima,19.5,26.0,32.6,330.4
1993-08-01,7,Chiapas,18.3,24.2,30.2,599.8
1993-08-01,8,Chihuahua,16.3,24.2,32.1,132.2
1993-08-01,9,Ciudad de México,10.2,16.9,23.6,130.1
1993-08-01,10,Durango,14.4,21.8,29.3,80.7
1993-08-01,11,Guanajuato,12.9,19.9,26.8,152.0
1993-08-01,12,Guerrero,19.2,25.2,31.3,222.1
1993-08-01,13,Hidalgo,10.7,17.4,24.1,88.8
1993-08-01,14,Jalisco,15.5,22.0,28.5,158.8
1993-08-01,15,Estado de México,9.0,15.2,21.4,98.0
1993-08-01,16,Michoacán,14.2,20.4,26.7,160.8
1993-08-01,17,Morelos,16.1,22.5,28.9,162.8
1993-08-01,18,Nayarit,21.2,27.1,33.0,397.6
1993-08-01,19,Nuevo León,17.4,24.8,32.2,45.0
1993-08-01,20,Oaxaca,16.3,22.3,28.3,481.1
1993-08-01,21,Puebla,11.7,18.1,24.5,351.1
1993-08-01,22,Querétaro,12.6,19.6,26.7,76.0
1993-08-01,23,Quintana Roo,21.8,27.4,33.1,141.2
1993-08-01,24,San Luis Potosí,16.8,23.3,29.7,163.4
1993-08-01,25,Sinaloa,23.7,29.3,35.0,189.8
1993-08-01,26,Sonora,22.0,29.4,36.8,143.0
1993-08-01,27,Tabasco,22.7,28.4,34.2,388.8
1993-08-01,28,Tamaulipas,21.0,27.5,34.0,60.2
1993-08-01,29,Tlaxcala,7.9,15.2,22.5,73.5
1993-08-01,30,Veracruz,18.9,24.2,29.5,248.0
1993-08-01,31,Yucatán,20.3,27.0,33.8,82.5
1993-08-01,32,Zacatecas,12.7,19.9,27.1,105.7
1993-09-01,0,Nacional,16.0,22.5,28.9,204.0
1993-09-01,1,Aguascalientes,11.8,18.5,25.3,100.8
1993-09-01,2,Baja California,16.0,24.1,32.3,0.6
1993-09-01,3,Baja California Sur,20.2,27.3,34.3,89.8
1993-09-01,4,Campeche,20.2,26.7,33.2,263.6
1993-09-01,5,Coahuila,15.7,23.1,30.6,75.7
1993-09-01,6,Colima,19.8,26.2,32.7,170.1
1993-09-01,7,Chiapas,18.3,24.1,30.0,408.5
1993-09-01,8,Chihuahua,13.6,21.4,29.2,127.6
1993-09-01,9,Ciudad de México,10.1,16.3,22.5,147.9
1993-09-01,10,Durango,12.7,19.7,26.7,188.2
1993-09-01,11,Guanajuato,12.3,18.9,25.5,159.5
1993-09-01,12,Guerrero,19.1,24.9,30.8,274.6
1993-09-01,13,Hidalgo,10.3,16.7,23.1,223.6
1993-09-01,14,Jalisco,15.2,21.7,28.2,129.3
1993-09-01,15,Estado de México,8.8,14.8,20.8,140.1
1993-09-01,16,Michoacán,13.9,20.2,26.5,160.9
1993-09-01,17,Morelos,15.9,22.1,28.3,185.2
1993-09-01,18,Nayarit,21.0,27.0,33.1,366.8
1993-09-01,19,Nuevo León,15.8,22.7,29.6,217.6
1993-09-01,20,Oaxaca,16.5,22.4,28.4,397.4
1993-09-01,21,Puebla,11.4,17.7,24.0,489.1
1993-09-01,22,Querétaro,12.1,19.0,25.8,82.3
1993-09-01,23,Quintana Roo,21.6,26.9,32.2,279.3
1993-09-01,24,San Luis Potosí,15.9,21.9,27.9,458.1
1993-09-01,25,Sinaloa,23.0,28.9,34.7,271.3
1993-09-01,26,Sonora,19.8,27.7,35.6,132.9
1993-09-01,27,Tabasco,22.6,28.1,33.5,400.4
1993-09-01,28,Tamaulipas,19.8,25.6,31.5,282.7
1993-09-01,29,Tlaxcala,7.9,14.8,21.8,207.9
1993-09-01,30,Veracruz,18.7,23.8,28.9,390.6
1993-09-01,31,Yucatán,20.2,26.7,33.3,262.1
1993-09-01,32,Zacatecas,11.8,18.6,25.5,102.8
1993-10-01,0,Nacional,14.3,21.4,28.5,70.4
1993-10-01,1,Aguascalientes,10.1,18.0,25.9,36.2
1993-10-01,2,Baja California,12.1,20.3,28.6,1.7
1993-10-01,3,Baja California Sur,17.0,24.8,32.7,4.4
1993-10-01,4,Campeche,20.1,26.6,33.2,141.3
1993-10-01,5,Coahuila,12.5,20.3,28.2,21.1
1993-10-01,6,Colima,19.3,25.9,32.4,81.4
1993-10-01,7,Chiapas,18.0,23.9,29.9,362.3
1993-10-01,8,Chihuahua,8.2,17.4,26.6,42.1
1993-10-01,9,Ciudad de México,9.1,16.5,23.8,31.5
1993-10-01,10,Durango,8.9,17.4,26.0,17.4
1993-10-01,11,Guanajuato,10.2,18.1,25.9,18.7
1993-10-01,12,Guerrero,19.2,25.2,31.3,62.8
1993-10-01,13,Hidalgo,8.8,16.3,23.8,41.1
1993-10-01,14,Jalisco,14.0,21.3,28.6,30.7
1993-10-01,15,Estado de México,7.4,14.4,21.5,18.7
1993-10-01,16,Michoacán,12.9,20.0,27.2,61.5
1993-10-01,17,Morelos,15.4,22.0,28.5,51.6
1993-10-01,18,Nayarit,20.0,26.4,32.8,62.6
1993-10-01,19,Nuevo León,13.2,20.3,27.4,40.2
1993-10-01,20,Oaxaca,15.7,22.0,28.3,176.0
1993-10-01,21,Puebla,10.5,17.5,24.6,118.5
1993-10-01,22,Querétaro,11.0,18.5,26.0,25.7
1993-10-01,23,Quintana Roo,21.4,26.7,32.1,170.2
1993-10-01,24,San Luis Potosí,14.3,20.8,27.4,89.0
1993-10-01,25,Sinaloa,20.1,27.2,34.4,49.9
1993-10-01,26,Sonora,14.8,23.6,32.5,41.3
1993-10-01,27,Tabasco,22.4,27.5,32.6,395.5
1993-10-01,28,Tamaulipas,17.5,23.5,29.5,44.4
1993-10-01,29,Tlaxcala,6.8,14.8,22.9,34.7
1993-10-01,30,Veracruz,17.8,23.2,28.5,127.5
1993-10-01,31,Yucatán,19.8,26.2,32.6,77.7
1993-10-01,32,Zacatecas,9.6,17.7,25.9,20.5
1993-11-01,0,Nacional,11.9,19.5,27.1,33.0
1993-11-01,1,Aguascalientes,6.7,16.2,25.6,3.3
1993-11-01,2,Baja California,7.5,15.3,23.1,15.1
1993-11-01,3,Baja California Sur,13.2,20.6,28.0,80.1
1993-11-01,4,Campeche,18.5,25.3,32.1,39.4
1993-11-01,5,Coahuila,9.2,17.1,24.9,4.2
1993-11-01,6,Colima,18.3,25.5,32.7,6.8
1993-11-01,7,Chiapas,16.8,23.3,29.8,87.0
1993-11-01,8,Chihuahua,4.7,13.7,22.7,17.1
1993-11-01,9,Ciudad de México,6.9,15.2,23.5,16.9
1993-11-01,10,Durango,6.8,15.5,24.2,23.1
1993-11-01,11,Guanajuato,8.0,16.9,25.7,14.3
1993-11-01,12,Guerrero,17.9,24.7,31.6,17.7
1993-11-01,13,Hidalgo,6.8,15.3,23.8,40.9
1993-11-01,14,Jalisco,10.7,19.6,28.6,3.3
1993-11-01,15,Estado de México,5.3,13.5,21.8,11.0
1993-11-01,16,Michoacán,10.7,19.0,27.4,4.2
1993-11-01,17,Morelos,13.2,21.0,28.7,23.6
1993-11-01,18,Nayarit,17.5,24.9,32.3,3.3
1993-11-01,19,Nuevo León,10.2,17.5,24.8,20.6
1993-11-01,20,Oaxaca,14.8,21.5,28.3,65.2
1993-11-01,21,Puebla,8.5,16.3,24.1,59.0
1993-11-01,22,Querétaro,9.2,17.2,25.3,30.9
1993-11-01,23,Quintana Roo,19.5,25.1,30.7,40.2
1993-11-01,24,San Luis Potosí,12.4,19.2,25.9,79.4
1993-11-01,25,Sinaloa,16.3,23.4,30.5,53.1
1993-11-01,26,Sonora,9.7,17.9,26.2,27.0
1993-11-01,27,Tabasco,20.8,26.1,31.5,114.4
1993-11-01,28,Tamaulipas,14.8,20.9,27.0,20.9
1993-11-01,29,Tlaxcala,4.0,13.7,23.5,9.6
1993-11-01,30,Veracruz,16.1,21.5,27.0,88.5
1993-11-01,31,Yucatán,18.3,25.0,31.8,27.9
1993-11-01,32,Zacatecas,6.7,16.0,25.3,7.2
1993-12-01,0,Nacional,10.0,17.8,25.7,14.4
1993-12-01,1,Aguascalientes,4.8,14.5,24.2,1.8
1993-12-01,2,Baja California,5.8,13.2,20.6,5.4
1993-12-01,3,Baja California Sur,10.6,17.7,24.7,2.9
1993-12-01,4,Campeche,17.2,24.3,31.3,29.7
1993-12-01,5,Coahuila,6.7,14.3,21.9,0.4
1993-12-01,6,Colima,16.3,24.1,31.9,0.0
1993-12-01,7,Chiapas,15.7,22.4,29.2,82.4
1993-12-01,8,Chihuahua,3.0,11.1,19.3,15.4
1993-12-01,9,Ciudad de México,5.5,13.9,22.2,0.1
1993-12-01,10,Durango,4.5,13.1,21.7,0.3
1993-12-01,11,Guanajuato,5.1,14.8,24.5,0.0
1993-12-01,12,Guerrero,16.6,24.0,31.4,0.0
1993-12-01,13,Hidalgo,5.2,14.2,23.1,0.4
1993-12-01,14,Jalisco,8.4,18.1,27.8,0.0
1993-12-01,15,Estado de México,3.6,12.5,21.4,0.0
1993-12-01,16,Michoacán,8.5,17.7,26.9,0.0
1993-12-01,17,Morelos,11.6,20.0,28.4,0.0
1993-12-01,18,Nayarit,15.2,23.3,31.4,0.1
1993-12-01,19,Nuevo León,8.2,15.1,22.1,4.1
1993-12-01,20,Oaxaca,13.6,20.7,27.8,20.1
1993-12-01,21,Puebla,7.1,15.1,23.1,8.3
1993-12-01,22,Querétaro,7.3,15.7,24.1,0.0
1993-12-01,23,Quintana Roo,17.6,23.5,29.5,60.1
1993-12-01,24,San Luis Potosí,10.0,17.1,24.2,6.0
1993-12-01,25,Sinaloa,13.7,20.9,28.1,4.5
1993-12-01,26,Sonora,7.2,15.0,22.9,11.7
1993-12-01,27,Tabasco,19.7,24.8,29.8,123.3
1993-12-01,28,Tamaulipas,12.6,18.7,24.9,29.8
1993-12-01,29,Tlaxcala,2.8,12.7,22.7,0.0
1993-12-01,30,Veracruz,14.8,20.1,25.4,28.4
1993-12-01,31,Yucatán,16.4,23.6,30.9,14.0
1993-12-01,32,Zacatecas,4.7,14.0,23.3,0.0
1994-01-01,0,Nacional,8.9,17.0,25.2,25.5
1994-01-01,1,Aguascalientes,3.4,13.1,22.8,8.3
1994-01-01,2,Baja California,6.1,13.3,20.4,10.3
1994-01-01,3,Baja California Sur,8.6,16.8,25.1,0.0
1994-01-01,4,Campeche,16.9,24.1,31.3,85.4
1994-01-01,5,Coahuila,4.7,13.0,21.4,12.8
1994-01-01,6,Colima,14.5,23.4,32.3,0.0
1994-01-01,7,Chiapas,15.0,22.2,29.4,46.1
1994-01-01,8,Chihuahua,0.6,9.9,19.3,1.2
1994-01-01,9,Ciudad de México,4.9,13.4,22.0,17.7
1994-01-01,10,Durango,1.9,11.5,21.1,3.5
1994-01-01,11,Guanajuato,5.3,14.6,23.9,3.2
1994-01-01,12,Guerrero,16.2,23.6,31.1,0.5
1994-01-01,13,Hidalgo,4.8,13.6,22.4,11.3
1994-01-01,14,Jalisco,7.0,17.0,27.0,0.5
1994-01-01,15,Estado de México,3.2,12.0,20.7,3.2
1994-01-01,16,Michoacán,7.7,16.9,26.1,0.4
1994-01-01,17,Morelos,11.3,19.8,28.3,0.8
1994-01-01,18,Nayarit,13.1,22.0,30.9,1.2
1994-01-01,19,Nuevo León,6.0,13.4,20.9,60.8
1994-01-01,20,Oaxaca,12.9,20.0,27.1,21.3
1994-01-01,21,Puebla,6.9,14.8,22.8,29.0
1994-01-01,22,Querétaro,7.0,15.3,23.7,2.8
1994-01-01,23,Quintana Roo,17.2,23.1,29.1,189.4
1994-01-01,24,San Luis Potosí,8.7,16.0,23.3,20.6
1994-01-01,25,Sinaloa,10.3,19.6,29.0,0.0
1994-01-01,26,Sonora,5.4,14.3,23.3,1.0
1994-01-01,27,Tabasco,18.9,24.0,29.1,248.1
1994-01-01,28,Tamaulipas,11.0,17.3,23.6,84.2
1994-01-01,29,Tlaxcala,2.9,12.2,21.5,24.4
1994-01-01,30,Veracruz,13.7,19.1,24.5,55.3
1994-01-01,31,Yucatán,16.8,23.7,30.6,58.8
1994-01-01,32,Zacatecas,2.7,12.4,22.1,4.4
1994-02-01,0,Nacional,10.2,18.6,26.9,13.7
1994-02-01,1,Aguascalientes,5.6,15.3,25.1,0.0
1994-02-01,2,Baja California,7.7,14.7,21.7,43.2
1994-02-01,3,Baja California Sur,10.0,18.2,26.4,1.1
1994-02-01,4,Campeche,17.4,24.9,32.5,53.2
1994-02-01,5,Coahuila,6.7,15.3,23.9,3.1
1994-02-01,6,Colima,14.8,23.7,32.5,0.0
1994-02-01,7,Chiapas,15.2,22.8,30.4,51.1
1994-02-01,8,Chihuahua,3.5,12.7,22.0,1.0
1994-02-01,9,Ciudad de México,5.8,14.9,23.9,2.2
1994-02-01,10,Durango,4.6,14.0,23.5,0.1
1994-02-01,11,Guanajuato,7.0,16.6,26.1,0.0
1994-02-01,12,Guerrero,17.0,24.5,32.1,0.0
1994-02-01,13,Hidalgo,5.7,14.9,24.1,14.7
1994-02-01,14,Jalisco,8.7,18.8,28.9,0.0
1994-02-01,15,Estado de México,4.4,13.3,22.1,0.6
1994-02-01,16,Michoacán,9.1,18.5,27.9,0.0
1994-02-01,17,Morelos,12.7,21.4,30.2,0.0
1994-02-01,18,Nayarit,14.2,23.3,32.4,0.0
1994-02-01,19,Nuevo León,7.7,15.6,23.5,9.0
1994-02-01,20,Oaxaca,13.2,20.7,28.3,29.0
1994-02-01,21,Puebla,7.9,15.9,24.0,26.7
1994-02-01,22,Querétaro,8.5,17.3,26.1,0.0
1994-02-01,23,Quintana Roo,17.4,24.0,30.5,34.0
1994-02-01,24,San Luis Potosí,10.2,18.1,26.1,15.6
1994-02-01,25,Sinaloa,12.1,21.3,30.5,0.0
1994-02-01,26,Sonora,7.5,16.4,25.2,4.0
1994-02-01,27,Tabasco,19.4,25.0,30.6,176.7
1994-02-01,28,Tamaulipas,12.1,19.1,26.1,5.1
1994-02-01,29,Tlaxcala,3.8,13.3,22.9,0.4
1994-02-01,30,Veracruz,14.4,20.3,26.1,28.1
1994-02-01,31,Yucatán,17.1,24.4,31.8,29.2
1994-02-01,32,Zacatecas,5.0,14.7,24.5,0.0
1994-03-01,0,Nacional,11.4,20.1,28.8,13.7
1994-03-01,1,Aguascalientes,7.1,17.2,27.3,0.1
1994-03-01,2,Baja California,8.7,16.0,23.2,39.7
1994-03-01,3,Baja California Sur,10.9,19.4,27.9,0.4
1994-03-01,4,Campeche,18.2,26.1,34.1,29.5
1994-03-01,5,Coahuila,9.0,17.6,26.3,10.2
1994-03-01,6,Colima,14.4,23.8,33.2,0.0
1994-03-01,7,Chiapas,16.2,24.0,31.8,37.7
1994-03-01,8,Chihuahua,5.3,14.8,24.4,5.5
1994-03-01,9,Ciudad de México,7.3,16.7,26.2,4.2
1994-03-01,10,Durango,6.0,15.7,25.3,11.0
1994-03-01,11,Guanajuato,9.2,18.8,28.3,0.7
1994-03-01,12,Guerrero,18.0,25.6,33.3,0.0
1994-03-01,13,Hidalgo,7.4,16.8,26.2,6.2
1994-03-01,14,Jalisco,9.3,20.0,30.8,0.1
1994-03-01,15,Estado de México,5.6,14.9,24.2,4.6
1994-03-01,16,Michoacán,10.0,20.0,30.1,0.0
1994-03-01,17,Morelos,14.1,23.2,32.4,0.1
1994-03-01,18,Nayarit,14.0,23.6,33.1,4.9
1994-03-01,19,Nuevo León,9.9,17.8,25.8,27.1
1994-03-01,20,Oaxaca,14.1,21.8,29.5,6.0
1994-03-01,21,Puebla,9.4,17.6,25.9,6.7
1994-03-01,22,Querétaro,9.9,19.1,28.3,4.0
1994-03-01,23,Quintana Roo,18.2,24.8,31.4,56.5
1994-03-01,24,San Luis Potosí,11.9,20.0,28.1,9.4
1994-03-01,25,Sinaloa,12.9,22.3,31.7,4.2
1994-03-01,26,Sonora,8.8,18.3,27.9,1.9
1994-03-01,27,Tabasco,20.5,26.7,32.9,107.0
1994-03-01,28,Tamaulipas,14.1,21.1,28.1,19.6
1994-03-01,29,Tlaxcala,5.5,15.3,25.0,2.0
1994-03-01,30,Veracruz,15.9,21.9,27.9,16.9
1994-03-01,31,Yucatán,17.7,25.4,33.1,34.1
1994-03-01,32,Zacatecas,6.0,16.4,26.8,2.4
1994-04-01,0,Nacional,13.1,21.8,30.5,18.9
1994-04-01,1,Aguascalientes,9.3,18.9,28.6,10.5
1994-04-01,2,Baja California,9.1,17.1,25.1,16.0
1994-04-01,3,Baja California Sur,11.4,20.5,29.7,0.0
1994-04-01,4,Campeche,20.4,28.2,35.9,32.8
1994-04-01,5,Coahuila,11.7,21.0,30.3,2.6
1994-04-01,6,Colima,14.8,24.1,33.5,0.0
1994-04-01,7,Chiapas,18.3,25.5,32.6,76.1
1994-04-01,8,Chihuahua,7.4,18.0,28.7,4.0
1994-04-01,9,Ciudad de México,8.4,17.5,26.7,45.1
1994-04-01,10,Durango,8.0,18.1,28.2,5.2
1994-04-01,11,Guanajuato,10.7,19.9,29.0,18.1
1994-04-01,12,Guerrero,18.9,26.6,34.3,5.3
1994-04-01,13,Hidalgo,9.4,18.3,27.2,57.0
1994-04-01,14,Jalisco,10.7,21.3,32.0,1.7
1994-04-01,15,Estado de México,7.3,16.1,24.9,41.0
1994-04-01,16,Michoacán,11.7,21.3,31.0,0.8
1994-04-01,17,Morelos,15.3,24.2,33.2,3.9
1994-04-01,18,Nayarit,14.9,24.6,34.4,0.0
1994-04-01,19,Nuevo León,12.6,20.9,29.2,16.7
1994-04-01,20,Oaxaca,15.8,23.4,30.9,20.0
1994-04-01,21,Puebla,11.2,19.2,27.3,49.6
1994-04-01,22,Querétaro,11.5,20.3,29.2,22.8
1994-04-01,23,Quintana Roo,20.7,26.8,32.9,10.0
1994-04-01,24,San Luis Potosí,14.2,22.3,30.5,42.4
1994-04-01,25,Sinaloa,13.4,23.7,34.1,1.4
1994-04-01,26,Sonora,9.7,20.4,31.2,1.1
1994-04-01,27,Tabasco,22.5,28.7,34.9,193.7
1994-04-01,28,Tamaulipas,17.2,24.2,31.2,22.8
1994-04-01,29,Tlaxcala,7.2,16.2,25.3,62.2
1994-04-01,30,Veracruz,18.3,24.4,30.5,51.3
1994-04-01,31,Yucatán,19.7,27.2,34.8,90.9
1994-04-01,32,Zacatecas,7.7,18.0,28.4,11.2
1994-05-01,0,Nacional,15.5,23.8,32.1,23.0
1994-05-01,1,Aguascalientes,12.4,21.7,31.1,4.3
1994-05-01,2,Baja California,11.2,18.5,25.8,0.1
1994-05-01,3,Baja California Sur,13.2,22.1,31.0,0.0
1994-05-01,4,Campeche,21.0,28.8,36.7,51.7
1994-05-01,5,Coahuila,16.1,24.7,33.2,8.5
1994-05-01,6,Colima,17.8,26.0,34.2,0.4
1994-05-01,7,Chiapas,18.9,25.7,32.6,105.8
1994-05-01,8,Chihuahua,11.6,22.1,32.6,3.7
1994-05-01,9,Ciudad de México,9.8,18.6,27.4,50.2
1994-05-01,10,Durango,12.3,22.1,32.0,1.8
1994-05-01,11,Guanajuato,13.2,22.1,31.0,22.4
1994-05-01,12,Guerrero,20.4,27.5,34.6,28.3
1994-05-01,13,Hidalgo,10.9,19.4,27.9,41.2
1994-05-01,14,Jalisco,14.2,24.0,33.8,2.9
1994-05-01,15,Estado de México,9.0,17.2,25.5,18.8
1994-05-01,16,Michoacán,14.3,23.2,32.1,2.3
1994-05-01,17,Morelos,16.7,24.7,32.8,15.6
1994-05-01,18,Nayarit,17.8,26.8,35.9,0.4
1994-05-01,19,Nuevo León,16.4,24.0,31.6,40.4
1994-05-01,20,Oaxaca,17.0,24.0,31.1,68.0
1994-05-01,21,Puebla,12.6,20.3,28.0,65.1
1994-05-01,22,Querétaro,13.7,22.1,30.5,37.2
1994-05-01,23,Quintana Roo,22.2,28.2,34.2,38.1
1994-05-01,24,San Luis Potosí,17.3,25.1,32.9,45.2
1994-05-01,25,Sinaloa,16.6,26.3,36.1,0.0
1994-05-01,26,Sonora,13.1,23.5,33.9,0.1
1994-05-01,27,Tabasco,23.9,30.4,37.0,62.9
1994-05-01,28,Tamaulipas,21.1,27.8,34.4,20.0
1994-05-01,29,Tlaxcala,8.5,17.1,25.8,77.4
1994-05-01,30,Veracruz,20.2,26.5,32.9,62.0
1994-05-01,31,Yucatán,20.8,28.3,35.8,95.2
1994-05-01,32,Zacatecas,12.0,21.9,31.7,6.4
1994-06-01,0,Nacional,16.8,24.0,31.2,70.7
1994-06-01,1,Aguascalientes,13.4,21.0,28.6,108.6
1994-06-01,2,Baja California,14.0,22.2,30.4,1.8
1994-06-01,3,Baja California Sur,16.4,25.1,33.8,0.0
1994-06-01,4,Campeche,21.1,27.8,34.6,148.4
1994-06-01,5,Coahuila,18.0,26.0,34.0,86.8
1994-06-01,6,Colima,20.0,26.7,33.4,111.9
1994-06-01,7,Chiapas,18.7,24.9,31.0,11.7
1994-06-01,8,Chihuahua,15.6,25.4,35.2,30.4
1994-06-01,9,Ciudad de México,10.1,17.5,25.0,182.4
1994-06-01,10,Durango,14.7,23.2,31.7,44.0
1994-06-01,11,Guanajuato,13.6,20.7,27.9,150.1
1994-06-01,12,Guerrero,20.4,26.4,32.4,94.1
1994-06-01,13,Hidalgo,11.3,18.6,25.9,105.9
1994-06-01,14,Jalisco,16.3,23.8,31.3,89.3
1994-06-01,15,Estado de México,9.6,16.2,22.8,83.9
1994-06-01,16,Michoacán,15.0,21.9,28.8,45.0
1994-06-01,17,Morelos,16.8,23.2,29.6,127.8
1994-06-01,18,Nayarit,21.2,28.5,35.8,126.7
1994-06-01,19,Nuevo León,17.5,24.9,32.2,48.0
1994-06-01,20,Oaxaca,16.8,23.1,29.4,133.0
1994-06-01,21,Puebla,12.6,19.2,25.9,107.1
1994-06-01,22,Querétaro,13.4,20.8,28.1,100.5
1994-06-01,23,Quintana Roo,22.5,27.9,33.4,102.7
1994-06-01,24,San Luis Potosí,17.7,24.5,31.4,61.7
1994-06-01,25,Sinaloa,22.6,30.1,37.6,39.7
1994-06-01,26,Sonora,19.0,28.8,38.5,16.9
1994-06-01,27,Tabasco,23.4,29.6,35.8,78.4
1994-06-01,28,Tamaulipas,21.7,28.0,34.2,112.6
1994-06-01,29,Tlaxcala,8.7,16.1,23.6,176.4
1994-06-01,30,Veracruz,20.0,25.8,31.6,104.4
1994-06-01,31,Yucatán,20.9,27.7,34.5,169.8
1994-06-01,32,Zacatecas,13.6,21.5,29.5,135.8
1994-07-01,0,Nacional,16.8,23.7,30.7,102.0
1994-07-01,1,Aguascalientes,12.5,19.8,27.1,72.8
1994-07-01,2,Baja California,16.7,25.1,33.5,0.0
1994-07-01,3,Baja California Sur,20.3,28.0,35.8,4.1
1994-07-01,4,Campeche,20.8,27.5,34.2,136.7
1994-07-01,5,Coahuila,18.4,26.4,34.4,50.7
1994-07-01,6,Colima,19.6,26.2,32.8,100.6
1994-07-01,7,Chiapas,18.3,24.5,30.7,278.1
1994-07-01,8,Chihuahua,16.4,25.2,33.9,114.1
1994-07-01,9,Ciudad de México,9.9,17.0,24.0,221.4
1994-07-01,10,Durango,14.8,22.6,30.4,79.0
1994-07-01,11,Guanajuato,12.6,20.1,27.7,83.0
1994-07-01,12,Guerrero,19.6,25.7,31.8,134.7
1994-07-01,13,Hidalgo,10.3,17.4,24.6,64.3
1994-07-01,14,Jalisco,15.9,22.7,29.5,117.6
1994-07-01,15,Estado de México,8.8,15.2,21.7,92.5
1994-07-01,16,Michoacán,14.2,20.8,27.3,77.0
1994-07-01,17,Morelos,15.7,22.4,29.1,64.7
1994-07-01,18,Nayarit,21.5,28.0,34.4,231.3
1994-07-01,19,Nuevo León,17.6,25.4,33.2,73.8
1994-07-01,20,Oaxaca,16.4,22.5,28.7,178.2
1994-07-01,21,Puebla,11.8,18.3,24.9,124.4
1994-07-01,22,Querétaro,12.8,20.0,27.2,62.2
1994-07-01,23,Quintana Roo,22.1,27.8,33.5,57.4
1994-07-01,24,San Luis Potosí,17.0,23.9,30.8,47.0
1994-07-01,25,Sinaloa,24.5,30.9,37.3,184.4
1994-07-01,26,Sonora,22.2,30.6,38.9,77.8
1994-07-01,27,Tabasco,23.0,29.0,34.9,152.2
1994-07-01,28,Tamaulipas,21.5,28.2,35.0,32.6
1994-07-01,29,Tlaxcala,7.9,15.4,22.9,149.6
1994-07-01,30,Veracruz,19.1,24.8,30.4,142.0
1994-07-01,31,Yucatán,20.5,27.4,34.3,89.3
1994-07-01,32,Zacatecas,13.1,20.4,27.7,110.6
1994-08-01,0,Nacional,17.0,23.4,29.9,153.2
1994-08-01,1,Aguascalientes,12.8,19.2,25.6,99.1
1994-08-01,2,Baja California,18.8,26.7,34.6,3.8
1994-08-01,3,Baja California Sur,21.6,28.4,35.2,67.7
1994-08-01,4,Campeche,20.9,27.5,34.1,256.6
1994-08-01,5,Coahuila,18.2,25.6,33.0,23.4
1994-08-01,6,Colima,19.7,25.9,32.1,184.6
1994-08-01,7,Chiapas,18.6,24.4,30.2,293.6
1994-08-01,8,Chihuahua,16.1,24.4,32.8,106.5
1994-08-01,9,Ciudad de México,10.6,17.0,23.4,224.9
1994-08-01,10,Durango,14.6,21.8,29.1,92.6
1994-08-01,11,Guanajuato,12.8,19.7,26.7,122.5
1994-08-01,12,Guerrero,19.5,25.3,31.0,163.0
1994-08-01,13,Hidalgo,11.1,17.7,24.3,179.8
1994-08-01,14,Jalisco,16.0,22.2,28.5,128.1
1994-08-01,15,Estado de México,9.5,15.3,21.1,167.9
1994-08-01,16,Michoacán,14.5,20.5,26.6,119.9
1994-08-01,17,Morelos,16.1,22.2,28.4,235.5
1994-08-01,18,Nayarit,21.5,27.3,33.1,439.0
1994-08-01,19,Nuevo León,17.3,24.2,31.2,89.3
1994-08-01,20,Oaxaca,16.5,22.3,28.1,305.5
1994-08-01,21,Puebla,12.4,18.3,24.2,365.8
1994-08-01,22,Querétaro,12.5,19.4,26.4,97.2
1994-08-01,23,Quintana Roo,22.2,27.9,33.7,120.9
1994-08-01,24,San Luis Potosí,17.2,23.3,29.5,189.0
1994-08-01,25,Sinaloa,24.0,29.7,35.5,230.8
1994-08-01,26,Sonora,22.6,29.9,37.3,113.2
1994-08-01,27,Tabasco,23.3,28.8,34.3,314.0
1994-08-01,28,Tamaulipas,21.1,27.1,33.0,156.5
1994-08-01,29,Tlaxcala,8.7,15.4,22.1,234.1
1994-08-01,30,Veracruz,19.4,24.5,29.7,246.0
1994-08-01,31,Yucatán,20.6,27.4,34.2,210.2
1994-08-01,32,Zacatecas,13.2,19.7,26.3,136.1
1994-09-01,0,Nacional,16.2,22.8,29.4,129.2
1994-09-01,1,Aguascalientes,11.7,18.5,25.3,91.3
1994-09-01,2,Baja California,16.9,25.0,33.2,0.6
1994-09-01,3,Baja California Sur,21.2,28.1,35.1,30.8
1994-09-01,4,Campeche,20.5,26.9,33.3,286.2
1994-09-01,5,Coahuila,15.9,23.6,31.3,56.2
1994-09-01,6,Colima,20.0,26.2,32.4,94.0
1994-09-01,7,Chiapas,18.6,24.2,29.8,255.8
1994-09-01,8,Chihuahua,13.7,21.9,30.1,72.2
1994-09-01,9,Ciudad de México,10.0,16.6,23.2,164.4
1994-09-01,10,Durango,13.0,20.5,27.9,61.0
1994-09-01,11,Guanajuato,12.0,18.9,25.8,86.6
1994-09-01,12,Guerrero,19.4,25.2,31.1,144.4
1994-09-01,13,Hidalgo,10.2,17.2,24.2,103.6
1994-09-01,14,Jalisco,15.5,22.0,28.6,136.2
1994-09-01,15,Estado de México,8.7,14.9,21.2,96.7
1994-09-01,16,Michoacán,14.1,20.4,26.8,94.6
1994-09-01,17,Morelos,15.8,22.1,28.5,103.6
1994-09-01,18,Nayarit,21.4,27.5,33.6,229.4
1994-09-01,19,Nuevo León,15.6,22.7,29.8,98.7
1994-09-01,20,Oaxaca,16.5,22.5,28.6,356.8
1994-09-01,21,Puebla,11.4,17.8,24.1,243.3
1994-09-01,22,Querétaro,11.9,19.0,26.1,30.2
1994-09-01,23,Quintana Roo,21.7,27.3,32.9,222.4
1994-09-01,24,San Luis Potosí,16.2,22.5,28.8,229.9
1994-09-01,25,Sinaloa,23.6,29.4,35.3,72.8
1994-09-01,26,Sonora,20.6,28.3,36.1,81.0
1994-09-01,27,Tabasco,22.9,27.9,33.0,353.7
1994-09-01,28,Tamaulipas,20.0,26.0,32.0,125.0
1994-09-01,29,Tlaxcala,7.4,14.9,22.4,140.2
1994-09-01,30,Veracruz,18.7,24.0,29.3,226.9
1994-09-01,31,Yucatán,20.5,27.2,33.9,202.3
1994-09-01,32,Zacatecas,11.9,19.0,26.2,80.7
1994-10-01,0,Nacional,14.0,21.4,28.7,79.4
1994-10-01,1,Aguascalientes,9.1,17.5,25.9,51.3
1994-10-01,2,Baja California,11.9,20.3,28.8,2.6
1994-10-01,3,Baja California Sur,16.4,24.5,32.5,13.2
1994-10-01,4,Campeche,19.9,26.2,32.5,112.3
1994-10-01,5,Coahuila,12.3,20.5,28.8,31.9
1994-10-01,6,Colima,18.9,25.5,32.1,195.6
1994-10-01,7,Chiapas,18.0,23.8,29.7,288.0
1994-10-01,8,Chihuahua,8.2,18.2,28.2,32.0
1994-10-01,9,Ciudad de México,8.6,16.3,24.0,98.6
1994-10-01,10,Durango,8.7,17.8,26.9,52.6
1994-10-01,11,Guanajuato,11.1,18.9,26.6,41.1
1994-10-01,12,Guerrero,19.1,25.2,31.4,122.5
1994-10-01,13,Hidalgo,8.5,16.3,24.1,108.9
1994-10-01,14,Jalisco,13.2,21.1,29.0,63.7
1994-10-01,15,Estado de México,6.9,14.1,21.4,38.3
1994-10-01,16,Michoacán,12.0,19.7,27.4,40.7
1994-10-01,17,Morelos,14.8,21.8,28.9,137.0
1994-10-01,18,Nayarit,20.0,26.7,33.4,175.3
1994-10-01,19,Nuevo León,12.8,20.3,27.8,50.0
1994-10-01,20,Oaxaca,15.7,22.1,28.5,208.0
1994-10-01,21,Puebla,10.5,17.4,24.3,160.6
1994-10-01,22,Querétaro,10.4,18.2,26.0,42.0
1994-10-01,23,Quintana Roo,21.3,26.5,31.8,80.4
1994-10-01,24,San Luis Potosí,14.1,21.1,28.2,156.4
1994-10-01,25,Sinaloa,19.8,27.5,35.2,60.2
1994-10-01,26,Sonora,14.2,23.9,33.6,24.4
1994-10-01,27,Tabasco,22.3,27.2,32.2,226.0
1994-10-01,28,Tamaulipas,17.6,23.9,30.2,97.3
1994-10-01,29,Tlaxcala,6.6,14.7,22.8,95.7
1994-10-01,30,Veracruz,18.0,23.4,28.8,119.5
1994-10-01,31,Yucatán,20.1,26.2,32.4,99.2
1994-10-01,32,Zacatecas,8.6,17.4,26.2,75.6
1994-11-01,0,Nacional,12.1,19.8,27.5,43.8
1994-11-01,1,Aguascalientes,6.8,16.0,25.2,0.5
1994-11-01,2,Baja California,8.1,16.1,24.2,16.7
1994-11-01,3,Baja California Sur,13.7,21.3,28.9,37.0
1994-11-01,4,Campeche,18.6,25.3,32.0,46.1
1994-11-01,5,Coahuila,9.4,17.6,25.8,12.6
1994-11-01,6,Colima,18.1,25.3,32.5,18.5
1994-11-01,7,Chiapas,16.9,23.5,30.0,111.9
1994-11-01,8,Chihuahua,4.9,14.5,24.0,43.3
1994-11-01,9,Ciudad de México,6.8,15.1,23.4,7.1
1994-11-01,10,Durango,6.8,15.9,25.0,7.5
1994-11-01,11,Guanajuato,8.4,17.3,26.2,0.9
1994-11-01,12,Guerrero,18.0,24.9,31.8,5.4
1994-11-01,13,Hidalgo,7.3,15.5,23.8,10.8
1994-11-01,14,Jalisco,10.9,19.8,28.7,9.2
1994-11-01,15,Estado de México,5.3,13.4,21.5,2.6
1994-11-01,16,Michoacán,10.4,18.9,27.4,3.7
1994-11-01,17,Morelos,13.0,21.1,29.1,8.9
1994-11-01,18,Nayarit,17.7,25.4,33.1,11.5
1994-11-01,19,Nuevo León,10.6,18.0,25.5,21.5
1994-11-01,20,Oaxaca,14.5,21.4,28.3,89.7
1994-11-01,21,Puebla,8.9,16.4,23.9,85.0
1994-11-01,22,Querétaro,9.2,17.3,25.4,5.0
1994-11-01,23,Quintana Roo,19.3,25.0,30.7,207.1
1994-11-01,24,San Luis Potosí,12.6,19.8,27.0,23.6
1994-11-01,25,Sinaloa,16.2,24.3,32.3,87.7
1994-11-01,26,Sonora,10.2,18.9,27.7,75.4
1994-11-01,27,Tabasco,21.2,26.5,31.8,123.6
1994-11-01,28,Tamaulipas,15.4,21.7,28.0,14.0
1994-11-01,29,Tlaxcala,4.5,13.7,22.9,13.4
1994-11-01,30,Veracruz,16.5,21.9,27.4,101.5
1994-11-01,31,Yucatán,18.3,25.1,32.0,40.8
1994-11-01,32,Zacatecas,6.6,16.0,25.5,5.9
1994-12-01,0,Nacional,10.0,17.7,25.4,45.1
1994-12-01,1,Aguascalientes,4.9,14.1,23.3,1.2
1994-12-01,2,Baja California,5.7,13.2,20.8,20.5
1994-12-01,3,Baja California Sur,10.3,17.7,25.2,89.1
1994-12-01,4,Campeche,17.8,24.4,31.1,78.9
1994-12-01,5,Coahuila,6.1,13.6,21.0,21.9
1994-12-01,6,Colima,15.8,23.6,31.4,0.0
1994-12-01,7,Chiapas,16.1,22.7,29.2,67.4
1994-12-01,8,Chihuahua,2.2,10.9,19.6,63.6
1994-12-01,9,Ciudad de México,5.5,13.9,22.3,3.9
1994-12-01,10,Durango,3.9,12.6,21.3,14.7
1994-12-01,11,Guanajuato,7.3,16.3,25.3,2.0
1994-12-01,12,Guerrero,16.7,24.0,31.3,0.0
1994-12-01,13,Hidalgo,5.8,14.2,22.7,14.5
1994-12-01,14,Jalisco,8.4,17.7,27.1,1.2
1994-12-01,15,Estado de México,4.0,12.3,20.7,4.4
1994-12-01,16,Michoacán,8.7,17.5,26.4,2.9
1994-12-01,17,Morelos,11.5,19.9,28.4,0.0
1994-12-01,18,Nayarit,14.7,22.8,30.9,11.7
1994-12-01,19,Nuevo León,7.6,14.6,21.5,24.7
1994-12-01,20,Oaxaca,13.6,20.5,27.5,15.2
1994-12-01,21,Puebla,7.6,15.2,22.7,39.0
1994-12-01,22,Querétaro,7.5,15.4,23.3,0.0
1994-12-01,23,Quintana Roo,18.0,23.7,29.5,101.0
1994-12-01,24,San Luis Potosí,10.1,17.0,23.9,10.7
1994-12-01,25,Sinaloa,12.5,20.5,28.4,63.7
1994-12-01,26,Sonora,6.6,15.0,23.5,116.2
1994-12-01,27,Tabasco,20.2,24.9,29.7,134.6
1994-12-01,28,Tamaulipas,12.9,18.6,24.4,30.7
1994-12-01,29,Tlaxcala,3.3,12.5,21.8,11.9
1994-12-01,30,Veracruz,15.2,20.2,25.2,77.6
1994-12-01,31,Yucatán,17.0,24.0,31.0,73.9
1994-12-01,32,Zacatecas,4.4,13.4,22.3,4.0
1995-01-01,0,Nacional,8.3,16.8,25.3,22.6
1995-01-01,1,Aguascalientes,3.1,13.0,22.9,1.8
1995-01-01,2,Baja California,5.8,13.2,20.7,99.9
1995-01-01,3,Baja California Sur,8.4,16.9,25.4,12.7
1995-01-01,4,Campeche,16.7,23.9,31.2,16.7
1995-01-01,5,Coahuila,3.8,12.6,21.3,2.0
1995-01-01,6,Colima,14.4,22.9,31.5,0.0
1995-01-01,7,Chiapas,14.6,22.0,29.4,94.9
1995-01-01,8,Chihuahua,0.3,10.0,19.8,5.3
1995-01-01,9,Ciudad de México,3.7,12.7,21.8,31.0
1995-01-01,10,Durango,1.5,11.6,21.7,1.5
1995-01-01,11,Guanajuato,6.5,15.2,24.0,4.6
1995-01-01,12,Guerrero,15.7,23.3,30.8,7.5
1995-01-01,13,Hidalgo,4.1,13.4,22.6,30.8
1995-01-01,14,Jalisco,6.5,16.8,27.1,0.5
1995-01-01,15,Estado de México,2.6,11.6,20.7,15.3
1995-01-01,16,Michoacán,6.9,16.5,26.1,1.6
1995-01-01,17,Morelos,10.2,19.1,28.0,36.1
1995-01-01,18,Nayarit,12.6,21.7,30.8,0.0
1995-01-01,19,Nuevo León,4.9,13.3,21.7,12.0
1995-01-01,20,Oaxaca,11.7,19.1,26.5,40.5
1995-01-01,21,Puebla,6.3,14.4,22.5,42.9
1995-01-01,22,Querétaro,6.3,14.7,23.2,4.8
1995-01-01,23,Quintana Roo,16.3,22.7,29.1,60.0
1995-01-01,24,San Luis Potosí,7.7,15.9,24.1,7.5
1995-01-01,25,Sinaloa,9.5,19.4,29.4,2.2
1995-01-01,26,Sonora,4.9,14.5,24.0,14.1
1995-01-01,27,Tabasco,18.1,23.5,28.9,251.7
1995-01-01,28,Tamaulipas,9.5,16.8,24.1,6.7
1995-01-01,29,Tlaxcala,2.2,11.9,21.7,33.7
1995-01-01,30,Veracruz,12.9,18.7,24.5,64.6
1995-01-01,31,Yucatán,16.2,23.3,30.4,27.1
1995-01-01,32,Zacatecas,1.8,12.2,22.6,2.5
1995-02-01,0,Nacional,10.0,18.6,27.1,22.6
1995-02-01,1,Aguascalientes,5.5,15.2,24.8,2.2
1995-02-01,2,Baja California,8.3,15.5,22.6,57.9
1995-02-01,3,Baja California Sur,10.8,19.1,27.4,7.0
1995-02-01,4,Campeche,16.6,24.5,32.4,11.6
1995-02-01,5,Coahuila,6.6,15.3,23.9,11.2
1995-02-01,6,Colima,15.1,23.7,32.4,0.0
1995-02-01,7,Chiapas,14.8,22.7,30.7,70.9
1995-02-01,8,Chihuahua,4.1,13.5,23.0,29.8
1995-02-01,9,Ciudad de México,5.5,14.0,22.5,13.1
1995-02-01,10,Durango,4.9,14.3,23.7,3.2
1995-02-01,11,Guanajuato,8.1,16.9,25.7,7.9
1995-02-01,12,Guerrero,16.8,24.6,32.4,8.7
1995-02-01,13,Hidalgo,5.4,14.7,24.1,38.0
1995-02-01,14,Jalisco,8.8,18.9,29.1,3.7
1995-02-01,15,Estado de México,3.9,13.0,22.1,9.4
1995-02-01,16,Michoacán,8.6,18.2,27.9,0.7
1995-02-01,17,Morelos,11.5,20.7,29.9,0.8
1995-02-01,18,Nayarit,14.4,23.5,32.6,1.4
1995-02-01,19,Nuevo León,7.6,16.0,24.4,17.2
1995-02-01,20,Oaxaca,12.5,20.2,28.0,11.1
1995-02-01,21,Puebla,7.5,15.7,24.0,48.9
1995-02-01,22,Querétaro,7.9,16.7,25.5,5.6
1995-02-01,23,Quintana Roo,16.1,23.2,30.3,31.9
1995-02-01,24,San Luis Potosí,9.6,18.1,26.6,19.3
1995-02-01,25,Sinaloa,12.9,22.1,31.3,7.8
1995-02-01,26,Sonora,8.6,17.6,26.7,43.2
1995-02-01,27,Tabasco,18.6,24.6,30.7,142.7
1995-02-01,28,Tamaulipas,11.8,19.3,26.8,11.5
1995-02-01,29,Tlaxcala,3.3,13.2,23.1,19.7
1995-02-01,30,Veracruz,14.0,20.1,26.3,31.0
1995-02-01,31,Yucatán,16.0,23.8,31.6,0.9
1995-02-01,32,Zacatecas,5.0,14.8,24.7,1.1
1995-03-01,0,Nacional,10.7,19.6,28.5,16.2
1995-03-01,1,Aguascalientes,6.4,16.5,26.7,0.0
1995-03-01,2,Baja California,8.5,16.1,23.8,114.3
1995-03-01,3,Baja California Sur,10.7,19.5,28.3,0.0
1995-03-01,4,Campeche,17.8,25.8,33.7,20.2
1995-03-01,5,Coahuila,7.5,16.4,25.3,16.2
1995-03-01,6,Colima,14.4,23.5,32.5,0.0
1995-03-01,7,Chiapas,15.9,23.8,31.6,54.6
1995-03-01,8,Chihuahua,4.6,14.6,24.6,2.6
1995-03-01,9,Ciudad de México,6.7,16.0,25.2,11.1
1995-03-01,10,Durango,5.2,15.2,25.2,0.0
1995-03-01,11,Guanajuato,8.9,18.3,27.7,0.4
1995-03-01,12,Guerrero,17.7,25.5,33.3,0.0
1995-03-01,13,Hidalgo,6.9,16.2,25.6,19.0
1995-03-01,14,Jalisco,8.8,19.6,30.4,0.0
1995-03-01,15,Estado de México,4.7,14.2,23.6,7.4
1995-03-01,16,Michoacán,9.3,19.4,29.6,0.1
1995-03-01,17,Morelos,12.7,22.2,31.7,1.9
1995-03-01,18,Nayarit,13.9,23.5,33.1,0.0
1995-03-01,19,Nuevo León,8.4,16.9,25.4,16.8
1995-03-01,20,Oaxaca,13.7,21.4,29.2,25.5
1995-03-01,21,Puebla,8.8,16.8,24.9,33.2
1995-03-01,22,Querétaro,9.1,18.1,27.2,5.9
1995-03-01,23,Quintana Roo,17.5,24.4,31.3,21.3
1995-03-01,24,San Luis Potosí,11.2,19.7,28.2,17.9
1995-03-01,25,Sinaloa,12.2,22.2,32.1,0.0
1995-03-01,26,Sonora,8.4,18.5,28.5,4.1
1995-03-01,27,Tabasco,19.8,26.0,32.3,110.6
1995-03-01,28,Tamaulipas,13.1,20.7,28.3,20.6
1995-03-01,29,Tlaxcala,4.6,14.4,24.2,23.8
1995-03-01,30,Veracruz,15.4,21.3,27.3,29.4
1995-03-01,31,Yucatán,17.1,25.1,33.1,39.2
1995-03-01,32,Zacatecas,5.0,15.6,26.3,0.0
1995-04-01,0,Nacional,12.8,21.6,30.5,18.3
1995-04-01,1,Aguascalientes,9.0,18.7,28.5,0.0
1995-04-01,2,Baja California,9.2,17.7,26.3,22.7
1995-04-01,3,Baja California Sur,11.4,20.8,30.3,0.0
1995-04-01,4,Campeche,20.3,27.7,35.2,69.2
1995-04-01,5,Coahuila,11.0,20.4,29.8,4.8
1995-04-01,6,Colima,14.7,23.9,33.2,0.1
1995-04-01,7,Chiapas,18.5,25.5,32.6,116.3
1995-04-01,8,Chihuahua,7.0,17.7,28.4,0.2
1995-04-01,9,Ciudad de México,7.7,16.9,26.1,13.3
1995-04-01,10,Durango,7.4,17.7,28.0,0.0
1995-04-01,11,Guanajuato,11.2,20.3,29.4,7.4
1995-04-01,12,Guerrero,18.9,26.7,34.5,4.3
1995-04-01,13,Hidalgo,9.0,18.1,27.2,21.3
1995-04-01,14,Jalisco,10.4,21.1,31.8,0.1
1995-04-01,15,Estado de México,6.6,15.7,24.8,6.3
1995-04-01,16,Michoacán,11.0,20.9,30.9,1.8
1995-04-01,17,Morelos,14.5,23.7,33.0,6.9
1995-04-01,18,Nayarit,15.1,24.8,34.4,0.0
1995-04-01,19,Nuevo León,11.9,20.7,29.6,8.0
1995-04-01,20,Oaxaca,15.7,23.1,30.5,37.9
1995-04-01,21,Puebla,10.8,18.9,27.0,32.2
1995-04-01,22,Querétaro,11.3,20.1,29.0,8.2
1995-04-01,23,Quintana Roo,20.5,26.8,33.1,110.2
1995-04-01,24,San Luis Potosí,13.4,22.2,31.1,15.3
1995-04-01,25,Sinaloa,13.2,23.8,34.3,0.0
1995-04-01,26,Sonora,9.6,20.7,31.8,0.7
1995-04-01,27,Tabasco,22.2,28.4,34.7,179.9
1995-04-01,28,Tamaulipas,16.5,24.4,32.3,20.1
1995-04-01,29,Tlaxcala,6.6,15.9,25.2,48.4
1995-04-01,30,Veracruz,17.8,24.0,30.2,30.0
1995-04-01,31,Yucatán,19.6,27.3,35.0,11.0
1995-04-01,32,Zacatecas,7.0,17.7,28.3,0.0
1995-05-01,0,Nacional,15.7,24.1,32.5,38.6
1995-05-01,1,Aguascalientes,12.5,21.8,31.2,6.7
1995-05-01,2,Baja California,11.9,19.6,27.3,17.5
1995-05-01,3,Baja California Sur,13.7,22.9,32.2,0.7
1995-05-01,4,Campeche,21.2,28.6,36.1,13.2
1995-05-01,5,Coahuila,17.0,25.7,34.4,72.3
1995-05-01,6,Colima,17.9,26.1,34.3,0.0
1995-05-01,7,Chiapas,19.0,25.6,32.3,91.4
1995-05-01,8,Chihuahua,12.4,23.2,34.0,1.7
1995-05-01,9,Ciudad de México,9.1,18.2,27.4,102.3
1995-05-01,10,Durango,12.6,22.5,32.5,1.7
1995-05-01,11,Guanajuato,13.8,22.3,30.9,93.5
1995-05-01,12,Guerrero,20.3,27.4,34.5,53.9
1995-05-01,13,Hidalgo,11.0,19.8,28.6,59.9
1995-05-01,14,Jalisco,14.5,24.1,33.8,22.2
1995-05-01,15,Estado de México,8.8,17.2,25.6,70.9
1995-05-01,16,Michoacán,14.4,23.3,32.2,16.1
1995-05-01,17,Morelos,16.5,24.5,32.5,223.2
1995-05-01,18,Nayarit,18.5,27.1,35.8,0.0
1995-05-01,19,Nuevo León,16.7,24.9,33.2,90.7
1995-05-01,20,Oaxaca,17.0,23.9,30.9,131.0
1995-05-01,21,Puebla,12.7,20.5,28.2,164.6
1995-05-01,22,Querétaro,14.0,22.5,31.1,67.3
1995-05-01,23,Quintana Roo,21.9,27.8,33.8,17.6
1995-05-01,24,San Luis Potosí,17.4,25.8,34.1,78.5
1995-05-01,25,Sinaloa,17.8,27.1,36.5,0.0
1995-05-01,26,Sonora,13.5,24.3,35.1,0.0
1995-05-01,27,Tabasco,23.7,30.2,36.8,32.3
1995-05-01,28,Tamaulipas,21.3,28.3,35.4,50.6
1995-05-01,29,Tlaxcala,8.3,17.3,26.3,158.5
1995-05-01,30,Veracruz,20.4,26.7,33.1,59.4
1995-05-01,31,Yucatán,20.9,28.4,35.9,20.7
1995-05-01,32,Zacatecas,12.2,22.1,32.1,13.9
1995-06-01,0,Nacional,16.8,24.0,31.3,89.1
1995-06-01,1,Aguascalientes,13.4,21.3,29.2,78.8
1995-06-01,2,Baja California,14.0,22.5,31.0,5.0
1995-06-01,3,Baja California Sur,16.7,25.4,34.1,0.0
1995-06-01,4,Campeche,21.1,27.6,34.1,245.7
1995-06-01,5,Coahuila,18.3,26.2,34.0,12.7
1995-06-01,6,Colima,21.0,27.3,33.6,115.2
1995-06-01,7,Chiapas,18.9,24.9,30.9,316.6
1995-06-01,8,Chihuahua,15.4,25.1,34.9,29.6
1995-06-01,9,Ciudad de México,9.3,16.8,24.3,159.9
1995-06-01,10,Durango,14.6,23.2,31.8,39.3
1995-06-01,11,Guanajuato,13.8,21.5,29.1,91.2
1995-06-01,12,Guerrero,20.3,26.3,32.4,133.1
1995-06-01,13,Hidalgo,11.4,18.8,26.2,59.2
1995-06-01,14,Jalisco,16.3,23.9,31.4,89.8
1995-06-01,15,Estado de México,9.4,16.1,22.8,103.6
1995-06-01,16,Michoacán,15.0,22.0,29.1,92.2
1995-06-01,17,Morelos,16.6,23.0,29.4,226.7
1995-06-01,18,Nayarit,21.5,28.5,35.6,98.3
1995-06-01,19,Nuevo León,17.4,25.0,32.6,59.2
1995-06-01,20,Oaxaca,16.9,22.8,28.7,203.4
1995-06-01,21,Puebla,12.7,19.2,25.7,223.3
1995-06-01,22,Querétaro,13.9,21.3,28.8,97.2
1995-06-01,23,Quintana Roo,22.1,27.7,33.3,254.4
1995-06-01,24,San Luis Potosí,17.6,24.8,32.1,104.6
1995-06-01,25,Sinaloa,22.9,30.6,38.3,10.9
1995-06-01,26,Sonora,18.9,28.9,38.9,1.3
1995-06-01,27,Tabasco,23.3,29.3,35.4,436.1
1995-06-01,28,Tamaulipas,21.5,28.2,35.0,65.5
1995-06-01,29,Tlaxcala,8.8,16.1,23.5,170.6
1995-06-01,30,Veracruz,20.0,25.6,31.2,174.6
1995-06-01,31,Yucatán,21.1,28.0,34.9,134.4
1995-06-01,32,Zacatecas,13.7,21.9,30.1,82.4
1995-07-01,0,Nacional,16.9,23.7,30.5,122.5
1995-07-01,1,Aguascalientes,12.9,20.0,27.1,120.0
1995-07-01,2,Baja California,17.4,25.8,34.2,0.3
1995-07-01,3,Baja California Sur,20.5,28.2,36.0,8.3
1995-07-01,4,Campeche,20.7,27.2,33.6,141.8
1995-07-01,5,Coahuila,18.8,26.6,34.4,42.2
1995-07-01,6,Colima,20.5,26.4,32.4,73.1
1995-07-01,7,Chiapas,18.6,24.5,30.4,311.8
1995-07-01,8,Chihuahua,16.3,24.8,33.3,79.4
1995-07-01,9,Ciudad de México,9.6,16.5,23.4,154.6
1995-07-01,10,Durango,14.8,22.5,30.3,87.9
1995-07-01,11,Guanajuato,13.4,20.0,26.7,112.2
1995-07-01,12,Guerrero,19.6,25.6,31.5,137.1
1995-07-01,13,Hidalgo,11.1,17.9,24.7,98.6
1995-07-01,14,Jalisco,16.1,22.7,29.3,109.1
1995-07-01,15,Estado de México,9.1,15.4,21.7,117.6
1995-07-01,16,Michoacán,14.3,20.7,27.2,124.7
1995-07-01,17,Morelos,15.6,22.1,28.6,127.1
1995-07-01,18,Nayarit,21.5,27.7,34.0,392.0
1995-07-01,19,Nuevo León,17.9,25.6,33.3,46.4
1995-07-01,20,Oaxaca,16.4,22.1,27.9,308.8
1995-07-01,21,Puebla,11.9,18.1,24.2,342.8
1995-07-01,22,Querétaro,13.3,20.3,27.4,29.8
1995-07-01,23,Quintana Roo,21.8,27.5,33.2,167.0
1995-07-01,24,San Luis Potosí,17.1,24.1,31.0,104.1
1995-07-01,25,Sinaloa,24.3,30.7,37.1,131.3
1995-07-01,26,Sonora,22.2,30.2,38.2,55.1
1995-07-01,27,Tabasco,23.1,28.8,34.5,463.7
1995-07-01,28,Tamaulipas,21.5,28.3,35.1,63.3
1995-07-01,29,Tlaxcala,8.0,15.4,22.7,115.4
1995-07-01,30,Veracruz,19.4,24.7,30.1,303.9
1995-07-01,31,Yucatán,20.7,27.6,34.6,128.7
1995-07-01,32,Zacatecas,13.4,20.6,27.9,121.8
1995-08-01,0,Nacional,17.0,23.3,29.7,179.4
1995-08-01,1,Aguascalientes,13.1,19.5,25.9,150.7
1995-08-01,2,Baja California,18.6,26.7,34.9,0.5
1995-08-01,3,Baja California Sur,21.6,28.5,35.4,25.4
1995-08-01,4,Campeche,20.7,27.1,33.5,180.7
1995-08-01,5,Coahuila,18.4,25.5,32.6,48.2
1995-08-01,6,Colima,20.2,26.1,32.0,237.1
1995-08-01,7,Chiapas,18.6,24.3,30.0,375.4
1995-08-01,8,Chihuahua,15.5,23.4,31.3,78.5
1995-08-01,9,Ciudad de México,10.1,16.4,22.7,191.2
1995-08-01,10,Durango,14.4,21.4,28.4,97.6
1995-08-01,11,Guanajuato,13.6,19.9,26.2,162.9
1995-08-01,12,Guerrero,19.7,25.3,31.0,218.4
1995-08-01,13,Hidalgo,11.3,17.7,24.1,164.4
1995-08-01,14,Jalisco,15.9,22.2,28.5,161.8
1995-08-01,15,Estado de México,9.5,15.4,21.2,137.4
1995-08-01,16,Michoacán,14.5,20.6,26.8,164.2
1995-08-01,17,Morelos,15.9,22.1,28.3,232.1
1995-08-01,18,Nayarit,21.5,27.3,33.2,380.6
1995-08-01,19,Nuevo León,17.4,24.2,31.1,197.8
1995-08-01,20,Oaxaca,16.4,22.0,27.7,675.3
1995-08-01,21,Puebla,12.3,18.1,23.9,518.2
1995-08-01,22,Querétaro,13.1,19.7,26.4,181.6
1995-08-01,23,Quintana Roo,22.0,27.5,33.1,73.6
1995-08-01,24,San Luis Potosí,17.1,23.2,29.3,260.9
1995-08-01,25,Sinaloa,23.8,29.5,35.3,185.8
1995-08-01,26,Sonora,22.3,29.6,36.9,101.9
1995-08-01,27,Tabasco,23.3,28.8,34.4,405.3
1995-08-01,28,Tamaulipas,21.2,27.0,32.9,233.6
1995-08-01,29,Tlaxcala,8.4,15.3,22.2,270.0
1995-08-01,30,Veracruz,19.4,24.4,29.5,285.3
1995-08-01,31,Yucatán,20.9,27.5,34.2,111.6
1995-08-01,32,Zacatecas,13.3,19.8,26.4,176.1
1995-09-01,0,Nacional,16.4,22.9,29.5,127.4
1995-09-01,1,Aguascalientes,12.2,18.9,25.5,92.7
1995-09-01,2,Baja California,16.3,24.5,32.6,1.0
1995-09-01,3,Baja California Sur,20.4,27.2,33.9,91.0
1995-09-01,4,Campeche,20.7,27.3,33.8,413.4
1995-09-01,5,Coahuila,16.4,23.8,31.3,80.9
1995-09-01,6,Colima,20.1,26.1,32.1,104.0
1995-09-01,7,Chiapas,18.8,24.4,30.1,286.4
1995-09-01,8,Chihuahua,13.2,21.3,29.5,94.6
1995-09-01,9,Ciudad de México,9.7,16.4,23.2,100.4
1995-09-01,10,Durango,13.1,20.3,27.6,75.8
1995-09-01,11,Guanajuato,12.6,19.5,26.3,72.8
1995-09-01,12,Guerrero,19.6,25.4,31.2,171.1
1995-09-01,13,Hidalgo,11.1,17.9,24.7,63.6
1995-09-01,14,Jalisco,15.7,22.1,28.6,100.7
1995-09-01,15,Estado de México,9.1,15.5,21.8,74.8
1995-09-01,16,Michoacán,14.2,20.6,27.0,92.4
1995-09-01,17,Morelos,15.7,22.2,28.7,105.9
1995-09-01,18,Nayarit,21.5,27.4,33.4,197.8
1995-09-01,19,Nuevo León,16.3,23.3,30.3,54.1
1995-09-01,20,Oaxaca,16.4,22.3,28.3,132.0
1995-09-01,21,Puebla,11.8,18.1,24.5,282.3
1995-09-01,22,Querétaro,12.7,19.4,26.1,112.8
1995-09-01,23,Quintana Roo,21.7,27.5,33.3,420.0
1995-09-01,24,San Luis Potosí,16.8,23.1,29.5,61.7
1995-09-01,25,Sinaloa,23.2,28.8,34.5,149.5
1995-09-01,26,Sonora,20.0,27.6,35.2,76.0
1995-09-01,27,Tabasco,23.4,28.7,34.0,518.0
1995-09-01,28,Tamaulipas,20.6,26.6,32.5,86.1
1995-09-01,29,Tlaxcala,7.8,15.5,23.2,97.8
1995-09-01,30,Veracruz,19.4,24.7,30.0,168.0
1995-09-01,31,Yucatán,20.8,27.8,34.8,182.0
1995-09-01,32,Zacatecas,12.5,19.3,26.2,82.4
1995-10-01,0,Nacional,13.7,21.1,28.5,66.5
1995-10-01,1,Aguascalientes,9.0,17.4,25.8,0.4
1995-10-01,2,Baja California,11.4,20.1,28.7,0.0
1995-10-01,3,Baja California Sur,16.1,24.4,32.7,0.0
1995-10-01,4,Campeche,19.7,25.8,32.0,382.3
1995-10-01,5,Coahuila,11.4,19.8,28.2,23.6
1995-10-01,6,Colima,19.1,25.7,32.2,48.7
1995-10-01,7,Chiapas,18.0,23.6,29.3,199.0
1995-10-01,8,Chihuahua,7.7,17.9,28.1,7.0
1995-10-01,9,Ciudad de México,7.5,15.1,22.8,51.0
1995-10-01,10,Durango,8.2,17.0,25.8,2.1
1995-10-01,11,Guanajuato,9.3,17.8,26.2,9.7
1995-10-01,12,Guerrero,18.7,24.9,31.1,58.0
1995-10-01,13,Hidalgo,8.4,16.0,23.7,112.0
1995-10-01,14,Jalisco,12.8,20.7,28.6,7.4
1995-10-01,15,Estado de México,6.8,14.1,21.4,27.4
1995-10-01,16,Michoacán,11.6,19.3,27.0,20.6
1995-10-01,17,Morelos,14.3,21.6,28.9,54.5
1995-10-01,18,Nayarit,20.1,26.9,33.6,1.2
1995-10-01,19,Nuevo León,12.4,20.1,27.8,23.2
1995-10-01,20,Oaxaca,15.4,21.7,28.1,210.2
1995-10-01,21,Puebla,10.3,17.3,24.3,263.9
1995-10-01,22,Querétaro,10.1,17.7,25.2,9.8
1995-10-01,23,Quintana Roo,21.0,26.2,31.4,210.3
1995-10-01,24,San Luis Potosí,13.7,21.0,28.3,61.8
1995-10-01,25,Sinaloa,19.4,27.4,35.5,0.7
1995-10-01,26,Sonora,14.0,23.9,33.7,9.4
1995-10-01,27,Tabasco,22.2,27.0,31.8,467.1
1995-10-01,28,Tamaulipas,17.2,23.8,30.3,65.2
1995-10-01,29,Tlaxcala,6.2,14.3,22.4,65.4
1995-10-01,30,Veracruz,17.8,23.2,28.6,171.0
1995-10-01,31,Yucatán,20.2,26.4,32.6,118.0
1995-10-01,32,Zacatecas,8.2,16.8,25.4,0.7
1995-11-01,0,Nacional,11.4,19.2,27.1,35.4
1995-11-01,1,Aguascalientes,6.5,15.3,24.2,3.3
1995-11-01,2,Baja California,8.5,17.1,25.6,1.6
1995-11-01,3,Baja California Sur,13.3,21.5,29.6,5.8
1995-11-01,4,Campeche,18.3,24.9,31.6,103.1
1995-11-01,5,Coahuila,8.2,16.4,24.7,24.5
1995-11-01,6,Colima,17.7,25.0,32.3,28.1
1995-11-01,7,Chiapas,16.7,23.0,29.4,101.2
1995-11-01,8,Chihuahua,3.6,13.8,24.0,9.1
1995-11-01,9,Ciudad de México,6.0,14.1,22.2,64.2
1995-11-01,10,Durango,5.1,14.6,24.0,1.4
1995-11-01,11,Guanajuato,8.7,17.1,25.5,13.3
1995-11-01,12,Guerrero,17.4,24.5,31.5,25.5
1995-11-01,13,Hidalgo,6.6,14.6,22.6,60.5
1995-11-01,14,Jalisco,10.1,19.0,28.0,5.9
1995-11-01,15,Estado de México,4.7,12.9,21.1,27.7
1995-11-01,16,Michoacán,9.6,18.2,26.8,21.0
1995-11-01,17,Morelos,12.3,20.6,28.9,46.7
1995-11-01,18,Nayarit,16.8,24.9,33.0,8.1
1995-11-01,19,Nuevo León,9.3,17.0,24.8,37.1
1995-11-01,20,Oaxaca,13.8,20.6,27.4,78.3
1995-11-01,21,Puebla,8.4,16.1,23.8,111.2
1995-11-01,22,Querétaro,8.5,16.4,24.4,21.1
1995-11-01,23,Quintana Roo,18.8,24.4,30.1,65.9
1995-11-01,24,San Luis Potosí,11.3,18.8,26.2,36.0
1995-11-01,25,Sinaloa,15.0,24.1,33.2,1.3
1995-11-01,26,Sonora,9.7,19.3,29.0,17.6
1995-11-01,27,Tabasco,21.1,26.1,31.2,166.5
1995-11-01,28,Tamaulipas,14.1,20.7,27.3,66.2
1995-11-01,29,Tlaxcala,3.8,12.8,21.9,63.8
1995-11-01,30,Veracruz,15.9,21.1,26.4,88.3
1995-11-01,31,Yucatán,18.2,25.1,32.1,77.9
1995-11-01,32,Zacatecas,5.3,14.7,24.1,3.8
1995-12-01,0,Nacional,9.3,17.3,25.3,28.2
1995-12-01,1,Aguascalientes,4.7,13.8,22.9,5.5
1995-12-01,2,Baja California,5.8,13.9,22.1,8.3
1995-12-01,3,Baja California Sur,9.7,18.0,26.4,4.4
1995-12-01,4,Campeche,17.7,24.3,30.9,41.6
1995-12-01,5,Coahuila,4.5,12.7,20.9,12.8
1995-12-01,6,Colima,15.4,23.4,31.5,17.8
1995-12-01,7,Chiapas,15.8,22.4,29.0,86.1
1995-12-01,8,Chihuahua,0.1,10.1,20.2,9.6
1995-12-01,9,Ciudad de México,4.8,13.1,21.4,69.1
1995-12-01,10,Durango,1.9,11.3,20.8,7.1
1995-12-01,11,Guanajuato,6.6,15.2,23.9,22.9
1995-12-01,12,Guerrero,16.3,23.6,30.9,46.0
1995-12-01,13,Hidalgo,5.6,14.0,22.4,28.0
1995-12-01,14,Jalisco,7.7,17.1,26.6,11.8
1995-12-01,15,Estado de México,3.6,11.8,20.1,13.6
1995-12-01,16,Michoacán,8.0,16.9,25.8,35.4
1995-12-01,17,Morelos,10.9,19.3,27.8,54.5
1995-12-01,18,Nayarit,13.8,22.1,30.5,12.3
1995-12-01,19,Nuevo León,6.4,14.1,21.8,18.4
1995-12-01,20,Oaxaca,12.6,19.7,26.8,68.5
1995-12-01,21,Puebla,7.5,15.3,23.2,71.5
1995-12-01,22,Querétaro,6.4,14.5,22.7,23.7
1995-12-01,23,Quintana Roo,17.3,23.3,29.4,82.2
1995-12-01,24,San Luis Potosí,9.0,16.4,23.9,22.0
1995-12-01,25,Sinaloa,11.0,20.1,29.2,1.3
1995-12-01,26,Sonora,5.4,15.2,25.0,3.7
1995-12-01,27,Tabasco,19.8,24.6,29.5,193.0
1995-12-01,28,Tamaulipas,11.7,17.9,24.2,33.9
1995-12-01,29,Tlaxcala,2.9,11.8,20.7,65.0
1995-12-01,30,Veracruz,14.6,19.6,24.7,69.0
1995-12-01,31,Yucatán,16.9,24.0,31.1,58.4
1995-12-01,32,Zacatecas,3.3,12.6,21.9,14.5
1996-01-01,0,Nacional,7.7,16.3,24.9,5.9
1996-01-01,1,Aguascalientes,3.3,13.0,22.8,0.0
1996-01-01,2,Baja California,5.7,13.6,21.4,22.6
1996-01-01,3,Baja California Sur,8.3,16.8,25.3,0.1
1996-01-01,4,Campeche,16.5,23.5,30.5,25.3
1996-01-01,5,Coahuila,3.2,11.5,19.9,1.0
1996-01-01,6,Colima,13.4,22.2,31.0,0.0
1996-01-01,7,Chiapas,14.5,21.9,29.2,22.5
1996-01-01,8,Chihuahua,-0.5,9.4,19.2,3.5
1996-01-01,9,Ciudad de México,3.4,12.4,21.3,0.3
1996-01-01,10,Durango,1.2,10.9,20.6,1.8
1996-01-01,11,Guanajuato,4.4,14.4,24.5,0.0
1996-01-01,12,Guerrero,15.2,22.9,30.7,0.0
1996-01-01,13,Hidalgo,3.3,12.7,22.1,0.4
1996-01-01,14,Jalisco,5.7,16.0,26.4,0.0
1996-01-01,15,Estado de México,1.9,11.1,20.4,0.0
1996-01-01,16,Michoacán,5.8,15.7,25.6,0.0
1996-01-01,17,Morelos,9.1,18.3,27.5,0.0
1996-01-01,18,Nayarit,11.6,20.6,29.7,0.0
1996-01-01,19,Nuevo León,4.2,12.6,21.0,3.4
1996-01-01,20,Oaxaca,11.3,19.0,26.7,1.9
1996-01-01,21,Puebla,5.6,14.3,22.9,7.3
1996-01-01,22,Querétaro,5.2,14.1,22.9,0.0
1996-01-01,23,Quintana Roo,16.0,22.6,29.2,30.6
1996-01-01,24,San Luis Potosí,7.1,15.5,23.9,0.9
1996-01-01,25,Sinaloa,9.1,18.9,28.8,0.7
1996-01-01,26,Sonora,4.8,14.6,24.5,0.0
1996-01-01,27,Tabasco,18.1,23.3,28.5,70.1
1996-01-01,28,Tamaulipas,8.6,16.0,23.3,0.6
1996-01-01,29,Tlaxcala,1.2,11.1,21.1,0.0
1996-01-01,30,Veracruz,12.4,18.3,24.1,12.9
1996-01-01,31,Yucatán,16.0,23.2,30.5,21.5
1996-01-01,32,Zacatecas,1.2,11.5,21.7,0.0
1996-02-01,0,Nacional,9.5,18.1,26.7,6.0
1996-02-01,1,Aguascalientes,5.1,14.7,24.4,1.4
1996-02-01,2,Baja California,6.6,14.3,22.0,19.1
1996-02-01,3,Baja California Sur,9.3,17.7,26.2,0.6
1996-02-01,4,Campeche,17.4,24.8,32.2,14.5
1996-02-01,5,Coahuila,6.0,14.1,22.2,1.6
1996-02-01,6,Colima,13.9,23.3,32.6,0.2
1996-02-01,7,Chiapas,15.1,22.7,30.3,16.7
1996-02-01,8,Chihuahua,2.1,12.0,21.9,2.8
1996-02-01,9,Ciudad de México,6.4,14.6,22.7,0.4
1996-02-01,10,Durango,4.1,13.6,23.2,0.9
1996-02-01,11,Guanajuato,6.4,16.4,26.4,0.0
1996-02-01,12,Guerrero,16.5,24.4,32.3,0.0
1996-02-01,13,Hidalgo,5.2,14.5,23.8,3.8
1996-02-01,14,Jalisco,7.7,18.2,28.7,0.3
1996-02-01,15,Estado de México,3.9,13.2,22.5,0.4
1996-02-01,16,Michoacán,8.1,18.0,27.9,0.0
1996-02-01,17,Morelos,11.0,20.3,29.7,0.0
1996-02-01,18,Nayarit,12.9,22.2,31.6,0.1
1996-02-01,19,Nuevo León,7.1,15.2,23.4,2.6
1996-02-01,20,Oaxaca,12.5,20.2,27.9,9.8
1996-02-01,21,Puebla,7.4,15.9,24.5,19.9
1996-02-01,22,Querétaro,7.3,16.3,25.2,0.0
1996-02-01,23,Quintana Roo,16.9,23.6,30.3,19.1
1996-02-01,24,San Luis Potosí,9.1,17.6,26.1,6.2
1996-02-01,25,Sinaloa,10.9,20.6,30.3,0.5
1996-02-01,26,Sonora,6.5,16.3,26.1,2.6
1996-02-01,27,Tabasco,18.9,24.7,30.6,49.7
1996-02-01,28,Tamaulipas,11.7,18.9,26.1,1.0
1996-02-01,29,Tlaxcala,2.7,12.9,23.1,0.5
1996-02-01,30,Veracruz,13.9,19.7,25.5,23.3
1996-02-01,31,Yucatán,16.7,24.2,31.7,12.1
1996-02-01,32,Zacatecas,4.1,14.1,24.0,2.6
1996-03-01,0,Nacional,10.9,19.6,28.4,8.5
1996-03-01,1,Aguascalientes,6.3,16.1,25.8,0.0
1996-03-01,2,Baja California,7.6,16.5,25.4,40.6
1996-03-01,3,Baja California Sur,10.5,19.6,28.7,0.0
1996-03-01,4,Campeche,18.4,26.1,33.8,19.0
1996-03-01,5,Coahuila,7.6,16.2,24.8,0.2
1996-03-01,6,Colima,14.8,23.7,32.6,0.0
1996-03-01,7,Chiapas,16.2,23.9,31.5,17.9
1996-03-01,8,Chihuahua,4.2,14.4,24.6,0.0
1996-03-01,9,Ciudad de México,7.6,16.1,24.7,2.3
1996-03-01,10,Durango,5.4,15.0,24.7,0.0
1996-03-01,11,Guanajuato,7.5,17.5,27.4,0.8
1996-03-01,12,Guerrero,17.6,25.4,33.2,0.0
1996-03-01,13,Hidalgo,6.9,15.8,24.8,11.1
1996-03-01,14,Jalisco,9.1,19.4,29.6,0.1
1996-03-01,15,Estado de México,5.0,14.2,23.3,2.3
1996-03-01,16,Michoacán,9.3,19.1,28.8,0.3
1996-03-01,17,Morelos,12.5,21.8,31.2,8.5
1996-03-01,18,Nayarit,13.9,23.4,32.8,0.2
1996-03-01,19,Nuevo León,8.8,17.2,25.6,2.4
1996-03-01,20,Oaxaca,14.1,21.7,29.4,6.9
1996-03-01,21,Puebla,9.0,17.3,25.6,25.8
1996-03-01,22,Querétaro,8.8,17.5,26.2,0.7
1996-03-01,23,Quintana Roo,18.0,24.8,31.6,55.1
1996-03-01,24,San Luis Potosí,11.2,19.5,27.8,9.6
1996-03-01,25,Sinaloa,12.2,22.4,32.6,0.0
1996-03-01,26,Sonora,8.5,19.1,29.8,0.2
1996-03-01,27,Tabasco,20.1,26.4,32.8,61.5
1996-03-01,28,Tamaulipas,13.4,21.1,28.7,8.1
1996-03-01,29,Tlaxcala,4.1,13.9,23.6,3.8
1996-03-01,30,Veracruz,15.5,21.4,27.3,33.7
1996-03-01,31,Yucatán,17.8,25.6,33.5,41.7
1996-03-01,32,Zacatecas,5.3,15.2,25.1,0.0
1996-04-01,0,Nacional,12.6,21.0,29.4,15.9
1996-04-01,1,Aguascalientes,8.3,17.4,26.5,6.4
1996-04-01,2,Baja California,9.1,17.8,26.5,2.8
1996-04-01,3,Baja California Sur,11.5,20.4,29.4,0.0
1996-04-01,4,Campeche,20.1,27.5,34.9,67.0
1996-04-01,5,Coahuila,10.2,18.7,27.2,19.1
1996-04-01,6,Colima,15.3,24.2,33.1,0.0
1996-04-01,7,Chiapas,17.9,25.1,32.2,56.7
1996-04-01,8,Chihuahua,6.4,16.3,26.3,0.9
1996-04-01,9,Ciudad de México,8.3,16.6,24.8,30.7
1996-04-01,10,Durango,7.2,16.6,26.0,4.6
1996-04-01,11,Guanajuato,9.8,19.6,29.3,1.7
1996-04-01,12,Guerrero,18.7,26.3,34.0,3.5
1996-04-01,13,Hidalgo,8.7,17.0,25.4,12.2
1996-04-01,14,Jalisco,10.5,20.3,30.0,2.7
1996-04-01,15,Estado de México,6.5,15.1,23.8,19.9
1996-04-01,16,Michoacán,10.6,20.1,29.6,3.2
1996-04-01,17,Morelos,14.2,23.1,32.0,4.5
1996-04-01,18,Nayarit,15.6,24.4,33.2,2.2
1996-04-01,19,Nuevo León,11.2,19.3,27.4,8.3
1996-04-01,20,Oaxaca,15.5,22.8,30.1,23.9
1996-04-01,21,Puebla,10.5,18.2,25.9,35.8
1996-04-01,22,Querétaro,11.0,19.2,27.5,1.0
1996-04-01,23,Quintana Roo,20.1,26.6,33.1,146.0
1996-04-01,24,San Luis Potosí,12.7,21.0,29.2,6.6
1996-04-01,25,Sinaloa,14.3,23.8,33.3,1.1
1996-04-01,26,Sonora,10.4,20.9,31.4,0.2
1996-04-01,27,Tabasco,22.0,28.3,34.7,109.0
1996-04-01,28,Tamaulipas,15.6,22.8,30.0,5.4
1996-04-01,29,Tlaxcala,6.2,14.9,23.6,24.7
1996-04-01,30,Veracruz,17.3,23.4,29.4,30.3
1996-04-01,31,Yucatán,20.0,27.4,34.9,32.9
1996-04-01,32,Zacatecas,7.2,16.6,26.0,6.2
1996-05-01,0,Nacional,15.2,23.4,31.7,23.4
1996-05-01,1,Aguascalientes,11.3,20.5,29.7,2.9
1996-05-01,2,Baja California,12.9,21.5,30.1,0.0
1996-05-01,3,Baja California Sur,14.6,23.9,33.2,0.0
1996-05-01,4,Campeche,20.8,28.1,35.3,83.3
1996-05-01,5,Coahuila,15.6,24.0,32.5,43.3
1996-05-01,6,Colima,18.4,26.6,34.7,3.8
1996-05-01,7,Chiapas,18.6,25.2,31.8,76.9
1996-05-01,8,Chihuahua,12.2,22.5,32.9,0.3
1996-05-01,9,Ciudad de México,9.1,17.3,25.6,24.0
1996-05-01,10,Durango,11.6,21.1,30.6,5.3
1996-05-01,11,Guanajuato,13.5,22.6,31.7,10.0
1996-05-01,12,Guerrero,20.0,27.2,34.5,50.1
1996-05-01,13,Hidalgo,10.0,18.2,26.4,5.8
1996-05-01,14,Jalisco,13.9,23.4,32.9,13.4
1996-05-01,15,Estado de México,8.0,16.2,24.4,25.0
1996-05-01,16,Michoacán,13.4,22.5,31.6,14.7
1996-05-01,17,Morelos,15.7,24.0,32.2,34.9
1996-05-01,18,Nayarit,18.8,27.6,36.3,1.1
1996-05-01,19,Nuevo León,15.4,23.6,31.7,13.5
1996-05-01,20,Oaxaca,16.6,23.4,30.3,55.2
1996-05-01,21,Puebla,11.6,19.1,26.6,34.7
1996-05-01,22,Querétaro,13.0,21.2,29.5,9.9
1996-05-01,23,Quintana Roo,21.4,27.4,33.5,114.7
1996-05-01,24,San Luis Potosí,15.9,23.9,31.9,21.3
1996-05-01,25,Sinaloa,18.6,28.0,37.3,0.0
1996-05-01,26,Sonora,15.3,26.2,37.1,0.3
1996-05-01,27,Tabasco,22.9,29.1,35.3,63.3
1996-05-01,28,Tamaulipas,19.8,26.6,33.4,10.6
1996-05-01,29,Tlaxcala,7.1,15.9,24.8,67.2
1996-05-01,30,Veracruz,19.3,25.2,31.2,48.4
1996-05-01,31,Yucatán,20.6,27.9,35.3,46.9
1996-05-01,32,Zacatecas,11.2,20.7,30.3,7.6
1996-06-01,0,Nacional,16.7,24.0,31.3,105.5
1996-06-01,1,Aguascalientes,13.4,21.3,29.2,50.3
1996-06-01,2,Baja California,13.8,22.7,31.6,0.0
1996-06-01,3,Baja California Sur,17.3,25.7,34.2,0.3
1996-06-01,4,Campeche,20.9,27.5,34.2,227.5
1996-06-01,5,Coahuila,17.8,25.7,33.6,18.1
1996-06-01,6,Colima,21.0,27.3,33.6,185.0
1996-06-01,7,Chiapas,18.7,24.7,30.7,268.0
1996-06-01,8,Chihuahua,15.6,24.8,34.0,75.9
1996-06-01,9,Ciudad de México,9.8,16.9,24.0,133.6
1996-06-01,10,Durango,14.1,22.6,31.1,67.1
1996-06-01,11,Guanajuato,13.5,21.3,29.1,74.2
1996-06-01,12,Guerrero,19.9,26.2,32.5,256.0
1996-06-01,13,Hidalgo,10.9,18.4,25.9,102.4
1996-06-01,14,Jalisco,16.3,23.8,31.3,115.2
1996-06-01,15,Estado de México,9.3,16.2,23.2,91.4
1996-06-01,16,Michoacán,14.6,22.1,29.6,131.0
1996-06-01,17,Morelos,16.4,23.0,29.7,228.5
1996-06-01,18,Nayarit,21.8,28.7,35.6,116.2
1996-06-01,19,Nuevo León,17.5,25.1,32.8,33.8
1996-06-01,20,Oaxaca,16.9,22.9,29.0,256.0
1996-06-01,21,Puebla,12.6,19.2,25.9,310.6
1996-06-01,22,Querétaro,13.9,21.4,28.9,61.7
1996-06-01,23,Quintana Roo,22.0,27.6,33.2,134.6
1996-06-01,24,San Luis Potosí,17.2,24.6,32.0,153.3
1996-06-01,25,Sinaloa,23.7,30.9,38.1,29.5
1996-06-01,26,Sonora,20.1,29.5,39.0,13.2
1996-06-01,27,Tabasco,23.1,29.0,35.0,248.4
1996-06-01,28,Tamaulipas,21.4,28.1,34.8,46.7
1996-06-01,29,Tlaxcala,8.0,15.7,23.5,155.0
1996-06-01,30,Veracruz,20.0,25.6,31.3,259.3
1996-06-01,31,Yucatán,21.1,28.0,34.9,135.0
1996-06-01,32,Zacatecas,13.4,21.5,29.6,97.1
1996-07-01,0,Nacional,16.9,23.8,30.7,112.9
1996-07-01,1,Aguascalientes,13.1,20.4,27.8,39.1
1996-07-01,2,Baja California,16.7,25.3,34.0,3.4
1996-07-01,3,Baja California Sur,20.7,28.3,36.0,6.0
1996-07-01,4,Campeche,20.5,27.1,33.8,159.0
1996-07-01,5,Coahuila,18.6,26.3,34.1,33.1
1996-07-01,6,Colima,20.9,26.8,32.7,161.9
1996-07-01,7,Chiapas,18.5,24.5,30.5,264.6
1996-07-01,8,Chihuahua,16.4,24.4,32.5,88.2
1996-07-01,9,Ciudad de México,9.5,16.5,23.5,109.0
1996-07-01,10,Durango,14.5,22.2,29.9,61.5
1996-07-01,11,Guanajuato,13.2,20.8,28.3,88.5
1996-07-01,12,Guerrero,19.5,25.8,32.1,195.9
1996-07-01,13,Hidalgo,10.7,17.8,24.9,57.4
1996-07-01,14,Jalisco,16.1,22.8,29.5,98.8
1996-07-01,15,Estado de México,9.2,15.8,22.5,96.7
1996-07-01,16,Michoacán,14.3,21.1,27.9,113.4
1996-07-01,17,Morelos,15.5,22.2,29.0,168.2
1996-07-01,18,Nayarit,21.4,27.7,34.1,260.2
1996-07-01,19,Nuevo León,18.2,26.0,33.9,14.5
1996-07-01,20,Oaxaca,16.5,22.4,28.3,318.8
1996-07-01,21,Puebla,11.8,18.4,24.9,256.6
1996-07-01,22,Querétaro,13.7,20.8,27.9,66.3
1996-07-01,23,Quintana Roo,21.8,27.5,33.2,91.8
1996-07-01,24,San Luis Potosí,17.0,24.0,31.1,20.4
1996-07-01,25,Sinaloa,23.8,30.2,36.6,206.1
1996-07-01,26,Sonora,22.2,30.2,38.2,142.1
1996-07-01,27,Tabasco,22.8,28.6,34.4,232.6
1996-07-01,28,Tamaulipas,21.6,28.5,35.4,5.9
1996-07-01,29,Tlaxcala,7.3,15.3,23.3,115.6
1996-07-01,30,Veracruz,19.5,24.8,30.2,197.8
1996-07-01,31,Yucatán,20.9,27.7,34.6,124.4
1996-07-01,32,Zacatecas,13.3,20.8,28.4,74.9
1996-08-01,0,Nacional,16.7,23.5,30.4,165.9
1996-08-01,1,Aguascalientes,12.7,20.0,27.4,87.2
1996-08-01,2,Baja California,18.6,26.8,34.9,0.3
1996-08-01,3,Baja California Sur,22.0,28.9,35.8,73.0
1996-08-01,4,Campeche,20.4,27.0,33.5,241.4
1996-08-01,5,Coahuila,18.1,25.6,33.1,108.1
1996-08-01,6,Colima,20.4,26.6,32.9,303.0
1996-08-01,7,Chiapas,18.3,24.5,30.6,237.6
1996-08-01,8,Chihuahua,15.5,23.0,30.6,153.5
1996-08-01,9,Ciudad de México,9.5,16.3,23.1,114.7
1996-08-01,10,Durango,14.0,21.3,28.7,153.4
1996-08-01,11,Guanajuato,13.0,19.9,26.8,173.2
1996-08-01,12,Guerrero,19.3,25.6,31.9,203.3
1996-08-01,13,Hidalgo,10.3,17.4,24.5,126.6
1996-08-01,14,Jalisco,15.5,22.4,29.3,149.4
1996-08-01,15,Estado de México,8.8,15.4,22.1,93.0
1996-08-01,16,Michoacán,13.8,20.7,27.7,141.8
1996-08-01,17,Morelos,15.4,22.3,29.2,230.6
1996-08-01,18,Nayarit,21.2,27.4,33.6,237.7
1996-08-01,19,Nuevo León,17.8,25.2,32.7,187.4
1996-08-01,20,Oaxaca,16.2,22.4,28.6,310.4
1996-08-01,21,Puebla,11.6,18.3,25.1,419.1
1996-08-01,22,Querétaro,13.3,20.3,27.4,51.5
1996-08-01,23,Quintana Roo,21.7,27.4,33.2,172.8
1996-08-01,24,San Luis Potosí,16.6,23.7,30.7,255.8
1996-08-01,25,Sinaloa,23.4,29.3,35.3,246.0
1996-08-01,26,Sonora,22.1,29.5,36.9,89.6
1996-08-01,27,Tabasco,22.8,28.7,34.6,217.1
1996-08-01,28,Tamaulipas,21.2,27.9,34.6,185.8
1996-08-01,29,Tlaxcala,7.1,15.1,23.1,137.4
1996-08-01,30,Veracruz,19.2,24.6,30.0,284.7
1996-08-01,31,Yucatán,20.8,27.5,34.3,82.2
1996-08-01,32,Zacatecas,12.7,20.2,27.8,107.3
1996-09-01,0,Nacional,16.4,23.0,29.7,114.9
1996-09-01,1,Aguascalientes,12.3,19.4,26.5,130.7
1996-09-01,2,Baja California,16.8,24.7,32.7,0.7
1996-09-01,3,Baja California Sur,20.7,27.3,33.9,74.2
1996-09-01,4,Campeche,20.7,27.1,33.5,169.0
1996-09-01,5,Coahuila,16.0,23.6,31.3,49.6
1996-09-01,6,Colima,20.4,26.3,32.3,84.1
1996-09-01,7,Chiapas,18.6,24.5,30.5,273.2
1996-09-01,8,Chihuahua,13.7,21.7,29.8,76.8
1996-09-01,9,Ciudad de México,9.7,16.5,23.2,134.8
1996-09-01,10,Durango,12.7,20.2,27.7,85.2
1996-09-01,11,Guanajuato,13.1,19.7,26.4,165.7
1996-09-01,12,Guerrero,19.3,25.4,31.5,151.7
1996-09-01,13,Hidalgo,10.7,17.5,24.3,138.2
1996-09-01,14,Jalisco,15.5,22.3,29.0,134.3
1996-09-01,15,Estado de México,9.1,15.6,22.1,159.4
1996-09-01,16,Michoacán,14.0,20.8,27.6,113.7
1996-09-01,17,Morelos,15.6,22.1,28.7,109.9
1996-09-01,18,Nayarit,21.4,27.5,33.5,238.3
1996-09-01,19,Nuevo León,16.8,24.0,31.1,48.0
1996-09-01,20,Oaxaca,16.4,22.4,28.4,171.8
1996-09-01,21,Puebla,11.8,18.3,24.9,244.5
1996-09-01,22,Querétaro,12.9,19.9,26.9,136.0
1996-09-01,23,Quintana Roo,21.7,27.3,33.0,80.3
1996-09-01,24,San Luis Potosí,16.2,23.0,29.8,212.7
1996-09-01,25,Sinaloa,23.3,29.0,34.8,131.6
1996-09-01,26,Sonora,20.4,27.9,35.5,64.1
1996-09-01,27,Tabasco,23.2,28.7,34.3,262.1
1996-09-01,28,Tamaulipas,20.4,26.7,33.0,109.6
1996-09-01,29,Tlaxcala,7.7,15.5,23.3,161.7
1996-09-01,30,Veracruz,19.4,24.6,29.9,199.8
1996-09-01,31,Yucatán,20.7,27.7,34.7,73.4
1996-09-01,32,Zacatecas,12.2,19.3,26.5,103.9
1996-10-01,0,Nacional,13.8,20.9,28.1,66.8
1996-10-01,1,Aguascalientes,9.7,17.5,25.3,58.7
1996-10-01,2,Baja California,11.6,20.0,28.5,20.5
1996-10-01,3,Baja California Sur,16.8,24.6,32.4,0.8
1996-10-01,4,Campeche,19.7,25.9,32.1,170.2
1996-10-01,5,Coahuila,11.1,19.1,27.2,42.3
1996-10-01,6,Colima,19.4,25.7,32.0,159.4
1996-10-01,7,Chiapas,17.8,23.6,29.5,168.0
1996-10-01,8,Chihuahua,7.7,17.2,26.8,7.3
1996-10-01,9,Ciudad de México,7.9,15.0,22.1,52.1
1996-10-01,10,Durango,8.0,16.3,24.6,50.9
1996-10-01,11,Guanajuato,10.4,17.9,25.5,51.0
1996-10-01,12,Guerrero,18.5,24.7,30.9,132.6
1996-10-01,13,Hidalgo,8.4,15.8,23.1,62.5
1996-10-01,14,Jalisco,13.0,20.5,28.0,77.3
1996-10-01,15,Estado de México,7.2,14.3,21.5,64.3
1996-10-01,16,Michoacán,12.0,19.4,26.9,109.2
1996-10-01,17,Morelos,14.3,21.3,28.4,89.6
1996-10-01,18,Nayarit,19.7,26.5,33.2,86.4
1996-10-01,19,Nuevo León,12.9,20.1,27.4,89.5
1996-10-01,20,Oaxaca,15.5,21.5,27.6,114.4
1996-10-01,21,Puebla,10.3,17.2,24.2,144.4
1996-10-01,22,Querétaro,10.5,17.7,24.9,39.3
1996-10-01,23,Quintana Roo,20.9,26.2,31.6,158.5
1996-10-01,24,San Luis Potosí,13.4,20.5,27.7,63.0
1996-10-01,25,Sinaloa,19.4,27.1,34.7,20.3
1996-10-01,26,Sonora,14.4,23.6,32.8,8.0
1996-10-01,27,Tabasco,22.1,27.1,32.1,307.4
1996-10-01,28,Tamaulipas,17.2,23.5,29.8,60.3
1996-10-01,29,Tlaxcala,6.2,14.1,22.1,41.4
1996-10-01,30,Veracruz,17.8,23.0,28.2,84.4
1996-10-01,31,Yucatán,20.0,26.4,32.9,107.0
1996-10-01,32,Zacatecas,8.8,16.7,24.7,72.5
1996-11-01,0,Nacional,11.3,19.1,26.8,26.5
1996-11-01,1,Aguascalientes,6.5,15.3,24.1,2.8
1996-11-01,2,Baja California,7.9,16.5,25.0,16.0
1996-11-01,3,Baja California Sur,13.0,21.2,29.4,4.7
1996-11-01,4,Campeche,18.6,24.9,31.3,57.6
1996-11-01,5,Coahuila,7.6,15.7,23.8,9.4
1996-11-01,6,Colima,17.8,25.2,32.5,6.3
1996-11-01,7,Chiapas,17.0,23.0,29.0,73.9
1996-11-01,8,Chihuahua,3.1,13.3,23.5,30.7
1996-11-01,9,Ciudad de México,6.2,13.9,21.6,0.3
1996-11-01,10,Durango,4.6,14.0,23.4,9.3
1996-11-01,11,Guanajuato,7.2,15.9,24.7,0.5
1996-11-01,12,Guerrero,17.2,24.2,31.3,4.3
1996-11-01,13,Hidalgo,6.4,14.4,22.4,13.1
1996-11-01,14,Jalisco,9.7,18.7,27.8,6.5
1996-11-01,15,Estado de México,4.7,13.0,21.3,1.5
1996-11-01,16,Michoacán,9.7,18.3,27.0,3.9
1996-11-01,17,Morelos,12.2,20.4,28.6,0.0
1996-11-01,18,Nayarit,15.9,24.0,32.2,29.7
1996-11-01,19,Nuevo León,9.4,16.7,24.1,7.2
1996-11-01,20,Oaxaca,14.0,20.6,27.2,43.4
1996-11-01,21,Puebla,8.5,16.2,23.9,88.3
1996-11-01,22,Querétaro,8.9,16.9,24.9,0.0
1996-11-01,23,Quintana Roo,19.5,24.8,30.2,92.6
1996-11-01,24,San Luis Potosí,11.6,18.8,26.1,9.3
1996-11-01,25,Sinaloa,14.8,23.5,32.3,40.0
1996-11-01,26,Sonora,9.1,18.8,28.6,6.7
1996-11-01,27,Tabasco,21.0,25.8,30.7,203.8
1996-11-01,28,Tamaulipas,14.3,20.6,27.0,18.5
1996-11-01,29,Tlaxcala,3.8,12.9,22.0,0.0
1996-11-01,30,Veracruz,16.2,21.3,26.3,82.5
1996-11-01,31,Yucatán,18.8,25.2,31.7,16.9
1996-11-01,32,Zacatecas,5.4,14.6,23.8,10.2
1996-12-01,0,Nacional,8.8,16.8,24.8,12.2
1996-12-01,1,Aguascalientes,3.7,12.9,22.2,0.1
1996-12-01,2,Baja California,5.6,13.3,21.0,11.6
1996-12-01,3,Baja California Sur,9.5,17.3,25.1,0.2
1996-12-01,4,Campeche,17.1,23.6,30.2,36.5
1996-12-01,5,Coahuila,3.2,11.4,19.6,2.6
1996-12-01,6,Colima,15.6,23.5,31.4,2.9
1996-12-01,7,Chiapas,15.4,22.0,28.7,46.4
1996-12-01,8,Chihuahua,-0.9,8.4,17.8,0.0
1996-12-01,9,Ciudad de México,5.4,13.2,21.1,17.7
1996-12-01,10,Durango,0.6,10.0,19.4,2.3
1996-12-01,11,Guanajuato,6.4,15.6,24.7,1.4
1996-12-01,12,Guerrero,16.4,23.6,30.8,3.3
1996-12-01,13,Hidalgo,4.9,13.6,22.4,6.5
1996-12-01,14,Jalisco,7.0,16.7,26.4,0.0
1996-12-01,15,Estado de México,3.5,12.1,20.7,5.8
1996-12-01,16,Michoacán,7.8,16.8,25.9,1.5
1996-12-01,17,Morelos,10.9,19.3,27.7,15.3
1996-12-01,18,Nayarit,13.1,21.4,29.8,0.0
1996-12-01,19,Nuevo León,5.5,13.4,21.4,2.7
1996-12-01,20,Oaxaca,12.5,19.6,26.7,10.6
1996-12-01,21,Puebla,7.1,15.3,23.5,29.4
1996-12-01,22,Querétaro,6.1,14.8,23.4,0.9
1996-12-01,23,Quintana Roo,17.2,23.2,29.2,36.0
1996-12-01,24,San Luis Potosí,7.8,15.7,23.7,23.7
1996-12-01,25,Sinaloa,10.8,19.3,27.8,0.1
1996-12-01,26,Sonora,4.9,13.8,22.8,0.0
1996-12-01,27,Tabasco,19.0,24.1,29.1,171.2
1996-12-01,28,Tamaulipas,10.3,17.1,23.9,12.8
1996-12-01,29,Tlaxcala,2.9,12.0,21.2,19.6
1996-12-01,30,Veracruz,13.9,19.1,24.4,47.2
1996-12-01,31,Yucatán,16.6,23.6,30.6,53.9
1996-12-01,32,Zacatecas,2.1,11.8,21.5,0.0
1997-01-01,0,Nacional,8.1,16.5,24.9,16.8
1997-01-01,1,Aguascalientes,3.0,12.5,22.1,20.8
1997-01-01,2,Baja California,5.8,13.2,20.7,47.3
1997-01-01,3,Baja California Sur,8.6,16.7,24.8,19.0
1997-01-01,4,Campeche,17.0,23.6,30.2,33.9
1997-01-01,5,Coahuila,3.8,12.0,20.3,7.7
1997-01-01,6,Colima,13.4,22.3,31.2,0.8
1997-01-01,7,Chiapas,15.0,22.3,29.5,17.0
1997-01-01,8,Chihuahua,-0.7,9.1,18.8,7.8
1997-01-01,9,Ciudad de México,4.7,12.8,20.9,1.3
1997-01-01,10,Durango,0.8,10.4,20.0,27.1
1997-01-01,11,Guanajuato,4.8,14.2,23.6,2.6
1997-01-01,12,Guerrero,15.0,23.0,31.0,0.1
1997-01-01,13,Hidalgo,3.6,12.8,22.1,7.8
1997-01-01,14,Jalisco,5.5,15.7,26.0,5.2
1997-01-01,15,Estado de México,2.0,11.1,20.3,2.0
1997-01-01,16,Michoacán,5.9,15.7,25.5,2.8
1997-01-01,17,Morelos,9.1,18.3,27.6,0.3
1997-01-01,18,Nayarit,11.2,20.2,29.3,49.4
1997-01-01,19,Nuevo León,5.5,13.7,21.9,9.8
1997-01-01,20,Oaxaca,12.1,19.6,27.1,12.6
1997-01-01,21,Puebla,6.1,14.6,23.2,8.0
1997-01-01,22,Querétaro,5.5,14.5,23.5,1.1
1997-01-01,23,Quintana Roo,16.8,23.1,29.4,45.1
1997-01-01,24,San Luis Potosí,8.2,16.2,24.2,11.8
1997-01-01,25,Sinaloa,9.6,18.8,28.1,30.9
1997-01-01,26,Sonora,5.2,14.4,23.6,3.2
1997-01-01,27,Tabasco,19.3,24.4,29.5,124.3
1997-01-01,28,Tamaulipas,10.9,17.7,24.6,6.4
1997-01-01,29,Tlaxcala,1.3,11.0,20.8,9.0
1997-01-01,30,Veracruz,14.1,19.4,24.8,36.8
1997-01-01,31,Yucatán,16.6,23.7,30.7,18.6
1997-01-01,32,Zacatecas,1.1,11.1,21.0,30.2
1997-02-01,0,Nacional,8.8,17.6,26.3,15.8
1997-02-01,1,Aguascalientes,3.7,13.6,23.5,13.9
1997-02-01,2,Baja California,5.6,12.9,20.3,10.3
1997-02-01,3,Baja California Sur,8.4,16.6,24.8,0.4
1997-02-01,4,Campeche,17.7,24.8,32.0,63.7
1997-02-01,5,Coahuila,5.0,13.5,22.0,24.5
1997-02-01,6,Colima,13.4,22.7,32.1,0.0
1997-02-01,7,Chiapas,15.2,22.8,30.5,39.7
1997-02-01,8,Chihuahua,0.2,9.6,19.1,7.8
1997-02-01,9,Ciudad de México,6.4,14.8,23.2,1.7
1997-02-01,10,Durango,2.4,12.1,21.8,6.2
1997-02-01,11,Guanajuato,6.9,16.3,25.7,1.4
1997-02-01,12,Guerrero,15.7,23.8,32.0,0.0
1997-02-01,13,Hidalgo,4.7,14.4,24.2,7.3
1997-02-01,14,Jalisco,6.0,16.8,27.6,1.8
1997-02-01,15,Estado de México,3.1,12.7,22.3,1.0
1997-02-01,16,Michoacán,6.9,17.2,27.5,0.2
1997-02-01,17,Morelos,10.3,19.9,29.5,0.3
1997-02-01,18,Nayarit,11.1,20.6,30.1,15.3
1997-02-01,19,Nuevo León,6.8,15.1,23.5,12.6
1997-02-01,20,Oaxaca,12.3,20.4,28.5,8.7
1997-02-01,21,Puebla,6.9,15.9,24.9,28.4
1997-02-01,22,Querétaro,6.5,16.0,25.5,0.0
1997-02-01,23,Quintana Roo,17.2,24.0,30.9,73.1
1997-02-01,24,San Luis Potosí,8.9,17.7,26.5,11.8
1997-02-01,25,Sinaloa,9.7,19.0,28.3,1.0
1997-02-01,26,Sonora,5.0,14.2,23.4,8.2
1997-02-01,27,Tabasco,19.1,25.3,31.5,159.5
1997-02-01,28,Tamaulipas,12.0,19.6,27.2,12.1
1997-02-01,29,Tlaxcala,2.1,12.5,22.9,1.2
1997-02-01,30,Veracruz,14.2,20.5,26.9,28.3
1997-02-01,31,Yucatán,17.2,24.6,32.1,20.3
1997-02-01,32,Zacatecas,2.2,12.4,22.6,9.8
1997-03-01,0,Nacional,11.0,19.8,28.6,28.3
1997-03-01,1,Aguascalientes,6.3,16.3,26.3,17.5
1997-03-01,2,Baja California,7.3,15.7,24.2,0.0
1997-03-01,3,Baja California Sur,10.6,19.3,28.0,0.0
1997-03-01,4,Campeche,18.8,26.3,33.8,21.9
1997-03-01,5,Coahuila,7.9,16.6,25.2,61.3
1997-03-01,6,Colima,15.1,23.9,32.7,9.5
1997-03-01,7,Chiapas,16.6,24.2,31.9,14.4
1997-03-01,8,Chihuahua,3.8,13.8,23.8,12.4
1997-03-01,9,Ciudad de México,8.0,16.5,25.1,33.2
1997-03-01,10,Durango,5.1,14.9,24.8,15.0
1997-03-01,11,Guanajuato,9.0,18.0,27.1,28.8
1997-03-01,12,Guerrero,17.3,25.4,33.5,7.3
1997-03-01,13,Hidalgo,7.0,16.2,25.5,62.8
1997-03-01,14,Jalisco,9.0,19.4,29.8,17.7
1997-03-01,15,Estado de México,5.1,14.6,24.1,19.9
1997-03-01,16,Michoacán,9.5,19.4,29.4,7.2
1997-03-01,17,Morelos,12.7,22.2,31.8,13.0
1997-03-01,18,Nayarit,13.2,22.8,32.3,7.2
1997-03-01,19,Nuevo León,9.9,18.0,26.0,90.3
1997-03-01,20,Oaxaca,14.5,22.4,30.2,17.6
1997-03-01,21,Puebla,9.0,17.8,26.6,81.6
1997-03-01,22,Querétaro,8.8,17.8,26.8,15.7
1997-03-01,23,Quintana Roo,18.0,24.8,31.7,24.4
1997-03-01,24,San Luis Potosí,11.6,19.8,28.0,73.2
1997-03-01,25,Sinaloa,12.2,21.9,31.7,3.5
1997-03-01,26,Sonora,8.2,18.3,28.4,3.2
1997-03-01,27,Tabasco,20.6,27.2,33.9,40.6
1997-03-01,28,Tamaulipas,14.8,21.8,28.8,124.6
1997-03-01,29,Tlaxcala,4.0,14.2,24.5,42.5
1997-03-01,30,Veracruz,16.3,22.2,28.1,61.6
1997-03-01,31,Yucatán,18.1,25.8,33.5,8.5
1997-03-01,32,Zacatecas,5.3,15.4,25.5,13.0
1997-04-01,0,Nacional,12.7,21.3,29.8,38.5
1997-04-01,1,Aguascalientes,8.1,17.9,27.7,27.6
1997-04-01,2,Baja California,8.1,16.2,24.3,4.8
1997-04-01,3,Baja California Sur,10.9,19.6,28.3,2.5
1997-04-01,4,Campeche,20.3,27.8,35.4,51.2
1997-04-01,5,Coahuila,10.4,19.0,27.7,31.5
1997-04-01,6,Colima,15.9,24.6,33.3,1.3
1997-04-01,7,Chiapas,17.8,25.2,32.7,37.3
1997-04-01,8,Chihuahua,5.6,15.6,25.7,32.8
1997-04-01,9,Ciudad de México,10.2,18.0,25.9,60.2
1997-04-01,10,Durango,7.0,16.8,26.6,22.5
1997-04-01,11,Guanajuato,10.1,18.4,26.8,42.7
1997-04-01,12,Guerrero,18.5,26.3,34.2,8.8
1997-04-01,13,Hidalgo,9.2,18.0,26.8,78.9
1997-04-01,14,Jalisco,10.5,20.6,30.7,26.7
1997-04-01,15,Estado de México,7.1,16.2,25.3,25.3
1997-04-01,16,Michoacán,10.9,20.7,30.5,10.2
1997-04-01,17,Morelos,15.0,24.1,33.1,53.5
1997-04-01,18,Nayarit,14.8,23.9,33.1,26.6
1997-04-01,19,Nuevo León,11.9,19.8,27.8,95.7
1997-04-01,20,Oaxaca,15.8,23.5,31.3,34.6
1997-04-01,21,Puebla,11.0,19.2,27.5,60.3
1997-04-01,22,Querétaro,11.0,19.7,28.4,53.8
1997-04-01,23,Quintana Roo,20.1,26.8,33.5,53.7
1997-04-01,24,San Luis Potosí,13.3,21.6,30.0,85.3
1997-04-01,25,Sinaloa,13.6,22.9,32.3,33.6
1997-04-01,26,Sonora,9.2,19.5,29.9,11.6
1997-04-01,27,Tabasco,22.0,28.7,35.4,84.3
1997-04-01,28,Tamaulipas,16.3,23.2,30.2,125.0
1997-04-01,29,Tlaxcala,6.8,16.2,25.7,100.0
1997-04-01,30,Veracruz,17.8,23.9,30.0,80.4
1997-04-01,31,Yucatán,20.4,28.0,35.6,52.6
1997-04-01,32,Zacatecas,7.2,17.1,27.1,20.1
1997-05-01,0,Nacional,14.9,23.6,32.3,39.6
1997-05-01,1,Aguascalientes,10.6,20.7,30.7,10.8
1997-05-01,2,Baja California,11.6,19.8,28.1,0.1
1997-05-01,3,Baja California Sur,14.3,23.3,32.3,1.0
1997-05-01,4,Campeche,21.0,28.6,36.2,89.2
1997-05-01,5,Coahuila,14.9,24.0,33.1,66.2
1997-05-01,6,Colima,18.4,26.5,34.6,4.2
1997-05-01,7,Chiapas,18.5,25.6,32.8,62.4
1997-05-01,8,Chihuahua,10.9,21.2,31.5,24.2
1997-05-01,9,Ciudad de México,10.6,18.8,26.9,63.0
1997-05-01,10,Durango,10.8,20.8,30.9,19.2
1997-05-01,11,Guanajuato,11.5,20.2,28.9,28.8
1997-05-01,12,Guerrero,19.3,27.1,34.8,21.0
1997-05-01,13,Hidalgo,9.8,18.6,27.5,90.3
1997-05-01,14,Jalisco,13.0,23.2,33.5,21.0
1997-05-01,15,Estado de México,7.9,16.9,26.0,33.7
1997-05-01,16,Michoacán,12.9,22.6,32.4,12.8
1997-05-01,17,Morelos,15.5,24.4,33.4,32.4
1997-05-01,18,Nayarit,17.5,27.0,36.4,4.2
1997-05-01,19,Nuevo León,15.6,24.1,32.6,63.5
1997-05-01,20,Oaxaca,16.5,24.1,31.7,33.7
1997-05-01,21,Puebla,11.6,20.0,28.4,82.0
1997-05-01,22,Querétaro,12.5,21.4,30.4,42.2
1997-05-01,23,Quintana Roo,21.3,27.8,34.3,34.3
1997-05-01,24,San Luis Potosí,15.6,24.3,33.0,63.5
1997-05-01,25,Sinaloa,17.3,27.1,36.9,7.0
1997-05-01,26,Sonora,14.3,25.0,35.8,11.2
1997-05-01,27,Tabasco,23.0,29.6,36.3,154.3
1997-05-01,28,Tamaulipas,19.6,27.0,34.4,80.7
1997-05-01,29,Tlaxcala,6.8,16.7,26.6,89.3
1997-05-01,30,Veracruz,19.2,25.7,32.3,109.6
1997-05-01,31,Yucatán,21.2,28.9,36.5,75.2
1997-05-01,32,Zacatecas,10.4,20.7,31.1,23.6
1997-06-01,0,Nacional,17.1,24.7,32.4,75.0
1997-06-01,1,Aguascalientes,13.6,22.0,30.5,44.5
1997-06-01,2,Baja California,12.9,21.4,29.9,0.9
1997-06-01,3,Baja California Sur,17.7,26.2,34.8,1.1
1997-06-01,4,Campeche,21.6,28.5,35.4,114.1
1997-06-01,5,Coahuila,18.3,26.5,34.8,77.2
1997-06-01,6,Colima,21.2,27.6,34.0,45.3
1997-06-01,7,Chiapas,19.0,25.3,31.6,198.8
1997-06-01,8,Chihuahua,15.6,24.8,34.0,37.9
1997-06-01,9,Ciudad de México,11.4,18.7,26.0,84.3
1997-06-01,10,Durango,14.3,23.1,32.0,50.6
1997-06-01,11,Guanajuato,13.7,21.7,29.6,82.5
1997-06-01,12,Guerrero,20.1,26.8,33.5,141.6
1997-06-01,13,Hidalgo,11.0,19.2,27.4,69.5
1997-06-01,14,Jalisco,16.7,24.6,32.5,111.4
1997-06-01,15,Estado de México,9.7,17.3,25.0,93.6
1997-06-01,16,Michoacán,15.2,23.1,30.9,70.5
1997-06-01,17,Morelos,17.0,24.4,31.9,106.2
1997-06-01,18,Nayarit,22.1,29.2,36.3,127.0
1997-06-01,19,Nuevo León,18.4,26.3,34.1,40.1
1997-06-01,20,Oaxaca,17.4,24.1,30.8,141.1
1997-06-01,21,Puebla,13.0,20.5,28.0,96.2
1997-06-01,22,Querétaro,14.0,22.2,30.4,38.4
1997-06-01,23,Quintana Roo,22.3,28.1,33.9,174.1
1997-06-01,24,San Luis Potosí,17.9,25.7,33.6,91.2
1997-06-01,25,Sinaloa,23.6,30.7,37.8,32.4
1997-06-01,26,Sonora,18.8,28.7,38.6,7.2
1997-06-01,27,Tabasco,23.7,30.1,36.6,162.4
1997-06-01,28,Tamaulipas,22.3,29.1,35.9,83.3
1997-06-01,29,Tlaxcala,8.2,17.1,26.1,71.1
1997-06-01,30,Veracruz,20.7,26.9,33.2,142.2
1997-06-01,31,Yucatán,22.0,29.0,36.0,101.4
1997-06-01,32,Zacatecas,14.0,22.5,31.1,62.3
1997-07-01,0,Nacional,17.1,24.1,31.0,105.6
1997-07-01,1,Aguascalientes,13.1,20.6,28.1,58.4
1997-07-01,2,Baja California,16.1,24.9,33.8,0.2
1997-07-01,3,Baja California Sur,21.2,28.7,36.3,15.7
1997-07-01,4,Campeche,20.9,27.4,33.9,213.5
1997-07-01,5,Coahuila,18.7,26.5,34.4,25.9
1997-07-01,6,Colima,21.3,27.2,33.2,155.5
1997-07-01,7,Chiapas,18.5,24.6,30.7,181.5
1997-07-01,8,Chihuahua,16.7,24.4,32.1,97.8
1997-07-01,9,Ciudad de México,10.7,17.4,24.0,204.9
1997-07-01,10,Durango,14.6,22.3,30.0,82.5
1997-07-01,11,Guanajuato,13.7,20.7,27.8,109.4
1997-07-01,12,Guerrero,19.6,26.0,32.4,152.9
1997-07-01,13,Hidalgo,10.7,17.9,25.2,42.8
1997-07-01,14,Jalisco,16.3,23.0,29.8,136.5
1997-07-01,15,Estado de México,9.3,16.1,22.9,129.7
1997-07-01,16,Michoacán,14.7,21.4,28.2,111.8
1997-07-01,17,Morelos,15.8,22.7,29.7,131.2
1997-07-01,18,Nayarit,21.3,27.8,34.4,275.0
1997-07-01,19,Nuevo León,18.8,26.6,34.5,14.4
1997-07-01,20,Oaxaca,16.9,22.9,29.0,213.9
1997-07-01,21,Puebla,12.2,18.9,25.5,321.3
1997-07-01,22,Querétaro,13.7,20.8,27.9,261.3
1997-07-01,23,Quintana Roo,21.9,27.5,33.1,84.0
1997-07-01,24,San Luis Potosí,17.3,24.2,31.2,86.0
1997-07-01,25,Sinaloa,23.9,30.1,36.4,116.9
1997-07-01,26,Sonora,22.6,30.6,38.7,59.9
1997-07-01,27,Tabasco,22.8,28.7,34.6,177.5
1997-07-01,28,Tamaulipas,22.0,28.7,35.5,15.7
1997-07-01,29,Tlaxcala,7.8,15.8,23.9,75.3
1997-07-01,30,Veracruz,19.6,25.1,30.5,245.2
1997-07-01,31,Yucatán,21.4,28.1,34.9,130.9
1997-07-01,32,Zacatecas,13.6,21.1,28.6,99.6
1997-08-01,0,Nacional,16.9,23.9,30.8,103.3
1997-08-01,1,Aguascalientes,12.6,20.1,27.6,41.9
1997-08-01,2,Baja California,18.7,26.9,35.1,0.0
1997-08-01,3,Baja California Sur,22.2,29.3,36.3,64.8
1997-08-01,4,Campeche,20.7,27.3,34.0,263.9
1997-08-01,5,Coahuila,18.1,25.6,33.2,17.3
1997-08-01,6,Colima,21.1,27.3,33.6,116.0
1997-08-01,7,Chiapas,18.6,24.9,31.2,180.6
1997-08-01,8,Chihuahua,16.1,23.5,30.9,110.1
1997-08-01,9,Ciudad de México,10.4,16.9,23.4,139.4
1997-08-01,10,Durango,14.0,21.5,29.0,56.5
1997-08-01,11,Guanajuato,12.8,20.4,28.1,101.4
1997-08-01,12,Guerrero,19.3,25.8,32.3,105.2
1997-08-01,13,Hidalgo,10.3,17.6,25.0,51.9
1997-08-01,14,Jalisco,15.8,22.6,29.4,107.0
1997-08-01,15,Estado de México,9.0,15.8,22.6,96.3
1997-08-01,16,Michoacán,14.1,20.9,27.7,109.0
1997-08-01,17,Morelos,15.5,22.5,29.5,99.7
1997-08-01,18,Nayarit,21.1,27.5,34.0,389.9
1997-08-01,19,Nuevo León,18.6,26.3,33.9,17.3
1997-08-01,20,Oaxaca,16.3,22.8,29.3,124.3
1997-08-01,21,Puebla,11.9,19.0,26.1,183.0
1997-08-01,22,Querétaro,12.9,20.3,27.6,34.0
1997-08-01,23,Quintana Roo,21.6,27.7,33.8,124.1
1997-08-01,24,San Luis Potosí,17.1,24.3,31.6,63.2
1997-08-01,25,Sinaloa,23.6,29.6,35.6,148.7
1997-08-01,26,Sonora,22.5,30.0,37.5,134.0
1997-08-01,27,Tabasco,22.7,28.7,34.7,219.8
1997-08-01,28,Tamaulipas,21.8,28.7,35.6,30.4
1997-08-01,29,Tlaxcala,7.6,15.7,23.9,99.9
1997-08-01,30,Veracruz,19.4,25.2,31.0,177.1
1997-08-01,31,Yucatán,21.2,28.1,34.9,119.0
1997-08-01,32,Zacatecas,13.1,20.6,28.1,63.8
1997-09-01,0,Nacional,16.8,23.2,29.6,115.7
1997-09-01,1,Aguascalientes,12.5,19.5,26.6,26.6
1997-09-01,2,Baja California,16.8,24.6,32.5,55.4
1997-09-01,3,Baja California Sur,21.1,27.8,34.5,133.6
1997-09-01,4,Campeche,21.3,27.2,33.2,204.4
1997-09-01,5,Coahuila,16.1,23.5,31.0,43.2
1997-09-01,6,Colima,21.1,26.2,31.4,137.4
1997-09-01,7,Chiapas,18.6,24.4,30.2,339.8
1997-09-01,8,Chihuahua,14.5,22.5,30.5,68.3
1997-09-01,9,Ciudad de México,10.8,16.7,22.6,114.6
1997-09-01,10,Durango,12.6,20.2,27.9,65.9
1997-09-01,11,Guanajuato,12.4,20.0,27.5,35.1
1997-09-01,12,Guerrero,19.3,25.1,31.0,169.7
1997-09-01,13,Hidalgo,11.0,17.3,23.7,64.0
1997-09-01,14,Jalisco,16.0,22.3,28.7,76.2
1997-09-01,15,Estado de México,9.7,15.6,21.6,86.9
1997-09-01,16,Michoacán,14.6,20.9,27.3,60.2
1997-09-01,17,Morelos,16.2,22.0,27.9,125.0
1997-09-01,18,Nayarit,21.6,27.4,33.3,149.7
1997-09-01,19,Nuevo León,17.3,24.2,31.0,80.6
1997-09-01,20,Oaxaca,16.5,22.2,27.8,243.0
1997-09-01,21,Puebla,12.6,18.5,24.5,267.7
1997-09-01,22,Querétaro,13.1,20.0,26.8,22.9
1997-09-01,23,Quintana Roo,22.0,27.5,33.0,249.5
1997-09-01,24,San Luis Potosí,16.7,23.2,29.7,82.1
1997-09-01,25,Sinaloa,23.8,29.4,34.9,160.6
1997-09-01,26,Sonora,21.4,29.1,36.9,56.4
1997-09-01,27,Tabasco,23.1,28.5,33.9,340.4
1997-09-01,28,Tamaulipas,20.9,27.0,33.1,92.5
1997-09-01,29,Tlaxcala,8.9,15.7,22.5,117.7
1997-09-01,30,Veracruz,19.7,24.7,29.7,254.6
1997-09-01,31,Yucatán,21.4,27.9,34.3,105.6
1997-09-01,32,Zacatecas,12.5,19.5,26.5,38.8
1997-10-01,0,Nacional,14.4,21.2,28.0,77.1
1997-10-01,1,Aguascalientes,9.9,17.4,25.0,45.9
1997-10-01,2,Baja California,11.3,19.8,28.4,0.2
1997-10-01,3,Baja California Sur,17.0,24.8,32.7,0.5
1997-10-01,4,Campeche,20.3,26.1,31.9,143.6
1997-10-01,5,Coahuila,12.1,19.6,27.2,35.0
1997-10-01,6,Colima,20.1,26.0,32.0,125.8
1997-10-01,7,Chiapas,18.0,23.6,29.2,183.3
1997-10-01,8,Chihuahua,9.2,18.0,26.9,5.9
1997-10-01,9,Ciudad de México,9.4,15.5,21.7,52.7
1997-10-01,10,Durango,9.2,17.6,26.0,12.6
1997-10-01,11,Guanajuato,9.5,17.6,25.7,45.5
1997-10-01,12,Guerrero,18.7,24.8,31.0,179.3
1997-10-01,13,Hidalgo,9.0,15.6,22.3,85.4
1997-10-01,14,Jalisco,13.8,21.0,28.3,50.9
1997-10-01,15,Estado de México,7.8,14.4,21.0,35.8
1997-10-01,16,Michoacán,12.6,19.8,26.9,52.2
1997-10-01,17,Morelos,14.9,21.5,28.2,104.4
1997-10-01,18,Nayarit,20.1,26.7,33.3,71.3
1997-10-01,19,Nuevo León,13.7,20.4,27.2,96.2
1997-10-01,20,Oaxaca,15.6,21.4,27.2,287.8
1997-10-01,21,Puebla,10.9,17.1,23.3,190.8
1997-10-01,22,Querétaro,11.0,17.6,24.2,21.7
1997-10-01,23,Quintana Roo,21.0,26.2,31.5,121.6
1997-10-01,24,San Luis Potosí,14.0,20.6,27.2,173.4
1997-10-01,25,Sinaloa,20.4,27.6,34.7,24.6
1997-10-01,26,Sonora,15.2,24.4,33.6,3.4
1997-10-01,27,Tabasco,22.2,27.2,32.2,269.8
1997-10-01,28,Tamaulipas,17.6,23.5,29.5,199.4
1997-10-01,29,Tlaxcala,6.9,14.2,21.5,72.5
1997-10-01,30,Veracruz,18.1,22.9,27.8,205.4
1997-10-01,31,Yucatán,20.7,26.8,33.0,113.8
1997-10-01,32,Zacatecas,9.9,17.7,25.5,34.2
1997-11-01,0,Nacional,12.1,19.6,27.0,51.5
1997-11-01,1,Aguascalientes,6.8,15.8,24.8,14.2
1997-11-01,2,Baja California,7.5,16.0,24.6,15.5
1997-11-01,3,Baja California Sur,12.6,20.9,29.2,18.7
1997-11-01,4,Campeche,19.2,25.1,31.0,144.3
1997-11-01,5,Coahuila,8.6,16.2,23.9,17.8
1997-11-01,6,Colima,18.9,25.8,32.7,87.1
1997-11-01,7,Chiapas,17.7,23.4,29.0,181.6
1997-11-01,8,Chihuahua,3.9,13.7,23.5,20.7
1997-11-01,9,Ciudad de México,8.3,15.1,22.0,15.4
1997-11-01,10,Durango,5.3,14.7,24.2,21.8
1997-11-01,11,Guanajuato,8.4,17.1,25.8,11.5
1997-11-01,12,Guerrero,17.9,24.7,31.5,28.0
1997-11-01,13,Hidalgo,7.7,15.4,23.0,19.5
1997-11-01,14,Jalisco,10.8,19.6,28.4,25.2
1997-11-01,15,Estado de México,6.1,13.8,21.5,11.6
1997-11-01,16,Michoacán,11.0,19.0,27.1,20.5
1997-11-01,17,Morelos,13.3,20.9,28.6,27.8
1997-11-01,18,Nayarit,16.3,24.1,31.9,84.8
1997-11-01,19,Nuevo León,11.0,17.5,24.1,22.7
1997-11-01,20,Oaxaca,14.6,21.0,27.5,151.9
1997-11-01,21,Puebla,9.5,16.5,23.5,77.5
1997-11-01,22,Querétaro,9.9,17.5,25.1,5.4
1997-11-01,23,Quintana Roo,19.9,25.1,30.4,234.7
1997-11-01,24,San Luis Potosí,13.0,19.8,26.7,18.0
1997-11-01,25,Sinaloa,15.1,23.5,32.0,64.8
1997-11-01,26,Sonora,9.2,19.1,28.9,37.5
1997-11-01,27,Tabasco,21.7,26.4,31.2,308.4
1997-11-01,28,Tamaulipas,15.6,21.3,27.1,27.8
1997-11-01,29,Tlaxcala,5.1,13.9,22.6,32.6
1997-11-01,30,Veracruz,17.3,22.0,26.8,174.0
1997-11-01,31,Yucatán,19.4,25.4,31.5,65.4
1997-11-01,32,Zacatecas,6.3,15.6,25.0,23.2
1997-12-01,0,Nacional,8.7,16.7,24.7,24.9
1997-12-01,1,Aguascalientes,2.9,12.5,22.1,0.5
1997-12-01,2,Baja California,4.8,12.3,19.7,47.8
1997-12-01,3,Baja California Sur,8.9,16.6,24.4,10.6
1997-12-01,4,Campeche,17.1,23.3,29.6,68.0
1997-12-01,5,Coahuila,3.7,11.6,19.5,9.6
1997-12-01,6,Colima,16.4,24.1,31.8,9.3
1997-12-01,7,Chiapas,15.3,21.8,28.3,39.3
1997-12-01,8,Chihuahua,-0.3,8.7,17.7,29.7
1997-12-01,9,Ciudad de México,5.9,13.6,21.2,7.3
1997-12-01,10,Durango,0.9,10.6,20.3,13.3
1997-12-01,11,Guanajuato,4.9,14.4,24.0,0.1
1997-12-01,12,Guerrero,16.4,23.7,31.0,9.8
1997-12-01,13,Hidalgo,4.4,13.2,22.1,5.4
1997-12-01,14,Jalisco,7.1,16.9,26.8,0.4
1997-12-01,15,Estado de México,3.3,12.1,20.9,4.6
1997-12-01,16,Michoacán,7.8,16.9,26.1,1.3
1997-12-01,17,Morelos,10.7,19.2,27.8,12.7
1997-12-01,18,Nayarit,13.1,21.5,30.0,13.2
1997-12-01,19,Nuevo León,5.5,13.4,21.2,4.4
1997-12-01,20,Oaxaca,12.5,19.7,26.9,17.5
1997-12-01,21,Puebla,6.6,14.7,22.8,26.4
1997-12-01,22,Querétaro,6.2,14.6,23.1,0.2
1997-12-01,23,Quintana Roo,17.3,23.2,29.1,46.8
1997-12-01,24,San Luis Potosí,8.2,15.9,23.7,4.8
1997-12-01,25,Sinaloa,10.3,19.1,27.9,46.6
1997-12-01,26,Sonora,4.6,13.4,22.3,59.8
1997-12-01,27,Tabasco,19.2,24.2,29.3,93.4
1997-12-01,28,Tamaulipas,10.5,17.1,23.7,10.7
1997-12-01,29,Tlaxcala,2.6,12.4,22.2,9.8
1997-12-01,30,Veracruz,13.9,19.1,24.4,35.1
1997-12-01,31,Yucatán,16.9,23.5,30.2,23.3
1997-12-01,32,Zacatecas,2.2,12.2,22.2,5.5
1998-01-01,0,Nacional,7.9,16.7,25.6,12.2
1998-01-01,1,Aguascalientes,1.8,11.9,22.0,0.0
1998-01-01,2,Baja California,5.1,13.1,21.2,22.3
1998-01-01,3,Baja California Sur,8.2,16.9,25.7,0.2
1998-01-01,4,Campeche,16.9,23.3,29.7,30.8
1998-01-01,5,Coahuila,3.9,13.3,22.8,3.2
1998-01-01,6,Colima,13.0,22.3,31.7,0.1
1998-01-01,7,Chiapas,14.8,22.0,29.2,14.0
1998-01-01,8,Chihuahua,-0.5,9.8,20.1,0.1
1998-01-01,9,Ciudad de México,4.7,12.7,20.8,9.3
1998-01-01,10,Durango,-0.1,10.7,21.5,0.2
1998-01-01,11,Guanajuato,4.5,14.2,24.0,0.9
1998-01-01,12,Guerrero,14.8,23.0,31.2,0.0
1998-01-01,13,Hidalgo,3.6,13.1,22.7,17.9
1998-01-01,14,Jalisco,5.3,16.0,26.7,0.1
1998-01-01,15,Estado de México,1.7,11.2,20.7,6.3
1998-01-01,16,Michoacán,5.7,15.9,26.1,0.2
1998-01-01,17,Morelos,9.1,18.4,27.8,1.6
1998-01-01,18,Nayarit,10.8,20.6,30.4,0.8
1998-01-01,19,Nuevo León,5.8,14.8,23.9,1.9
1998-01-01,20,Oaxaca,11.9,19.8,27.7,33.8
1998-01-01,21,Puebla,5.5,14.1,22.7,24.3
1998-01-01,22,Querétaro,5.1,14.2,23.4,1.3
1998-01-01,23,Quintana Roo,17.2,23.1,29.1,167.0
1998-01-01,24,San Luis Potosí,8.0,16.5,25.1,10.6
1998-01-01,25,Sinaloa,9.0,19.2,29.5,0.0
1998-01-01,26,Sonora,4.6,14.9,25.2,0.0
1998-01-01,27,Tabasco,19.5,24.8,30.1,73.8
1998-01-01,28,Tamaulipas,11.3,18.8,26.3,2.1
1998-01-01,29,Tlaxcala,1.0,11.2,21.5,4.4
1998-01-01,30,Veracruz,14.0,19.8,25.6,35.7
1998-01-01,31,Yucatán,16.7,23.6,30.4,45.4
1998-01-01,32,Zacatecas,0.5,11.4,22.4,0.3
1998-02-01,0,Nacional,8.7,17.8,26.8,16.0
1998-02-01,1,Aguascalientes,3.5,13.8,24.2,1.0
1998-02-01,2,Baja California,5.6,12.9,20.2,148.1
1998-02-01,3,Baja California Sur,8.7,17.3,25.9,8.0
1998-02-01,4,Campeche,17.0,24.0,31.1,9.5
1998-02-01,5,Coahuila,5.3,14.8,24.4,5.2
1998-02-01,6,Colima,13.9,22.9,31.9,0.0
1998-02-01,7,Chiapas,14.7,22.5,30.4,9.0
1998-02-01,8,Chihuahua,1.2,11.1,21.1,11.8
1998-02-01,9,Ciudad de México,5.9,14.2,22.5,0.0
1998-02-01,10,Durango,2.3,12.9,23.5,5.3
1998-02-01,11,Guanajuato,4.0,14.7,25.4,1.1
1998-02-01,12,Guerrero,15.6,23.7,31.9,0.0
1998-02-01,13,Hidalgo,4.5,14.5,24.5,4.0
1998-02-01,14,Jalisco,6.5,17.4,28.3,0.6
1998-02-01,15,Estado de México,2.6,12.4,22.2,0.0
1998-02-01,16,Michoacán,6.8,17.1,27.5,0.5
1998-02-01,17,Morelos,10.0,19.8,29.5,0.0
1998-02-01,18,Nayarit,10.9,20.8,30.7,21.1
1998-02-01,19,Nuevo León,7.6,16.5,25.4,15.9
1998-02-01,20,Oaxaca,12.2,20.7,29.2,1.1
1998-02-01,21,Puebla,6.2,15.3,24.5,6.6
1998-02-01,22,Querétaro,5.6,15.2,24.9,0.4
1998-02-01,23,Quintana Roo,16.5,23.5,30.6,15.0
1998-02-01,24,San Luis Potosí,9.0,18.1,27.2,8.7
1998-02-01,25,Sinaloa,9.7,19.5,29.4,18.0
1998-02-01,26,Sonora,5.4,15.3,25.2,33.0
1998-02-01,27,Tabasco,19.3,25.6,31.9,22.5
1998-02-01,28,Tamaulipas,12.4,20.3,28.3,28.5
1998-02-01,29,Tlaxcala,1.9,12.7,23.5,0.0
1998-02-01,30,Veracruz,14.4,21.0,27.6,9.2
1998-02-01,31,Yucatán,16.5,24.2,32.0,17.1
1998-02-01,32,Zacatecas,2.4,13.2,24.1,3.2
1998-03-01,0,Nacional,10.6,19.7,28.8,12.8
1998-03-01,1,Aguascalientes,6.4,16.8,27.1,0.0
1998-03-01,2,Baja California,6.4,13.9,21.5,60.9
1998-03-01,3,Baja California Sur,9.7,18.4,27.1,1.2
1998-03-01,4,Campeche,18.1,25.6,33.1,7.9
1998-03-01,5,Coahuila,7.7,17.3,26.9,18.1
1998-03-01,6,Colima,14.6,23.6,32.7,0.0
1998-03-01,7,Chiapas,16.0,23.9,31.7,3.9
1998-03-01,8,Chihuahua,3.6,13.8,24.0,6.8
1998-03-01,9,Ciudad de México,7.8,16.4,24.9,0.2
1998-03-01,10,Durango,4.3,15.1,26.0,0.1
1998-03-01,11,Guanajuato,7.7,18.1,28.4,0.3
1998-03-01,12,Guerrero,16.8,25.2,33.6,0.1
1998-03-01,13,Hidalgo,7.0,16.8,26.6,18.8
1998-03-01,14,Jalisco,8.6,19.6,30.6,0.0
1998-03-01,15,Estado de México,4.8,14.6,24.5,0.0
1998-03-01,16,Michoacán,9.4,19.7,29.9,0.4
1998-03-01,17,Morelos,12.5,22.4,32.3,0.0
1998-03-01,18,Nayarit,12.2,22.5,32.9,0.0
1998-03-01,19,Nuevo León,10.3,18.5,26.7,23.9
1998-03-01,20,Oaxaca,14.2,22.6,31.1,25.7
1998-03-01,21,Puebla,8.5,17.4,26.4,18.9
1998-03-01,22,Querétaro,9.0,18.2,27.5,0.1
1998-03-01,23,Quintana Roo,17.1,24.2,31.3,18.0
1998-03-01,24,San Luis Potosí,11.8,20.3,28.8,18.5
1998-03-01,25,Sinaloa,10.9,21.1,31.2,2.8
1998-03-01,26,Sonora,7.3,17.5,27.7,10.3
1998-03-01,27,Tabasco,20.2,26.9,33.7,7.8
1998-03-01,28,Tamaulipas,15.4,22.2,29.1,27.9
1998-03-01,29,Tlaxcala,3.8,14.6,25.5,0.0
1998-03-01,30,Veracruz,16.2,22.5,28.9,47.4
1998-03-01,31,Yucatán,17.4,25.4,33.4,19.7
1998-03-01,32,Zacatecas,4.8,15.7,26.6,0.0
1998-04-01,0,Nacional,13.0,22.2,31.4,6.4
1998-04-01,1,Aguascalientes,9.1,19.7,30.3,0.0
1998-04-01,2,Baja California,7.4,15.2,23.1,26.2
1998-04-01,3,Baja California Sur,10.8,19.7,28.6,0.0
1998-04-01,4,Campeche,20.5,28.2,36.0,2.4
1998-04-01,5,Coahuila,12.5,21.8,31.1,0.2
1998-04-01,6,Colima,15.8,24.7,33.6,0.0
1998-04-01,7,Chiapas,17.9,25.6,33.3,5.6
1998-04-01,8,Chihuahua,7.2,17.2,27.3,0.0
1998-04-01,9,Ciudad de México,10.9,19.1,27.3,5.9
1998-04-01,10,Durango,8.1,18.8,29.6,0.4
1998-04-01,11,Guanajuato,10.5,20.9,31.3,0.1
1998-04-01,12,Guerrero,18.4,26.5,34.6,0.0
1998-04-01,13,Hidalgo,9.4,19.3,29.2,6.7
1998-04-01,14,Jalisco,10.9,21.9,32.8,0.0
1998-04-01,15,Estado de México,7.2,17.0,26.9,2.0
1998-04-01,16,Michoacán,11.4,21.7,32.1,0.0
1998-04-01,17,Morelos,15.1,24.7,34.4,0.6
1998-04-01,18,Nayarit,14.2,24.5,34.8,0.1
1998-04-01,19,Nuevo León,13.9,22.5,31.1,2.9
1998-04-01,20,Oaxaca,16.2,24.5,32.8,27.9
1998-04-01,21,Puebla,10.9,20.1,29.3,19.7
1998-04-01,22,Querétaro,11.5,20.9,30.4,0.0
1998-04-01,23,Quintana Roo,19.5,26.5,33.5,39.4
1998-04-01,24,San Luis Potosí,14.2,23.4,32.6,9.7
1998-04-01,25,Sinaloa,12.7,22.9,33.2,0.1
1998-04-01,26,Sonora,8.9,19.5,30.1,0.3
1998-04-01,27,Tabasco,21.9,28.9,36.0,17.0
1998-04-01,28,Tamaulipas,18.0,25.7,33.4,4.7
1998-04-01,29,Tlaxcala,6.5,17.1,27.8,5.8
1998-04-01,30,Veracruz,18.3,25.1,31.9,28.9
1998-04-01,31,Yucatán,20.2,28.2,36.3,42.2
1998-04-01,32,Zacatecas,7.9,19.0,30.1,0.0
1998-05-01,0,Nacional,15.0,24.1,33.2,7.6
1998-05-01,1,Aguascalientes,11.4,21.8,32.2,1.3
1998-05-01,2,Baja California,10.1,17.9,25.6,21.0
1998-05-01,3,Baja California Sur,13.2,22.3,31.4,0.0
1998-05-01,4,Campeche,21.5,29.1,36.7,38.9
1998-05-01,5,Coahuila,16.1,25.6,35.0,0.6
1998-05-01,6,Colima,17.6,25.8,34.0,0.1
1998-05-01,7,Chiapas,18.6,25.9,33.2,14.1
1998-05-01,8,Chihuahua,11.3,21.8,32.3,0.1
1998-05-01,9,Ciudad de México,11.3,19.7,28.1,6.3
1998-05-01,10,Durango,11.4,22.1,32.9,0.0
1998-05-01,11,Guanajuato,12.6,23.0,33.4,0.7
1998-05-01,12,Guerrero,19.3,27.1,34.9,2.6
1998-05-01,13,Hidalgo,10.0,19.9,29.9,1.1
1998-05-01,14,Jalisco,13.1,23.7,34.3,0.2
1998-05-01,15,Estado de México,8.0,17.6,27.3,3.0
1998-05-01,16,Michoacán,13.5,23.3,33.2,0.3
1998-05-01,17,Morelos,15.7,25.0,34.3,1.7
1998-05-01,18,Nayarit,16.8,26.5,36.3,0.0
1998-05-01,19,Nuevo León,16.9,25.5,34.2,0.9
1998-05-01,20,Oaxaca,16.8,25.0,33.2,0.7
1998-05-01,21,Puebla,11.7,20.9,30.1,2.1
1998-05-01,22,Querétaro,13.0,22.3,31.7,0.5
1998-05-01,23,Quintana Roo,20.9,27.6,34.3,79.7
1998-05-01,24,San Luis Potosí,16.5,25.8,35.1,9.7
1998-05-01,25,Sinaloa,16.1,26.1,36.1,0.0
1998-05-01,26,Sonora,12.8,23.9,35.0,0.0
1998-05-01,27,Tabasco,23.2,30.4,37.7,0.0
1998-05-01,28,Tamaulipas,20.6,28.3,36.1,10.4
1998-05-01,29,Tlaxcala,6.8,17.6,28.4,4.6
1998-05-01,30,Veracruz,19.9,27.1,34.4,6.6
1998-05-01,31,Yucatán,21.8,29.6,37.4,81.8
1998-05-01,32,Zacatecas,10.4,21.5,32.6,0.5
1998-06-01,0,Nacional,17.1,24.8,32.4,68.9
1998-06-01,1,Aguascalientes,13.9,22.3,30.8,85.5
1998-06-01,2,Baja California,12.6,20.9,29.2,0.2
1998-06-01,3,Baja California Sur,17.3,26.0,34.7,1.1
1998-06-01,4,Campeche,21.6,28.4,35.2,122.0
1998-06-01,5,Coahuila,19.1,27.1,35.2,32.8
1998-06-01,6,Colima,20.9,27.4,33.9,90.9
1998-06-01,7,Chiapas,18.9,25.2,31.5,246.8
1998-06-01,8,Chihuahua,15.9,24.9,34.0,16.2
1998-06-01,9,Ciudad de México,11.9,19.1,26.4,72.4
1998-06-01,10,Durango,14.6,23.4,32.1,25.0
1998-06-01,11,Guanajuato,14.4,22.9,31.4,98.0
1998-06-01,12,Guerrero,20.0,26.7,33.3,110.2
1998-06-01,13,Hidalgo,11.4,19.7,28.0,62.4
1998-06-01,14,Jalisco,16.8,24.6,32.4,93.5
1998-06-01,15,Estado de México,9.7,17.4,25.2,81.5
1998-06-01,16,Michoacán,15.4,23.0,30.6,103.0
1998-06-01,17,Morelos,17.0,24.6,32.2,162.2
1998-06-01,18,Nayarit,21.8,28.9,36.1,98.2
1998-06-01,19,Nuevo León,18.7,26.5,34.3,31.0
1998-06-01,20,Oaxaca,17.5,24.3,31.2,147.0
1998-06-01,21,Puebla,12.8,20.5,28.2,120.7
1998-06-01,22,Querétaro,14.1,21.9,29.8,73.3
1998-06-01,23,Quintana Roo,21.7,27.5,33.2,192.0
1998-06-01,24,San Luis Potosí,18.4,26.1,33.8,69.2
1998-06-01,25,Sinaloa,22.7,30.1,37.5,11.3
1998-06-01,26,Sonora,18.5,28.5,38.4,20.9
1998-06-01,27,Tabasco,23.3,30.1,37.0,153.4
1998-06-01,28,Tamaulipas,22.4,29.3,36.2,35.9
1998-06-01,29,Tlaxcala,8.5,17.4,26.4,92.1
1998-06-01,30,Veracruz,20.7,27.0,33.4,102.5
1998-06-01,31,Yucatán,22.0,28.8,35.7,121.7
1998-06-01,32,Zacatecas,14.4,22.7,31.1,67.3
1998-07-01,0,Nacional,17.0,23.7,30.5,138.7
1998-07-01,1,Aguascalientes,12.9,20.7,28.5,66.6
1998-07-01,2,Baja California,16.8,24.8,32.9,2.7
1998-07-01,3,Baja California Sur,20.4,28.0,35.6,24.1
1998-07-01,4,Campeche,21.0,27.1,33.2,250.7
1998-07-01,5,Coahuila,18.7,26.5,34.3,10.3
1998-07-01,6,Colima,21.0,27.0,33.1,170.0
1998-07-01,7,Chiapas,18.4,24.4,30.3,278.9
1998-07-01,8,Chihuahua,16.9,24.1,31.2,80.1
1998-07-01,9,Ciudad de México,10.9,17.3,23.8,101.1
1998-07-01,10,Durango,14.5,22.0,29.6,69.4
1998-07-01,11,Guanajuato,13.6,20.8,28.0,131.1
1998-07-01,12,Guerrero,19.4,25.5,31.7,232.5
1998-07-01,13,Hidalgo,10.7,17.8,24.8,71.8
1998-07-01,14,Jalisco,16.1,22.7,29.2,179.2
1998-07-01,15,Estado de México,9.1,15.8,22.5,86.8
1998-07-01,16,Michoacán,14.4,21.0,27.7,178.6
1998-07-01,17,Morelos,15.7,22.6,29.5,167.5
1998-07-01,18,Nayarit,21.3,27.6,33.9,354.9
1998-07-01,19,Nuevo León,18.3,25.8,33.3,24.0
1998-07-01,20,Oaxaca,16.8,22.9,29.0,377.0
1998-07-01,21,Puebla,11.9,18.5,25.1,362.5
1998-07-01,22,Querétaro,13.3,20.0,26.8,39.1
1998-07-01,23,Quintana Roo,21.4,27.0,32.5,229.7
1998-07-01,24,San Luis Potosí,17.2,23.8,30.5,114.7
1998-07-01,25,Sinaloa,23.7,29.6,35.5,151.0
1998-07-01,26,Sonora,22.7,29.9,37.1,104.3
1998-07-01,27,Tabasco,22.3,28.4,34.5,366.7
1998-07-01,28,Tamaulipas,21.6,27.9,34.3,29.4
1998-07-01,29,Tlaxcala,8.0,15.7,23.4,80.9
1998-07-01,30,Veracruz,19.5,25.0,30.4,323.7
1998-07-01,31,Yucatán,21.4,27.9,34.3,141.6
1998-07-01,32,Zacatecas,13.3,20.6,27.9,99.8
1998-08-01,0,Nacional,16.9,23.7,30.4,139.2
1998-08-01,1,Aguascalientes,12.5,20.0,27.5,114.5
1998-08-01,2,Baja California,17.6,25.8,34.0,4.7
1998-08-01,3,Baja California Sur,21.1,28.5,36.0,84.4
1998-08-01,4,Campeche,20.9,27.3,33.8,187.2
1998-08-01,5,Coahuila,18.3,25.8,33.3,144.3
1998-08-01,6,Colima,20.8,26.8,32.8,183.0
1998-08-01,7,Chiapas,18.6,24.7,30.8,274.7
1998-08-01,8,Chihuahua,16.3,23.4,30.5,80.9
1998-08-01,9,Ciudad de México,10.9,16.9,23.0,202.1
1998-08-01,10,Durango,13.9,21.5,29.1,100.0
1998-08-01,11,Guanajuato,13.0,20.0,27.0,189.5
1998-08-01,12,Guerrero,19.2,25.3,31.4,167.3
1998-08-01,13,Hidalgo,10.8,17.9,24.9,91.6
1998-08-01,14,Jalisco,15.9,22.4,28.9,185.2
1998-08-01,15,Estado de México,9.4,15.8,22.2,119.0
1998-08-01,16,Michoacán,14.2,20.6,27.1,171.2
1998-08-01,17,Morelos,15.8,22.4,29.0,240.0
1998-08-01,18,Nayarit,21.3,27.5,33.7,359.6
1998-08-01,19,Nuevo León,18.3,26.0,33.7,84.0
1998-08-01,20,Oaxaca,16.6,22.8,29.1,198.4
1998-08-01,21,Puebla,12.3,19.1,25.9,234.9
1998-08-01,22,Querétaro,13.1,19.9,26.6,116.9
1998-08-01,23,Quintana Roo,21.2,27.2,33.3,210.9
1998-08-01,24,San Luis Potosí,17.1,24.0,30.9,93.7
1998-08-01,25,Sinaloa,23.5,29.2,35.0,190.1
1998-08-01,26,Sonora,22.3,29.8,37.2,97.2
1998-08-01,27,Tabasco,22.4,28.5,34.6,257.3
1998-08-01,28,Tamaulipas,21.6,28.3,35.1,80.1
1998-08-01,29,Tlaxcala,8.3,15.9,23.5,169.4
1998-08-01,30,Veracruz,19.6,25.2,30.9,199.1
1998-08-01,31,Yucatán,21.4,28.1,34.9,152.3
1998-08-01,32,Zacatecas,13.2,20.4,27.6,146.1
1998-09-01,0,Nacional,16.6,22.9,29.2,172.5
1998-09-01,1,Aguascalientes,12.2,19.4,26.7,76.4
1998-09-01,2,Baja California,15.4,23.3,31.2,2.2
1998-09-01,3,Baja California Sur,19.9,27.0,34.1,109.1
1998-09-01,4,Campeche,21.2,27.0,32.9,218.0
1998-09-01,5,Coahuila,16.9,24.1,31.3,56.1
1998-09-01,6,Colima,21.0,26.0,31.1,415.7
1998-09-01,7,Chiapas,18.7,24.1,29.6,355.1
1998-09-01,8,Chihuahua,14.8,22.6,30.4,36.4
1998-09-01,9,Ciudad de México,10.9,16.5,22.1,257.3
1998-09-01,10,Durango,12.6,20.5,28.3,37.5
1998-09-01,11,Guanajuato,13.6,19.8,26.0,214.7
1998-09-01,12,Guerrero,19.2,24.8,30.5,266.0
1998-09-01,13,Hidalgo,11.1,17.2,23.3,269.1
1998-09-01,14,Jalisco,15.8,22.0,28.3,211.1
1998-09-01,15,Estado de México,9.4,15.3,21.2,183.9
1998-09-01,16,Michoacán,14.3,20.5,26.8,209.7
1998-09-01,17,Morelos,16.1,22.0,27.9,344.8
1998-09-01,18,Nayarit,21.5,27.4,33.3,416.2
1998-09-01,19,Nuevo León,17.0,23.7,30.4,129.8
1998-09-01,20,Oaxaca,16.7,22.2,27.6,543.5
1998-09-01,21,Puebla,12.5,18.2,24.0,456.2
1998-09-01,22,Querétaro,12.6,18.9,25.3,176.7
1998-09-01,23,Quintana Roo,21.8,27.4,32.9,174.5
1998-09-01,24,San Luis Potosí,16.8,22.9,28.9,241.5
1998-09-01,25,Sinaloa,23.7,29.2,34.8,211.3
1998-09-01,26,Sonora,21.2,29.1,37.1,55.5
1998-09-01,27,Tabasco,22.7,28.2,33.6,328.5
1998-09-01,28,Tamaulipas,20.8,26.4,32.1,251.1
1998-09-01,29,Tlaxcala,8.8,15.4,22.0,272.4
1998-09-01,30,Veracruz,19.7,24.5,29.4,373.4
1998-09-01,31,Yucatán,21.8,28.0,34.3,174.7
1998-09-01,32,Zacatecas,12.3,19.3,26.4,109.6
1998-10-01,0,Nacional,14.2,21.1,27.9,112.0
1998-10-01,1,Aguascalientes,9.5,17.6,25.7,13.3
1998-10-01,2,Baja California,11.2,20.4,29.7,4.4
1998-10-01,3,Baja California Sur,16.1,24.9,33.7,12.0
1998-10-01,4,Campeche,20.1,25.7,31.3,196.0
1998-10-01,5,Coahuila,12.2,20.0,27.8,38.0
1998-10-01,6,Colima,20.3,26.1,31.9,82.7
1998-10-01,7,Chiapas,18.0,23.3,28.6,278.8
1998-10-01,8,Chihuahua,9.2,18.1,27.0,27.0
1998-10-01,9,Ciudad de México,9.6,15.2,20.8,110.2
1998-10-01,10,Durango,8.6,17.7,26.9,27.2
1998-10-01,11,Guanajuato,11.4,18.1,24.7,77.2
1998-10-01,12,Guerrero,18.4,24.5,30.7,130.2
1998-10-01,13,Hidalgo,8.8,15.1,21.4,161.9
1998-10-01,14,Jalisco,13.8,21.2,28.6,47.5
1998-10-01,15,Estado de México,7.6,14.0,20.4,74.9
1998-10-01,16,Michoacán,12.3,19.4,26.5,66.0
1998-10-01,17,Morelos,14.4,21.2,27.9,125.9
1998-10-01,18,Nayarit,20.3,26.9,33.5,155.4
1998-10-01,19,Nuevo León,13.2,20.2,27.2,67.7
1998-10-01,20,Oaxaca,15.7,21.5,27.2,352.6
1998-10-01,21,Puebla,10.4,16.6,22.7,475.9
1998-10-01,22,Querétaro,10.4,16.7,23.1,80.9
1998-10-01,23,Quintana Roo,20.6,25.9,31.2,403.6
1998-10-01,24,San Luis Potosí,13.9,20.4,26.8,172.2
1998-10-01,25,Sinaloa,20.9,28.2,35.5,27.7
1998-10-01,26,Sonora,15.6,25.3,35.1,16.4
1998-10-01,27,Tabasco,21.9,26.6,31.4,427.9
1998-10-01,28,Tamaulipas,17.0,23.2,29.4,140.1
1998-10-01,29,Tlaxcala,6.7,13.9,21.1,77.8
1998-10-01,30,Veracruz,17.8,22.6,27.4,363.6
1998-10-01,31,Yucatán,20.9,26.8,32.6,147.1
1998-10-01,32,Zacatecas,9.5,17.8,26.1,35.1
1998-11-01,0,Nacional,11.1,18.9,26.8,43.6
1998-11-01,1,Aguascalientes,5.4,15.0,24.6,0.1
1998-11-01,2,Baja California,7.5,16.3,25.0,13.2
1998-11-01,3,Baja California Sur,11.7,20.7,29.7,0.4
1998-11-01,4,Campeche,18.0,23.8,29.7,178.1
1998-11-01,5,Coahuila,8.0,16.2,24.4,14.8
1998-11-01,6,Colima,18.1,25.4,32.7,4.1
1998-11-01,7,Chiapas,16.8,22.5,28.2,144.0
1998-11-01,8,Chihuahua,4.1,14.1,24.2,10.6
1998-11-01,9,Ciudad de México,7.4,14.2,21.1,22.9
1998-11-01,10,Durango,4.1,14.3,24.5,4.5
1998-11-01,11,Guanajuato,8.8,17.2,25.5,10.4
1998-11-01,12,Guerrero,17.3,24.1,31.0,14.0
1998-11-01,13,Hidalgo,6.4,14.3,22.2,48.8
1998-11-01,14,Jalisco,9.7,19.0,28.2,3.1
1998-11-01,15,Estado de México,4.9,12.9,20.9,15.3
1998-11-01,16,Michoacán,9.6,18.1,26.6,7.0
1998-11-01,17,Morelos,12.3,20.3,28.4,22.0
1998-11-01,18,Nayarit,16.1,24.2,32.3,6.0
1998-11-01,19,Nuevo León,10.1,17.6,25.1,37.4
1998-11-01,20,Oaxaca,14.0,20.7,27.4,100.2
1998-11-01,21,Puebla,7.9,15.3,22.7,146.2
1998-11-01,22,Querétaro,8.1,15.7,23.3,15.7
1998-11-01,23,Quintana Roo,18.4,23.8,29.2,164.8
1998-11-01,24,San Luis Potosí,11.5,18.8,26.1,70.7
1998-11-01,25,Sinaloa,14.7,23.8,32.9,2.5
1998-11-01,26,Sonora,9.2,19.8,30.4,6.5
1998-11-01,27,Tabasco,20.5,25.3,30.1,190.1
1998-11-01,28,Tamaulipas,14.8,21.2,27.6,78.1
1998-11-01,29,Tlaxcala,4.0,12.9,21.9,17.5
1998-11-01,30,Veracruz,16.1,21.1,26.2,201.0
1998-11-01,31,Yucatán,18.3,24.4,30.5,101.1
1998-11-01,32,Zacatecas,4.8,14.7,24.7,10.1
1998-12-01,0,Nacional,8.3,16.6,24.9,11.1
1998-12-01,1,Aguascalientes,2.5,12.5,22.5,0.0
1998-12-01,2,Baja California,4.6,12.7,20.8,12.5
1998-12-01,3,Baja California Sur,7.9,16.6,25.4,0.1
1998-12-01,4,Campeche,16.6,22.8,29.0,49.6
1998-12-01,5,Coahuila,4.0,12.4,20.8,2.6
1998-12-01,6,Colima,15.4,23.9,32.4,0.0
1998-12-01,7,Chiapas,15.0,21.5,28.1,37.5
1998-12-01,8,Chihuahua,-0.1,9.3,18.7,1.3
1998-12-01,9,Ciudad de México,5.2,12.7,20.3,0.3
1998-12-01,10,Durango,0.8,10.9,21.0,0.0
1998-12-01,11,Guanajuato,5.7,15.0,24.4,0.0
1998-12-01,12,Guerrero,15.5,23.1,30.7,0.3
1998-12-01,13,Hidalgo,4.0,12.8,21.7,5.0
1998-12-01,14,Jalisco,6.9,17.0,27.1,0.0
1998-12-01,15,Estado de México,2.3,11.4,20.4,0.3
1998-12-01,16,Michoacán,6.7,16.2,25.8,0.0
1998-12-01,17,Morelos,9.5,18.7,27.8,0.0
1998-12-01,18,Nayarit,12.7,21.5,30.4,0.2
1998-12-01,19,Nuevo León,5.4,13.6,21.8,2.4
1998-12-01,20,Oaxaca,12.3,19.7,27.1,13.1
1998-12-01,21,Puebla,6.0,14.1,22.2,26.7
1998-12-01,22,Querétaro,5.7,14.0,22.4,0.0
1998-12-01,23,Quintana Roo,16.8,22.8,28.8,54.7
1998-12-01,24,San Luis Potosí,8.4,16.2,24.0,6.9
1998-12-01,25,Sinaloa,9.5,19.2,28.9,0.0
1998-12-01,26,Sonora,4.2,14.1,24.0,2.3
1998-12-01,27,Tabasco,19.0,24.0,29.1,111.1
1998-12-01,28,Tamaulipas,10.7,17.4,24.1,8.0
1998-12-01,29,Tlaxcala,1.6,11.5,21.5,0.0
1998-12-01,30,Veracruz,13.9,19.2,24.5,61.6
1998-12-01,31,Yucatán,16.7,23.3,29.8,12.7
1998-12-01,32,Zacatecas,2.0,12.3,22.7,0.0
1999-01-01,0,Nacional,7.7,16.7,25.7,8.4
1999-01-01,1,Aguascalientes,1.6,12.2,22.9,0.0
1999-01-01,2,Baja California,5.1,13.6,22.1,15.3
1999-01-01,3,Baja California Sur,7.6,17.1,26.5,0.0
1999-01-01,4,Campeche,15.9,22.5,29.2,12.9
1999-01-01,5,Coahuila,3.7,13.3,23.0,0.1
1999-01-01,6,Colima,13.4,22.8,32.2,0.0
1999-01-01,7,Chiapas,14.5,21.6,28.7,37.0
1999-01-01,8,Chihuahua,0.0,10.4,20.8,0.0
1999-01-01,9,Ciudad de México,4.8,12.7,20.7,2.0
1999-01-01,10,Durango,0.2,11.3,22.5,0.0
1999-01-01,11,Guanajuato,3.8,13.7,23.6,0.0
1999-01-01,12,Guerrero,14.8,22.9,31.0,0.0
1999-01-01,13,Hidalgo,3.6,13.1,22.5,2.0
1999-01-01,14,Jalisco,5.6,16.5,27.5,0.0
1999-01-01,15,Estado de México,1.5,11.2,20.9,0.1
1999-01-01,16,Michoacán,5.7,15.9,26.1,0.3
1999-01-01,17,Morelos,8.9,18.5,28.0,0.0
1999-01-01,18,Nayarit,10.9,20.9,30.9,0.0
1999-01-01,19,Nuevo León,6.0,14.9,23.8,0.0
1999-01-01,20,Oaxaca,11.1,19.2,27.3,17.1
1999-01-01,21,Puebla,5.2,14.0,22.9,15.4
1999-01-01,22,Querétaro,5.0,14.2,23.3,0.0
1999-01-01,23,Quintana Roo,16.3,22.6,29.0,78.7
1999-01-01,24,San Luis Potosí,7.6,16.4,25.3,1.4
1999-01-01,25,Sinaloa,8.5,19.2,29.9,0.0
1999-01-01,26,Sonora,4.3,15.3,26.3,0.0
1999-01-01,27,Tabasco,18.8,23.9,29.1,83.5
1999-01-01,28,Tamaulipas,11.0,18.4,25.9,1.5
1999-01-01,29,Tlaxcala,0.9,11.4,21.9,0.7
1999-01-01,30,Veracruz,13.3,19.4,25.5,41.2
1999-01-01,31,Yucatán,16.0,23.0,30.1,16.1
1999-01-01,32,Zacatecas,0.9,12.1,23.4,0.0
1999-02-01,0,Nacional,9.3,18.3,27.3,8.2
1999-02-01,1,Aguascalientes,4.4,14.8,25.2,0.0
1999-02-01,2,Baja California,5.9,13.7,21.6,15.0
1999-02-01,3,Baja California Sur,8.9,18.1,27.3,0.0
1999-02-01,4,Campeche,16.5,23.6,30.7,29.1
1999-02-01,5,Coahuila,6.5,16.1,25.8,0.0
1999-02-01,6,Colima,14.8,23.7,32.6,0.2
1999-02-01,7,Chiapas,15.0,22.4,29.8,49.5
1999-02-01,8,Chihuahua,2.6,13.1,23.6,0.0
1999-02-01,9,Ciudad de México,6.3,14.3,22.3,1.7
1999-02-01,10,Durango,3.1,14.1,25.1,0.0
1999-02-01,11,Guanajuato,6.1,15.9,25.8,0.0
1999-02-01,12,Guerrero,15.9,23.9,32.0,0.2
1999-02-01,13,Hidalgo,5.1,14.6,24.2,11.0
1999-02-01,14,Jalisco,8.0,18.7,29.4,1.8
1999-02-01,15,Estado de México,3.0,12.7,22.4,1.6
1999-02-01,16,Michoacán,7.8,17.7,27.7,1.3
1999-02-01,17,Morelos,10.6,20.2,29.7,0.2
1999-02-01,18,Nayarit,12.0,22.1,32.1,0.0
1999-02-01,19,Nuevo León,9.0,17.7,26.4,1.5
1999-02-01,20,Oaxaca,12.1,20.5,28.8,14.6
1999-02-01,21,Puebla,6.4,15.5,24.5,26.5
1999-02-01,22,Querétaro,6.3,15.5,24.7,0.0
1999-02-01,23,Quintana Roo,16.1,23.1,30.1,33.8
1999-02-01,24,San Luis Potosí,9.5,18.4,27.4,6.8
1999-02-01,25,Sinaloa,10.2,20.8,31.3,0.0
1999-02-01,26,Sonora,5.9,16.9,27.9,0.1
1999-02-01,27,Tabasco,19.5,24.9,30.4,74.0
1999-02-01,28,Tamaulipas,13.3,20.8,28.3,3.4
1999-02-01,29,Tlaxcala,2.3,13.0,23.8,4.2
1999-02-01,30,Veracruz,14.5,20.8,27.1,30.7
1999-02-01,31,Yucatán,16.0,23.9,31.9,13.2
1999-02-01,32,Zacatecas,3.8,14.8,25.8,0.4
1999-03-01,0,Nacional,11.0,20.1,29.2,11.7
1999-03-01,1,Aguascalientes,6.8,17.1,27.4,0.1
1999-03-01,2,Baja California,6.2,13.9,21.7,19.9
1999-03-01,3,Baja California Sur,9.2,18.2,27.2,0.3
1999-03-01,4,Campeche,18.3,26.0,33.7,4.5
1999-03-01,5,Coahuila,9.4,19.0,28.7,23.0
1999-03-01,6,Colima,14.4,23.4,32.5,0.0
1999-03-01,7,Chiapas,16.1,24.0,31.9,31.8
1999-03-01,8,Chihuahua,4.5,14.7,24.9,3.3
1999-03-01,9,Ciudad de México,8.2,16.3,24.4,7.5
1999-03-01,10,Durango,5.5,16.1,26.8,0.2
1999-03-01,11,Guanajuato,8.1,18.2,28.2,0.9
1999-03-01,12,Guerrero,16.7,25.0,33.3,0.6
1999-03-01,13,Hidalgo,7.4,17.1,26.8,11.1
1999-03-01,14,Jalisco,8.9,19.8,30.8,0.1
1999-03-01,15,Estado de México,5.1,14.6,24.2,5.8
1999-03-01,16,Michoacán,9.3,19.3,29.3,1.1
1999-03-01,17,Morelos,12.8,22.4,32.1,2.9
1999-03-01,18,Nayarit,12.4,22.9,33.4,0.0
1999-03-01,19,Nuevo León,12.0,20.2,28.4,24.8
1999-03-01,20,Oaxaca,14.1,22.6,31.0,8.8
1999-03-01,21,Puebla,8.9,17.8,26.7,20.3
1999-03-01,22,Querétaro,9.4,18.5,27.7,1.0
1999-03-01,23,Quintana Roo,17.2,24.5,31.8,18.6
1999-03-01,24,San Luis Potosí,12.6,21.4,30.2,20.7
1999-03-01,25,Sinaloa,11.2,21.4,31.7,1.4
1999-03-01,26,Sonora,7.4,17.8,28.3,1.3
1999-03-01,27,Tabasco,20.5,27.1,33.7,33.7
1999-03-01,28,Tamaulipas,16.5,23.6,30.8,47.2
1999-03-01,29,Tlaxcala,4.4,14.9,25.5,17.2
1999-03-01,30,Veracruz,16.9,23.6,30.2,23.1
1999-03-01,31,Yucatán,17.9,26.0,34.2,41.6
1999-03-01,32,Zacatecas,5.3,16.2,27.2,0.7
1999-04-01,0,Nacional,13.1,22.2,31.4,14.0
1999-04-01,1,Aguascalientes,9.8,19.9,30.1,7.0
1999-04-01,2,Baja California,8.5,16.7,24.9,36.7
1999-04-01,3,Baja California Sur,11.1,20.3,29.6,0.8
1999-04-01,4,Campeche,20.2,28.3,36.3,8.7
1999-04-01,5,Coahuila,13.4,22.5,31.6,17.8
1999-04-01,6,Colima,15.6,24.7,33.8,0.0
1999-04-01,7,Chiapas,17.6,25.2,32.8,59.4
1999-04-01,8,Chihuahua,8.6,18.4,28.2,3.5
1999-04-01,9,Ciudad de México,10.2,18.4,26.6,17.8
1999-04-01,10,Durango,9.0,19.4,29.9,0.2
1999-04-01,11,Guanajuato,10.8,20.6,30.5,2.2
1999-04-01,12,Guerrero,18.1,26.3,34.5,2.8
1999-04-01,13,Hidalgo,9.0,18.7,28.4,12.9
1999-04-01,14,Jalisco,11.3,22.1,32.9,0.3
1999-04-01,15,Estado de México,6.8,16.3,25.8,7.8
1999-04-01,16,Michoacán,11.4,21.4,31.4,0.7
1999-04-01,17,Morelos,14.6,24.2,33.8,14.8
1999-04-01,18,Nayarit,14.3,24.8,35.4,0.0
1999-04-01,19,Nuevo León,14.5,22.9,31.4,20.5
1999-04-01,20,Oaxaca,15.6,23.9,32.2,34.4
1999-04-01,21,Puebla,10.4,19.5,28.7,41.1
1999-04-01,22,Querétaro,11.3,20.5,29.6,3.2
1999-04-01,23,Quintana Roo,19.0,26.1,33.3,25.9
1999-04-01,24,San Luis Potosí,14.4,23.5,32.6,3.7
1999-04-01,25,Sinaloa,13.1,23.5,34.0,0.9
1999-04-01,26,Sonora,10.3,21.1,31.9,2.9
1999-04-01,27,Tabasco,21.7,28.5,35.4,74.1
1999-04-01,28,Tamaulipas,18.2,25.8,33.4,12.2
1999-04-01,29,Tlaxcala,5.9,16.2,26.6,34.4
1999-04-01,30,Veracruz,18.1,25.2,32.3,38.0
1999-04-01,31,Yucatán,19.7,27.9,36.1,15.9
1999-04-01,32,Zacatecas,8.6,19.4,30.2,2.2
1999-05-01,0,Nacional,15.1,23.6,32.2,25.1
1999-05-01,1,Aguascalientes,11.8,21.4,31.0,2.4
1999-05-01,2,Baja California,11.1,19.3,27.5,0.0
1999-05-01,3,Baja California Sur,12.9,22.2,31.4,0.0
1999-05-01,4,Campeche,21.6,29.1,36.6,84.1
1999-05-01,5,Coahuila,16.6,25.5,34.4,39.3
1999-05-01,6,Colima,17.6,25.7,33.8,1.3
1999-05-01,7,Chiapas,18.6,25.2,31.8,116.0
1999-05-01,8,Chihuahua,12.6,22.4,32.3,2.9
1999-05-01,9,Ciudad de México,10.7,18.3,25.8,26.1
1999-05-01,10,Durango,12.0,22.0,32.1,4.7
1999-05-01,11,Guanajuato,12.2,21.9,31.5,14.6
1999-05-01,12,Guerrero,19.4,26.7,34.1,21.5
1999-05-01,13,Hidalgo,10.3,19.2,28.2,24.4
1999-05-01,14,Jalisco,13.6,23.5,33.5,6.8
1999-05-01,15,Estado de México,8.0,16.5,25.1,18.1
1999-05-01,16,Michoacán,13.3,22.4,31.5,26.6
1999-05-01,17,Morelos,15.7,24.2,32.8,19.1
1999-05-01,18,Nayarit,17.3,26.8,36.4,0.8
1999-05-01,19,Nuevo León,16.9,25.0,33.1,43.0
1999-05-01,20,Oaxaca,16.6,24.0,31.4,26.3
1999-05-01,21,Puebla,11.6,19.9,28.1,42.5
1999-05-01,22,Querétaro,12.9,21.5,30.1,12.7
1999-05-01,23,Quintana Roo,20.8,27.2,33.6,35.1
1999-05-01,24,San Luis Potosí,16.5,25.1,33.6,26.2
1999-05-01,25,Sinaloa,16.7,26.4,36.2,0.0
1999-05-01,26,Sonora,14.1,25.3,36.4,0.0
1999-05-01,27,Tabasco,23.0,29.5,36.0,36.0
1999-05-01,28,Tamaulipas,20.7,27.8,34.9,46.2
1999-05-01,29,Tlaxcala,7.2,16.5,25.9,41.9
1999-05-01,30,Veracruz,20.0,26.6,33.3,58.5
1999-05-01,31,Yucatán,21.5,29.1,36.8,86.2
1999-05-01,32,Zacatecas,10.8,21.0,31.2,8.3
1999-06-01,0,Nacional,16.7,23.7,30.6,126.4
1999-06-01,1,Aguascalientes,13.5,21.4,29.4,59.6
1999-06-01,2,Baja California,13.8,22.1,30.4,1.5
1999-06-01,3,Baja California Sur,17.0,25.4,33.8,2.3
1999-06-01,4,Campeche,21.0,27.4,33.9,268.9
1999-06-01,5,Coahuila,18.4,25.8,33.2,121.5
1999-06-01,6,Colima,20.9,27.1,33.4,199.5
1999-06-01,7,Chiapas,18.5,24.4,30.3,369.6
1999-06-01,8,Chihuahua,15.8,23.9,32.0,30.0
1999-06-01,9,Ciudad de México,11.4,17.8,24.3,67.9
1999-06-01,10,Durango,14.2,21.9,29.7,96.3
1999-06-01,11,Guanajuato,13.5,21.4,29.3,93.0
1999-06-01,12,Guerrero,19.4,25.6,31.8,186.3
1999-06-01,13,Hidalgo,11.4,18.6,25.8,68.0
1999-06-01,14,Jalisco,16.4,23.3,30.3,169.8
1999-06-01,15,Estado de México,9.4,16.2,23.0,82.8
1999-06-01,16,Michoacán,14.5,21.4,28.3,165.2
1999-06-01,17,Morelos,16.4,23.1,29.8,200.3
1999-06-01,18,Nayarit,21.1,27.9,34.7,268.6
1999-06-01,19,Nuevo León,17.9,25.0,32.2,106.2
1999-06-01,20,Oaxaca,16.8,23.0,29.1,392.4
1999-06-01,21,Puebla,12.2,19.1,26.0,304.3
1999-06-01,22,Querétaro,13.6,20.5,27.4,24.4
1999-06-01,23,Quintana Roo,21.0,26.5,32.0,174.2
1999-06-01,24,San Luis Potosí,17.7,24.4,31.1,49.7
1999-06-01,25,Sinaloa,22.2,29.4,36.5,83.1
1999-06-01,26,Sonora,20.1,29.1,38.1,20.2
1999-06-01,27,Tabasco,22.4,28.2,34.1,205.4
1999-06-01,28,Tamaulipas,21.4,27.5,33.6,96.7
1999-06-01,29,Tlaxcala,8.5,16.2,23.9,113.6
1999-06-01,30,Veracruz,19.8,25.5,31.2,185.9
1999-06-01,31,Yucatán,21.1,27.6,34.2,198.4
1999-06-01,32,Zacatecas,13.7,21.0,28.4,103.5
1999-07-01,0,Nacional,16.4,23.3,30.2,154.5
1999-07-01,1,Aguascalientes,12.4,20.5,28.7,108.2
1999-07-01,2,Baja California,16.5,24.4,32.3,0.1
1999-07-01,3,Baja California Sur,19.6,27.4,35.2,8.0
1999-07-01,4,Campeche,20.7,27.1,33.6,245.8
1999-07-01,5,Coahuila,18.5,26.2,34.0,30.9
1999-07-01,6,Colima,20.9,27.0,33.2,124.2
1999-07-01,7,Chiapas,18.2,24.2,30.3,244.0
1999-07-01,8,Chihuahua,16.4,23.6,30.8,73.1
1999-07-01,9,Ciudad de México,10.5,17.1,23.7,155.0
1999-07-01,10,Durango,13.6,21.3,29.0,83.6
1999-07-01,11,Guanajuato,12.2,19.5,26.8,171.0
1999-07-01,12,Guerrero,18.9,25.1,31.4,191.6
1999-07-01,13,Hidalgo,10.4,17.5,24.7,199.1
1999-07-01,14,Jalisco,15.4,22.1,28.9,190.5
1999-07-01,15,Estado de México,8.5,15.3,22.2,116.2
1999-07-01,16,Michoacán,13.4,20.2,27.1,176.0
1999-07-01,17,Morelos,15.2,22.3,29.4,249.1
1999-07-01,18,Nayarit,20.9,27.1,33.4,390.6
1999-07-01,19,Nuevo León,17.6,25.3,33.1,81.7
1999-07-01,20,Oaxaca,16.4,22.6,28.9,377.1
1999-07-01,21,Puebla,11.2,18.3,25.3,334.0
1999-07-01,22,Querétaro,12.5,19.4,26.3,84.7
1999-07-01,23,Quintana Roo,20.9,26.9,32.8,242.0
1999-07-01,24,San Luis Potosí,16.6,23.6,30.6,236.1
1999-07-01,25,Sinaloa,23.0,29.1,35.2,191.6
1999-07-01,26,Sonora,22.2,29.7,37.2,103.6
1999-07-01,27,Tabasco,22.0,27.6,33.3,238.4
1999-07-01,28,Tamaulipas,20.9,27.4,34.0,184.2
1999-07-01,29,Tlaxcala,7.1,15.2,23.4,195.4
1999-07-01,30,Veracruz,19.2,24.8,30.4,370.4
1999-07-01,31,Yucatán,20.9,27.6,34.3,188.1
1999-07-01,32,Zacatecas,12.3,19.9,27.5,131.5
1999-08-01,0,Nacional,16.5,23.3,30.1,138.0
1999-08-01,1,Aguascalientes,12.1,20.1,28.1,52.2
1999-08-01,2,Baja California,17.2,25.2,33.3,1.6
1999-08-01,3,Baja California Sur,20.5,28.1,35.8,26.0
1999-08-01,4,Campeche,20.8,27.0,33.1,178.6
1999-08-01,5,Coahuila,18.2,25.8,33.4,84.9
1999-08-01,6,Colima,20.6,26.7,32.9,214.2
1999-08-01,7,Chiapas,18.4,24.3,30.2,332.7
1999-08-01,8,Chihuahua,15.6,23.0,30.3,76.8
1999-08-01,9,Ciudad de México,11.1,16.6,22.2,204.0
1999-08-01,10,Durango,13.4,21.2,29.1,46.4
1999-08-01,11,Guanajuato,12.3,19.7,27.1,107.9
1999-08-01,12,Guerrero,18.9,24.9,31.0,233.5
1999-08-01,13,Hidalgo,10.4,17.6,24.7,111.0
1999-08-01,14,Jalisco,15.2,22.0,28.8,179.8
1999-08-01,15,Estado de México,8.9,15.3,21.8,172.9
1999-08-01,16,Michoacán,13.3,20.0,26.8,219.1
1999-08-01,17,Morelos,15.5,22.2,29.0,308.4
1999-08-01,18,Nayarit,21.0,27.3,33.6,361.7
1999-08-01,19,Nuevo León,17.4,25.2,33.1,56.1
1999-08-01,20,Oaxaca,16.4,22.5,28.6,306.6
1999-08-01,21,Puebla,11.7,18.7,25.7,364.0
1999-08-01,22,Querétaro,12.4,19.2,26.1,74.2
1999-08-01,23,Quintana Roo,21.0,26.8,32.7,215.5
1999-08-01,24,San Luis Potosí,16.5,23.5,30.6,58.1
1999-08-01,25,Sinaloa,22.7,28.9,35.0,157.8
1999-08-01,26,Sonora,21.9,29.4,36.9,79.5
1999-08-01,27,Tabasco,21.8,27.4,33.0,281.7
1999-08-01,28,Tamaulipas,20.9,27.6,34.4,67.5
1999-08-01,29,Tlaxcala,7.6,15.4,23.1,204.2
1999-08-01,30,Veracruz,19.3,24.9,30.5,234.7
1999-08-01,31,Yucatán,21.0,27.7,34.3,161.9
1999-08-01,32,Zacatecas,12.2,19.8,27.4,90.4
1999-09-01,0,Nacional,16.0,22.7,29.5,150.1
1999-09-01,1,Aguascalientes,11.6,19.6,27.6,66.8
1999-09-01,2,Baja California,15.4,23.5,31.7,4.3
1999-09-01,3,Baja California Sur,19.9,27.1,34.4,22.3
1999-09-01,4,Campeche,20.9,26.7,32.5,264.8
1999-09-01,5,Coahuila,16.5,24.2,31.9,10.0
1999-09-01,6,Colima,20.6,26.2,31.9,483.0
1999-09-01,7,Chiapas,18.6,23.9,29.3,407.7
1999-09-01,8,Chihuahua,14.2,22.2,30.2,44.1
1999-09-01,9,Ciudad de México,10.6,16.6,22.6,87.5
1999-09-01,10,Durango,12.4,20.6,28.7,33.1
1999-09-01,11,Guanajuato,11.3,18.8,26.3,41.7
1999-09-01,12,Guerrero,19.0,24.8,30.7,233.6
1999-09-01,13,Hidalgo,10.1,16.9,23.8,161.4
1999-09-01,14,Jalisco,14.9,21.8,28.8,102.4
1999-09-01,15,Estado de México,8.4,14.9,21.4,78.6
1999-09-01,16,Michoacán,13.2,20.0,26.9,98.9
1999-09-01,17,Morelos,15.6,22.0,28.4,196.6
1999-09-01,18,Nayarit,21.2,27.3,33.4,242.9
1999-09-01,19,Nuevo León,16.1,23.6,31.1,79.5
1999-09-01,20,Oaxaca,16.5,22.0,27.6,490.6
1999-09-01,21,Puebla,11.6,18.1,24.7,462.3
1999-09-01,22,Querétaro,11.7,18.7,25.7,33.8
1999-09-01,23,Quintana Roo,21.4,26.9,32.4,220.7
1999-09-01,24,San Luis Potosí,15.8,22.7,29.6,175.8
1999-09-01,25,Sinaloa,23.1,29.0,34.9,91.3
1999-09-01,26,Sonora,20.7,29.0,37.2,45.1
1999-09-01,27,Tabasco,21.9,27.0,32.1,573.2
1999-09-01,28,Tamaulipas,19.7,26.1,32.6,175.3
1999-09-01,29,Tlaxcala,7.7,15.0,22.4,108.9
1999-09-01,30,Veracruz,19.1,24.3,29.4,471.0
1999-09-01,31,Yucatán,21.3,27.6,33.9,158.7
1999-09-01,32,Zacatecas,11.3,19.3,27.3,63.6
1999-10-01,0,Nacional,13.6,20.7,27.8,80.7
1999-10-01,1,Aguascalientes,9.1,17.8,26.5,7.0
1999-10-01,2,Baja California,11.7,20.2,28.6,0.0
1999-10-01,3,Baja California Sur,16.1,24.2,32.4,0.0
1999-10-01,4,Campeche,19.6,25.3,31.0,238.0
1999-10-01,5,Coahuila,11.7,19.5,27.4,13.7
1999-10-01,6,Colima,20.3,26.4,32.4,46.2
1999-10-01,7,Chiapas,17.8,23.1,28.5,330.7
1999-10-01,8,Chihuahua,8.2,16.9,25.6,2.1
1999-10-01,9,Ciudad de México,9.2,15.7,22.2,100.3
1999-10-01,10,Durango,7.5,16.8,26.1,1.9
1999-10-01,11,Guanajuato,8.6,17.0,25.5,5.2
1999-10-01,12,Guerrero,18.2,24.6,30.9,78.5
1999-10-01,13,Hidalgo,7.9,15.0,22.2,111.2
1999-10-01,14,Jalisco,12.9,21.0,29.0,35.0
1999-10-01,15,Estado de México,6.6,13.8,21.1,65.0
1999-10-01,16,Michoacán,11.4,19.0,26.7,44.1
1999-10-01,17,Morelos,13.7,21.0,28.3,136.1
1999-10-01,18,Nayarit,19.7,26.4,33.1,95.7
1999-10-01,19,Nuevo León,12.5,19.5,26.4,26.9
1999-10-01,20,Oaxaca,15.4,21.4,27.5,182.3
1999-10-01,21,Puebla,9.6,16.6,23.7,414.9
1999-10-01,22,Querétaro,9.7,16.8,24.0,11.9
1999-10-01,23,Quintana Roo,19.9,25.3,30.7,183.4
1999-10-01,24,San Luis Potosí,13.4,20.3,27.2,33.4
1999-10-01,25,Sinaloa,20.5,27.3,34.2,27.0
1999-10-01,26,Sonora,15.6,24.4,33.1,10.5
1999-10-01,27,Tabasco,20.9,25.3,29.8,594.3
1999-10-01,28,Tamaulipas,16.2,22.6,29.1,54.7
1999-10-01,29,Tlaxcala,5.6,13.8,21.9,165.1
1999-10-01,30,Veracruz,17.2,22.3,27.4,276.5
1999-10-01,31,Yucatán,19.8,25.8,31.8,253.8
1999-10-01,32,Zacatecas,8.6,17.4,26.3,10.2
1999-11-01,0,Nacional,10.6,18.5,26.5,18.6
1999-11-01,1,Aguascalientes,5.2,14.8,24.5,0.0
1999-11-01,2,Baja California,7.1,15.4,23.8,0.0
1999-11-01,3,Baja California Sur,11.1,19.8,28.5,0.0
1999-11-01,4,Campeche,17.7,23.8,29.9,61.2
1999-11-01,5,Coahuila,7.0,15.3,23.6,0.2
1999-11-01,6,Colima,17.3,25.1,32.9,1.6
1999-11-01,7,Chiapas,16.5,22.6,28.7,46.6
1999-11-01,8,Chihuahua,3.1,12.5,21.9,1.3
1999-11-01,9,Ciudad de México,7.3,14.6,21.9,3.6
1999-11-01,10,Durango,3.7,13.3,23.0,5.8
1999-11-01,11,Guanajuato,5.5,14.8,24.2,0.2
1999-11-01,12,Guerrero,17.0,24.1,31.2,2.3
1999-11-01,13,Hidalgo,6.1,14.3,22.5,21.5
1999-11-01,14,Jalisco,9.0,18.5,28.1,5.3
1999-11-01,15,Estado de México,4.3,12.8,21.3,6.0
1999-11-01,16,Michoacán,8.5,17.5,26.4,2.0
1999-11-01,17,Morelos,12.0,20.5,29.0,7.2
1999-11-01,18,Nayarit,15.6,23.7,31.9,1.2
1999-11-01,19,Nuevo León,8.8,16.5,24.2,2.0
1999-11-01,20,Oaxaca,14.0,20.7,27.5,47.0
1999-11-01,21,Puebla,7.9,15.7,23.6,75.7
1999-11-01,22,Querétaro,7.8,15.9,24.1,3.1
1999-11-01,23,Quintana Roo,17.9,23.8,29.7,147.8
1999-11-01,24,San Luis Potosí,11.0,18.6,26.1,10.1
1999-11-01,25,Sinaloa,14.3,22.6,31.0,0.9
1999-11-01,26,Sonora,8.0,17.8,27.7,0.0
1999-11-01,27,Tabasco,19.9,24.6,29.4,141.9
1999-11-01,28,Tamaulipas,13.8,20.4,27.0,10.8
1999-11-01,29,Tlaxcala,3.9,13.0,22.1,6.3
1999-11-01,30,Veracruz,15.8,20.9,26.0,113.8
1999-11-01,31,Yucatán,17.7,24.2,30.6,26.1
1999-11-01,32,Zacatecas,4.5,14.3,24.2,2.2
1999-12-01,0,Nacional,8.1,16.3,24.5,18.4
1999-12-01,1,Aguascalientes,2.5,12.2,22.0,0.0
1999-12-01,2,Baja California,5.5,13.9,22.3,4.5
1999-12-01,3,Baja California Sur,8.2,17.3,26.4,0.0
1999-12-01,4,Campeche,16.0,22.1,28.3,61.8
1999-12-01,5,Coahuila,3.4,11.8,20.2,2.6
1999-12-01,6,Colima,15.0,23.6,32.2,0.0
1999-12-01,7,Chiapas,14.7,21.3,27.9,53.3
1999-12-01,8,Chihuahua,-0.8,8.7,18.2,1.8
1999-12-01,9,Ciudad de México,4.5,12.3,20.1,2.4
1999-12-01,10,Durango,0.4,10.4,20.3,2.9
1999-12-01,11,Guanajuato,4.0,13.2,22.5,2.7
1999-12-01,12,Guerrero,15.2,22.9,30.6,0.4
1999-12-01,13,Hidalgo,3.9,12.5,21.2,6.8
1999-12-01,14,Jalisco,6.8,16.7,26.6,0.4
1999-12-01,15,Estado de México,1.7,10.8,19.9,2.3
1999-12-01,16,Michoacán,6.0,15.5,25.1,4.5
1999-12-01,17,Morelos,9.1,18.4,27.8,0.8
1999-12-01,18,Nayarit,12.2,21.2,30.3,0.0
1999-12-01,19,Nuevo León,4.7,12.6,20.4,9.2
1999-12-01,20,Oaxaca,12.3,19.5,26.6,63.8
1999-12-01,21,Puebla,5.9,13.9,22.0,37.7
1999-12-01,22,Querétaro,5.5,13.9,22.3,2.3
1999-12-01,23,Quintana Roo,16.4,22.6,28.8,70.8
1999-12-01,24,San Luis Potosí,8.0,15.9,23.8,10.5
1999-12-01,25,Sinaloa,10.0,19.6,29.1,0.7
1999-12-01,26,Sonora,4.7,14.8,24.8,2.1
1999-12-01,27,Tabasco,18.6,23.1,27.6,139.9
1999-12-01,28,Tamaulipas,9.7,16.3,23.0,15.4
1999-12-01,29,Tlaxcala,1.2,10.8,20.3,2.3
1999-12-01,30,Veracruz,13.4,18.6,23.9,85.8
1999-12-01,31,Yucatán,16.0,22.6,29.1,60.1
1999-12-01,32,Zacatecas,1.8,11.8,21.8,3.1
2000-01-01,0,Nacional,8.2,16.6,25.0,11.6
2000-01-01,1,Aguascalientes,2.8,12.8,22.9,0.0
2000-01-01,2,Baja California,5.1,13.0,20.9,2.7
2000-01-01,3,Baja California Sur,8.0,16.7,25.5,0.0
2000-01-01,4,Campeche,15.2,22.0,28.8,17.0
2000-01-01,5,Coahuila,4.3,12.7,21.1,0.5
2000-01-01,6,Colima,15.3,23.7,32.1,0.0
2000-01-01,7,Chiapas,14.4,21.6,28.7,42.7
2000-01-01,8,Chihuahua,0.3,9.7,19.2,0.3
2000-01-01,9,Ciudad de México,4.9,12.7,20.5,0.0
2000-01-01,10,Durango,1.4,11.3,21.3,0.0
2000-01-01,11,Guanajuato,4.4,14.3,24.2,0.0
2000-01-01,12,Guerrero,15.4,23.2,31.0,0.0
2000-01-01,13,Hidalgo,4.4,13.3,22.3,7.4
2000-01-01,14,Jalisco,6.6,16.9,27.2,0.0
2000-01-01,15,Estado de México,1.9,11.4,20.9,0.1
2000-01-01,16,Michoacán,6.3,15.8,25.4,0.0
2000-01-01,17,Morelos,9.3,18.6,27.9,0.0
2000-01-01,18,Nayarit,11.9,21.1,30.3,0.0
2000-01-01,19,Nuevo León,6.6,14.3,22.0,7.8
2000-01-01,20,Oaxaca,11.0,18.8,26.5,19.9
2000-01-01,21,Puebla,5.6,14.3,23.0,39.0
2000-01-01,22,Querétaro,5.9,14.7,23.5,0.0
2000-01-01,23,Quintana Roo,15.4,22.0,28.7,72.4
2000-01-01,24,San Luis Potosí,8.1,16.4,24.7,12.5
2000-01-01,25,Sinaloa,9.8,19.1,28.4,0.0
2000-01-01,26,Sonora,4.5,14.4,24.3,0.1
2000-01-01,27,Tabasco,17.8,22.6,27.4,117.5
2000-01-01,28,Tamaulipas,11.0,17.7,24.3,25.9
2000-01-01,29,Tlaxcala,1.6,11.6,21.7,0.0
2000-01-01,30,Veracruz,13.3,18.9,24.5,48.6
2000-01-01,31,Yucatán,15.4,22.5,29.6,11.5
2000-01-01,32,Zacatecas,2.5,12.5,22.6,0.0
2000-02-01,0,Nacional,9.7,18.3,26.9,11.4
2000-02-01,1,Aguascalientes,4.8,14.9,25.0,0.1
2000-02-01,2,Baja California,6.0,13.3,20.7,48.9
2000-02-01,3,Baja California Sur,8.8,17.6,26.5,0.3
2000-02-01,4,Campeche,17.3,24.3,31.3,8.0
2000-02-01,5,Coahuila,7.1,15.9,24.6,15.8
2000-02-01,6,Colima,15.3,24.2,33.1,0.0
2000-02-01,7,Chiapas,15.5,22.6,29.8,37.3
2000-02-01,8,Chihuahua,2.5,11.9,21.4,0.1
2000-02-01,9,Ciudad de México,6.4,14.4,22.4,0.9
2000-02-01,10,Durango,3.4,13.6,23.9,0.4
2000-02-01,11,Guanajuato,6.0,16.0,26.0,0.0
2000-02-01,12,Guerrero,16.2,24.2,32.2,0.0
2000-02-01,13,Hidalgo,5.9,14.9,23.9,6.4
2000-02-01,14,Jalisco,8.0,18.6,29.2,0.4
2000-02-01,15,Estado de México,3.1,12.8,22.4,3.9
2000-02-01,16,Michoacán,7.8,17.4,26.9,1.6
2000-02-01,17,Morelos,10.9,20.2,29.5,0.0
2000-02-01,18,Nayarit,12.5,22.4,32.3,0.0
2000-02-01,19,Nuevo León,9.0,17.1,25.2,13.5
2000-02-01,20,Oaxaca,12.2,20.1,28.0,13.0
2000-02-01,21,Puebla,7.0,15.8,24.6,54.6
2000-02-01,22,Querétaro,7.2,16.1,25.1,0.9
2000-02-01,23,Quintana Roo,16.8,23.7,30.6,6.4
2000-02-01,24,San Luis Potosí,10.0,18.5,27.1,4.0
2000-02-01,25,Sinaloa,10.8,20.6,30.4,0.0
2000-02-01,26,Sonora,5.8,15.9,26.0,0.6
2000-02-01,27,Tabasco,19.1,24.0,28.9,83.6
2000-02-01,28,Tamaulipas,13.7,20.7,27.6,15.6
2000-02-01,29,Tlaxcala,2.7,12.9,23.1,0.2
2000-02-01,30,Veracruz,14.9,20.7,26.5,31.7
2000-02-01,31,Yucatán,17.7,24.7,31.8,11.0
2000-02-01,32,Zacatecas,4.2,14.7,25.2,2.8
2000-03-01,0,Nacional,10.9,19.7,28.5,14.3
2000-03-01,1,Aguascalientes,6.3,16.5,26.7,0.0
2000-03-01,2,Baja California,7.5,14.9,22.3,16.4
2000-03-01,3,Baja California Sur,9.5,18.0,26.6,5.2
2000-03-01,4,Campeche,18.0,25.9,33.7,25.0
2000-03-01,5,Coahuila,9.4,18.1,26.9,18.5
2000-03-01,6,Colima,14.6,23.2,31.9,0.0
2000-03-01,7,Chiapas,16.2,24.0,31.8,12.7
2000-03-01,8,Chihuahua,4.4,14.0,23.6,4.2
2000-03-01,9,Ciudad de México,7.8,16.2,24.6,10.5
2000-03-01,10,Durango,5.2,15.2,25.3,0.1
2000-03-01,11,Guanajuato,8.5,18.5,28.5,1.2
2000-03-01,12,Guerrero,16.7,24.9,33.0,0.4
2000-03-01,13,Hidalgo,7.7,17.0,26.3,20.5
2000-03-01,14,Jalisco,8.3,19.2,30.1,0.1
2000-03-01,15,Estado de México,4.5,14.1,23.6,7.8
2000-03-01,16,Michoacán,8.5,18.3,28.2,0.7
2000-03-01,17,Morelos,12.3,21.9,31.5,0.0
2000-03-01,18,Nayarit,12.0,22.0,32.0,0.0
2000-03-01,19,Nuevo León,11.0,18.9,26.8,8.7
2000-03-01,20,Oaxaca,13.7,21.8,30.0,41.9
2000-03-01,21,Puebla,8.8,17.7,26.7,26.7
2000-03-01,22,Querétaro,8.9,18.1,27.2,0.2
2000-03-01,23,Quintana Roo,17.3,24.6,32.0,7.6
2000-03-01,24,San Luis Potosí,12.2,21.0,29.9,21.4
2000-03-01,25,Sinaloa,11.5,20.8,30.1,1.4
2000-03-01,26,Sonora,7.6,17.5,27.5,20.8
2000-03-01,27,Tabasco,20.0,26.4,32.8,15.4
2000-03-01,28,Tamaulipas,15.6,22.7,29.9,50.2
2000-03-01,29,Tlaxcala,4.4,14.4,24.5,6.7
2000-03-01,30,Veracruz,16.9,23.2,29.6,39.9
2000-03-01,31,Yucatán,18.6,26.1,33.7,29.7
2000-03-01,32,Zacatecas,4.9,15.5,26.2,0.0
2000-04-01,0,Nacional,13.2,22.1,31.0,14.7
2000-04-01,1,Aguascalientes,10.1,20.1,30.1,0.0
2000-04-01,2,Baja California,9.1,17.2,25.3,6.6
2000-04-01,3,Baja California Sur,11.2,20.4,29.6,0.0
2000-04-01,4,Campeche,19.8,27.9,36.0,7.6
2000-04-01,5,Coahuila,13.5,22.3,31.2,9.6
2000-04-01,6,Colima,15.7,24.8,33.8,0.0
2000-04-01,7,Chiapas,17.6,25.1,32.5,38.9
2000-04-01,8,Chihuahua,9.2,18.9,28.7,0.6
2000-04-01,9,Ciudad de México,9.7,18.0,26.2,11.5
2000-04-01,10,Durango,9.4,19.6,29.8,2.5
2000-04-01,11,Guanajuato,10.7,20.6,30.5,0.3
2000-04-01,12,Guerrero,18.3,26.4,34.6,0.5
2000-04-01,13,Hidalgo,9.5,18.5,27.6,42.5
2000-04-01,14,Jalisco,11.3,22.1,33.0,0.2
2000-04-01,15,Estado de México,6.6,15.9,25.3,7.8
2000-04-01,16,Michoacán,10.9,20.9,30.9,0.3
2000-04-01,17,Morelos,14.6,23.8,33.0,0.7
2000-04-01,18,Nayarit,14.3,24.6,35.0,0.0
2000-04-01,19,Nuevo León,14.0,22.0,30.1,18.6
2000-04-01,20,Oaxaca,15.1,23.1,31.0,45.6
2000-04-01,21,Puebla,10.3,19.3,28.4,135.7
2000-04-01,22,Querétaro,10.9,19.8,28.8,2.3
2000-04-01,23,Quintana Roo,18.7,25.8,33.0,6.6
2000-04-01,24,San Luis Potosí,14.7,23.4,32.1,26.2
2000-04-01,25,Sinaloa,13.3,23.6,34.0,0.0
2000-04-01,26,Sonora,10.7,21.5,32.3,0.0
2000-04-01,27,Tabasco,21.4,27.9,34.4,49.9
2000-04-01,28,Tamaulipas,18.1,25.2,32.3,31.0
2000-04-01,29,Tlaxcala,6.1,16.0,25.9,24.2
2000-04-01,30,Veracruz,18.3,24.9,31.5,72.4
2000-04-01,31,Yucatán,20.2,27.7,35.3,22.0
2000-04-01,32,Zacatecas,9.0,19.7,30.3,1.1
2000-05-01,0,Nacional,15.2,23.3,31.4,68.9
2000-05-01,1,Aguascalientes,12.0,21.1,30.2,82.1
2000-05-01,2,Baja California,12.3,20.7,29.2,0.1
2000-05-01,3,Baja California Sur,13.5,22.5,31.5,0.2
2000-05-01,4,Campeche,21.1,28.2,35.4,115.2
2000-05-01,5,Coahuila,16.7,25.3,34.0,29.2
2000-05-01,6,Colima,18.7,26.4,34.2,6.7
2000-05-01,7,Chiapas,18.6,24.9,31.3,360.8
2000-05-01,8,Chihuahua,12.7,21.9,31.1,6.8
2000-05-01,9,Ciudad de México,10.3,17.6,25.0,106.6
2000-05-01,10,Durango,12.1,21.4,30.8,20.5
2000-05-01,11,Guanajuato,12.6,21.6,30.6,76.7
2000-05-01,12,Guerrero,19.5,26.7,34.0,70.9
2000-05-01,13,Hidalgo,10.5,18.7,26.9,57.0
2000-05-01,14,Jalisco,14.2,23.6,33.0,37.0
2000-05-01,15,Estado de México,7.7,15.8,24.0,84.5
2000-05-01,16,Michoacán,12.6,21.4,30.2,69.7
2000-05-01,17,Morelos,15.8,23.7,31.7,123.5
2000-05-01,18,Nayarit,17.9,27.0,36.2,12.6
2000-05-01,19,Nuevo León,16.0,24.1,32.2,74.9
2000-05-01,20,Oaxaca,16.4,23.2,30.0,225.9
2000-05-01,21,Puebla,11.6,19.6,27.6,185.0
2000-05-01,22,Querétaro,11.9,20.4,28.8,37.1
2000-05-01,23,Quintana Roo,20.3,26.5,32.8,107.2
2000-05-01,24,San Luis Potosí,16.3,24.3,32.3,74.6
2000-05-01,25,Sinaloa,17.6,27.1,36.5,0.7
2000-05-01,26,Sonora,15.3,26.3,37.3,2.5
2000-05-01,27,Tabasco,22.6,28.1,33.7,298.0
2000-05-01,28,Tamaulipas,20.0,26.9,33.8,58.0
2000-05-01,29,Tlaxcala,7.6,16.1,24.6,112.2
2000-05-01,30,Veracruz,19.6,25.6,31.6,193.0
2000-05-01,31,Yucatán,21.3,28.1,34.9,42.7
2000-05-01,32,Zacatecas,11.4,20.7,29.9,41.0
2000-06-01,0,Nacional,16.7,23.5,30.4,140.4
2000-06-01,1,Aguascalientes,13.1,20.9,28.7,119.8
2000-06-01,2,Baja California,15.1,23.6,32.1,3.3
2000-06-01,3,Baja California Sur,17.6,25.9,34.2,3.0
2000-06-01,4,Campeche,21.1,27.5,34.0,240.3
2000-06-01,5,Coahuila,18.4,25.9,33.5,88.4
2000-06-01,6,Colima,21.3,27.6,34.0,140.5
2000-06-01,7,Chiapas,18.5,24.4,30.3,297.4
2000-06-01,8,Chihuahua,15.9,23.6,31.3,75.2
2000-06-01,9,Ciudad de México,10.7,17.1,23.5,181.0
2000-06-01,10,Durango,14.1,21.9,29.7,80.2
2000-06-01,11,Guanajuato,13.3,20.2,27.1,139.7
2000-06-01,12,Guerrero,19.3,25.5,31.7,161.9
2000-06-01,13,Hidalgo,11.6,18.5,25.5,140.0
2000-06-01,14,Jalisco,16.0,22.8,29.6,166.7
2000-06-01,15,Estado de México,9.1,15.6,22.1,176.0
2000-06-01,16,Michoacán,13.8,20.4,27.0,187.8
2000-06-01,17,Morelos,16.0,22.3,28.6,249.8
2000-06-01,18,Nayarit,20.9,27.7,34.6,268.3
2000-06-01,19,Nuevo León,17.4,25.0,32.6,52.0
2000-06-01,20,Oaxaca,16.5,22.4,28.3,306.8
2000-06-01,21,Puebla,12.1,18.8,25.5,419.8
2000-06-01,22,Querétaro,12.6,19.6,26.6,105.2
2000-06-01,23,Quintana Roo,21.1,26.7,32.3,203.9
2000-06-01,24,San Luis Potosí,17.4,24.2,31.1,146.8
2000-06-01,25,Sinaloa,22.8,29.8,36.8,113.1
2000-06-01,26,Sonora,20.7,29.6,38.6,48.3
2000-06-01,27,Tabasco,22.6,27.9,33.2,316.2
2000-06-01,28,Tamaulipas,21.0,27.5,34.1,166.3
2000-06-01,29,Tlaxcala,8.9,15.7,22.5,182.7
2000-06-01,30,Veracruz,19.9,25.5,31.2,298.7
2000-06-01,31,Yucatán,22.0,28.2,34.3,193.3
2000-06-01,32,Zacatecas,13.1,20.3,27.6,146.2
2000-07-01,0,Nacional,16.5,23.5,30.6,99.1
2000-07-01,1,Aguascalientes,12.5,20.6,28.7,81.1
2000-07-01,2,Baja California,16.5,24.7,32.9,0.0
2000-07-01,3,Baja California Sur,20.3,28.1,35.9,7.3
2000-07-01,4,Campeche,20.8,27.5,34.1,157.9
2000-07-01,5,Coahuila,18.9,26.6,34.3,16.9
2000-07-01,6,Colima,21.3,27.4,33.6,105.9
2000-07-01,7,Chiapas,18.3,24.4,30.6,213.6
2000-07-01,8,Chihuahua,16.3,23.8,31.4,67.2
2000-07-01,9,Ciudad de México,10.3,17.1,23.8,120.5
2000-07-01,10,Durango,13.9,21.7,29.5,61.1
2000-07-01,11,Guanajuato,11.9,19.9,27.9,111.8
2000-07-01,12,Guerrero,19.0,25.4,31.7,175.3
2000-07-01,13,Hidalgo,11.0,18.3,25.7,57.6
2000-07-01,14,Jalisco,15.2,22.1,29.1,123.2
2000-07-01,15,Estado de México,8.2,15.2,22.2,100.1
2000-07-01,16,Michoacán,12.9,19.8,26.7,183.0
2000-07-01,17,Morelos,15.2,22.1,29.0,95.0
2000-07-01,18,Nayarit,20.4,26.9,33.5,296.3
2000-07-01,19,Nuevo León,17.7,25.9,34.2,9.9
2000-07-01,20,Oaxaca,16.2,22.5,28.9,178.5
2000-07-01,21,Puebla,11.2,18.6,26.0,212.9
2000-07-01,22,Querétaro,11.8,19.3,26.8,53.1
2000-07-01,23,Quintana Roo,20.9,27.1,33.4,43.4
2000-07-01,24,San Luis Potosí,16.8,24.3,31.9,18.4
2000-07-01,25,Sinaloa,23.0,29.3,35.7,158.8
2000-07-01,26,Sonora,22.3,30.0,37.7,75.4
2000-07-01,27,Tabasco,22.2,27.7,33.3,147.5
2000-07-01,28,Tamaulipas,21.2,28.2,35.3,19.8
2000-07-01,29,Tlaxcala,7.3,15.3,23.3,66.6
2000-07-01,30,Veracruz,19.5,25.3,31.2,213.4
2000-07-01,31,Yucatán,21.7,28.2,34.7,99.5
2000-07-01,32,Zacatecas,12.4,20.3,28.1,95.3
2000-08-01,0,Nacional,16.5,23.3,30.1,130.0
2000-08-01,1,Aguascalientes,12.4,20.2,27.9,78.8
2000-08-01,2,Baja California,17.7,25.7,33.8,1.2
2000-08-01,3,Baja California Sur,20.9,28.5,36.2,32.3
2000-08-01,4,Campeche,21.0,27.0,33.1,300.9
2000-08-01,5,Coahuila,18.3,25.7,33.1,25.9
2000-08-01,6,Colima,21.0,27.3,33.5,154.5
2000-08-01,7,Chiapas,18.4,24.3,30.2,335.6
2000-08-01,8,Chihuahua,15.5,23.0,30.5,39.1
2000-08-01,9,Ciudad de México,10.9,16.7,22.4,163.4
2000-08-01,10,Durango,13.5,21.2,28.9,60.7
2000-08-01,11,Guanajuato,11.8,19.4,27.0,653.3
2000-08-01,12,Guerrero,19.1,25.3,31.6,124.1
2000-08-01,13,Hidalgo,10.8,17.8,24.8,107.0
2000-08-01,14,Jalisco,15.1,22.0,29.0,121.7
2000-08-01,15,Estado de México,8.4,15.1,21.8,125.5
2000-08-01,16,Michoacán,12.9,19.7,26.5,149.6
2000-08-01,17,Morelos,15.3,22.0,28.8,241.2
2000-08-01,18,Nayarit,20.4,26.9,33.5,238.7
2000-08-01,19,Nuevo León,17.5,25.3,33.1,39.8
2000-08-01,20,Oaxaca,16.2,22.3,28.5,378.8
2000-08-01,21,Puebla,11.5,18.6,25.7,364.7
2000-08-01,22,Querétaro,11.6,18.7,25.7,83.8
2000-08-01,23,Quintana Roo,21.2,26.9,32.6,317.1
2000-08-01,24,San Luis Potosí,16.8,23.8,30.8,120.4
2000-08-01,25,Sinaloa,22.6,29.0,35.4,151.0
2000-08-01,26,Sonora,21.8,29.5,37.2,60.2
2000-08-01,27,Tabasco,22.0,27.2,32.5,333.8
2000-08-01,28,Tamaulipas,20.9,27.6,34.2,128.9
2000-08-01,29,Tlaxcala,7.6,15.1,22.7,107.5
2000-08-01,30,Veracruz,19.5,24.9,30.3,377.3
2000-08-01,31,Yucatán,21.9,28.0,34.2,164.3
2000-08-01,32,Zacatecas,12.2,19.7,27.3,99.7
2000-09-01,0,Nacional,16.1,22.8,29.5,124.6
2000-09-01,1,Aguascalientes,11.9,19.4,27.0,28.9
2000-09-01,2,Baja California,15.7,23.9,32.2,1.1
2000-09-01,3,Baja California Sur,20.1,27.5,34.9,30.8
2000-09-01,4,Campeche,21.0,27.0,33.1,257.2
2000-09-01,5,Coahuila,16.3,24.1,31.9,48.1
2000-09-01,6,Colima,20.7,26.5,32.3,276.2
2000-09-01,7,Chiapas,18.4,23.9,29.5,401.4
2000-09-01,8,Chihuahua,13.5,21.4,29.3,24.4
2000-09-01,9,Ciudad de México,10.4,16.6,22.9,99.8
2000-09-01,10,Durango,12.4,20.3,28.3,48.0
2000-09-01,11,Guanajuato,11.5,19.6,27.6,65.1
2000-09-01,12,Guerrero,19.2,25.1,31.1,232.1
2000-09-01,13,Hidalgo,10.9,17.5,24.1,77.8
2000-09-01,14,Jalisco,15.0,21.9,28.7,114.8
2000-09-01,15,Estado de México,8.3,14.9,21.5,99.3
2000-09-01,16,Michoacán,12.7,19.5,26.3,122.5
2000-09-01,17,Morelos,15.5,21.8,28.2,156.1
2000-09-01,18,Nayarit,20.8,27.0,33.1,228.6
2000-09-01,19,Nuevo León,16.0,23.3,30.6,75.8
2000-09-01,20,Oaxaca,16.2,21.9,27.6,244.7
2000-09-01,21,Puebla,11.8,18.5,25.3,245.2
2000-09-01,22,Querétaro,11.7,18.6,25.5,58.4
2000-09-01,23,Quintana Roo,21.3,26.9,32.5,284.0
2000-09-01,24,San Luis Potosí,16.2,23.1,30.0,103.9
2000-09-01,25,Sinaloa,22.9,28.9,35.0,104.6
2000-09-01,26,Sonora,20.5,29.0,37.6,39.6
2000-09-01,27,Tabasco,21.9,26.8,31.8,434.3
2000-09-01,28,Tamaulipas,19.8,26.2,32.6,67.5
2000-09-01,29,Tlaxcala,8.1,15.2,22.4,64.2
2000-09-01,30,Veracruz,19.6,24.8,30.0,288.5
2000-09-01,31,Yucatán,21.5,27.6,33.8,124.4
2000-09-01,32,Zacatecas,11.6,19.1,26.6,42.4
2000-10-01,0,Nacional,13.8,20.9,28.0,92.2
2000-10-01,1,Aguascalientes,9.1,17.6,26.2,16.4
2000-10-01,2,Baja California,11.8,19.4,27.1,11.4
2000-10-01,3,Baja California Sur,16.4,23.9,31.3,18.6
2000-10-01,4,Campeche,20.1,25.9,31.8,174.2
2000-10-01,5,Coahuila,12.6,20.2,27.8,82.9
2000-10-01,6,Colima,20.7,27.0,33.4,61.4
2000-10-01,7,Chiapas,18.0,23.6,29.1,219.4
2000-10-01,8,Chihuahua,8.7,17.1,25.4,61.4
2000-10-01,9,Ciudad de México,9.2,16.2,23.2,54.6
2000-10-01,10,Durango,8.2,17.3,26.3,36.3
2000-10-01,11,Guanajuato,9.8,18.3,26.8,23.7
2000-10-01,12,Guerrero,18.7,25.2,31.7,49.9
2000-10-01,13,Hidalgo,8.6,15.9,23.2,36.2
2000-10-01,14,Jalisco,13.0,20.9,28.9,56.8
2000-10-01,15,Estado de México,6.3,13.8,21.4,52.5
2000-10-01,16,Michoacán,11.0,18.6,26.3,62.6
2000-10-01,17,Morelos,13.9,21.2,28.6,69.4
2000-10-01,18,Nayarit,19.1,26.1,33.0,78.5
2000-10-01,19,Nuevo León,12.9,19.7,26.6,123.3
2000-10-01,20,Oaxaca,15.3,21.4,27.5,106.2
2000-10-01,21,Puebla,9.9,17.2,24.6,139.3
2000-10-01,22,Querétaro,9.5,16.9,24.2,16.3
2000-10-01,23,Quintana Roo,20.2,25.6,31.1,226.9
2000-10-01,24,San Luis Potosí,13.9,20.9,28.0,61.8
2000-10-01,25,Sinaloa,19.8,26.6,33.5,117.2
2000-10-01,26,Sonora,15.3,23.5,31.7,88.0
2000-10-01,27,Tabasco,21.2,25.6,30.0,330.8
2000-10-01,28,Tamaulipas,16.9,23.1,29.4,179.3
2000-10-01,29,Tlaxcala,6.1,14.2,22.3,43.3
2000-10-01,30,Veracruz,17.8,22.9,28.0,157.1
2000-10-01,31,Yucatán,20.3,25.9,31.5,96.0
2000-10-01,32,Zacatecas,8.6,17.2,25.9,41.9
2000-11-01,0,Nacional,11.2,18.8,26.5,37.3
2000-11-01,1,Aguascalientes,5.7,15.0,24.4,1.2
2000-11-01,2,Baja California,7.6,15.1,22.7,2.8
2000-11-01,3,Baja California Sur,12.0,19.9,27.9,6.8
2000-11-01,4,Campeche,18.4,24.6,30.8,74.1
2000-11-01,5,Coahuila,8.5,16.1,23.7,42.9
2000-11-01,6,Colima,17.7,25.5,33.2,7.5
2000-11-01,7,Chiapas,16.7,23.1,29.4,132.5
2000-11-01,8,Chihuahua,3.5,11.7,19.9,26.7
2000-11-01,9,Ciudad de México,7.4,14.8,22.3,12.3
2000-11-01,10,Durango,4.9,13.9,22.9,8.3
2000-11-01,11,Guanajuato,8.4,17.2,26.0,4.9
2000-11-01,12,Guerrero,17.4,24.6,31.7,1.1
2000-11-01,13,Hidalgo,7.4,15.3,23.2,23.7
2000-11-01,14,Jalisco,9.2,18.6,28.0,2.0
2000-11-01,15,Estado de México,4.4,12.8,21.1,9.1
2000-11-01,16,Michoacán,8.2,17.0,25.7,12.4
2000-11-01,17,Morelos,12.1,20.5,28.9,4.1
2000-11-01,18,Nayarit,15.7,23.9,32.1,2.1
2000-11-01,19,Nuevo León,10.1,16.8,23.6,19.8
2000-11-01,20,Oaxaca,14.1,20.8,27.6,80.8
2000-11-01,21,Puebla,8.7,16.7,24.7,74.5
2000-11-01,22,Querétaro,8.4,16.5,24.6,15.4
2000-11-01,23,Quintana Roo,18.4,24.6,30.7,60.3
2000-11-01,24,San Luis Potosí,12.0,19.3,26.7,38.3
2000-11-01,25,Sinaloa,14.8,22.6,30.5,43.9
2000-11-01,26,Sonora,8.5,17.4,26.4,16.7
2000-11-01,27,Tabasco,20.3,25.1,29.9,215.7
2000-11-01,28,Tamaulipas,14.7,20.8,26.9,50.8
2000-11-01,29,Tlaxcala,4.3,13.2,22.1,14.4
2000-11-01,30,Veracruz,16.5,21.7,26.9,128.0
2000-11-01,31,Yucatán,17.8,24.2,30.6,36.9
2000-11-01,32,Zacatecas,5.1,14.5,23.8,3.6
2000-12-01,0,Nacional,8.8,16.8,24.7,20.7
2000-12-01,1,Aguascalientes,3.8,13.2,22.6,9.3
2000-12-01,2,Baja California,5.3,13.5,21.7,1.3
2000-12-01,3,Baja California Sur,8.7,17.3,25.9,0.7
2000-12-01,4,Campeche,16.7,22.8,29.0,29.0
2000-12-01,5,Coahuila,4.3,12.0,19.7,9.4
2000-12-01,6,Colima,16.5,24.5,32.6,7.0
2000-12-01,7,Chiapas,15.5,21.9,28.3,77.8
2000-12-01,8,Chihuahua,-0.9,8.3,17.6,0.6
2000-12-01,9,Ciudad de México,5.1,12.8,20.6,1.8
2000-12-01,10,Durango,1.5,11.1,20.7,1.0
2000-12-01,11,Guanajuato,5.0,14.1,23.2,3.8
2000-12-01,12,Guerrero,16.0,23.5,31.1,0.7
2000-12-01,13,Hidalgo,5.4,13.6,21.7,15.0
2000-12-01,14,Jalisco,7.8,17.2,26.7,9.3
2000-12-01,15,Estado de México,2.2,11.1,20.1,1.2
2000-12-01,16,Michoacán,6.6,15.7,24.8,7.2
2000-12-01,17,Morelos,10.1,18.9,27.8,1.3
2000-12-01,18,Nayarit,12.9,21.6,30.3,24.3
2000-12-01,19,Nuevo León,5.9,13.2,20.6,8.9
2000-12-01,20,Oaxaca,12.6,19.6,26.7,35.0
2000-12-01,21,Puebla,6.4,14.6,22.8,85.7
2000-12-01,22,Querétaro,6.4,14.6,22.8,0.0
2000-12-01,23,Quintana Roo,17.0,23.3,29.5,110.7
2000-12-01,24,San Luis Potosí,9.1,16.8,24.5,17.3
2000-12-01,25,Sinaloa,10.6,19.6,28.7,1.2
2000-12-01,26,Sonora,4.5,14.4,24.3,0.1
2000-12-01,27,Tabasco,19.2,23.4,27.6,168.5
2000-12-01,28,Tamaulipas,10.6,17.1,23.5,44.1
2000-12-01,29,Tlaxcala,2.4,11.5,20.5,5.4
2000-12-01,30,Veracruz,14.1,19.2,24.3,99.7
2000-12-01,31,Yucatán,16.5,22.8,29.1,12.3
2000-12-01,32,Zacatecas,3.1,12.5,21.9,18.8
2001-01-01,0,Nacional,8.3,16.5,24.8,14.8
2001-01-01,1,Aguascalientes,3.1,12.9,22.7,0.5
2001-01-01,2,Baja California,4.7,12.2,19.7,57.2
2001-01-01,3,Baja California Sur,8.1,16.3,24.5,1.9
2001-01-01,4,Campeche,15.8,22.4,29.0,14.7
2001-01-01,5,Coahuila,4.2,12.5,20.9,15.0
2001-01-01,6,Colima,15.0,23.3,31.6,3.5
2001-01-01,7,Chiapas,14.8,21.9,29.0,23.0
2001-01-01,8,Chihuahua,1.4,10.6,19.7,9.4
2001-01-01,9,Ciudad de México,4.9,13.0,21.1,2.3
2001-01-01,10,Durango,1.9,11.4,20.8,1.6
2001-01-01,11,Guanajuato,5.7,14.8,23.8,4.9
2001-01-01,12,Guerrero,16.0,23.6,31.2,2.3
2001-01-01,13,Hidalgo,4.7,13.7,22.6,9.1
2001-01-01,14,Jalisco,6.3,16.5,26.7,2.4
2001-01-01,15,Estado de México,1.9,11.2,20.6,4.6
2001-01-01,16,Michoacán,6.1,15.4,24.7,3.1
2001-01-01,17,Morelos,9.9,18.8,27.8,3.9
2001-01-01,18,Nayarit,11.2,21.0,30.7,2.3
2001-01-01,19,Nuevo León,5.4,13.2,21.1,14.0
2001-01-01,20,Oaxaca,11.5,19.1,26.7,14.8
2001-01-01,21,Puebla,6.2,14.9,23.7,23.4
2001-01-01,22,Querétaro,6.0,14.6,23.1,1.0
2001-01-01,23,Quintana Roo,15.8,22.5,29.2,31.9
2001-01-01,24,San Luis Potosí,8.1,16.2,24.2,14.6
2001-01-01,25,Sinaloa,9.7,18.9,28.1,5.0
2001-01-01,26,Sonora,4.4,13.7,23.0,21.8
2001-01-01,27,Tabasco,18.1,23.0,27.9,57.4
2001-01-01,28,Tamaulipas,10.3,17.0,23.8,13.2
2001-01-01,29,Tlaxcala,2.1,11.8,21.5,0.3
2001-01-01,30,Veracruz,13.3,18.8,24.3,56.3
2001-01-01,31,Yucatán,15.7,22.5,29.3,10.5
2001-01-01,32,Zacatecas,2.5,12.2,22.0,1.4
2001-02-01,0,Nacional,9.7,17.8,26.0,24.2
2001-02-01,1,Aguascalientes,5.2,14.7,24.2,0.5
2001-02-01,2,Baja California,5.3,13.4,21.4,56.1
2001-02-01,3,Baja California Sur,8.8,17.3,25.7,0.2
2001-02-01,4,Campeche,17.8,24.3,30.7,93.5
2001-02-01,5,Coahuila,6.0,14.3,22.6,10.2
2001-02-01,6,Colima,15.3,24.0,32.7,0.0
2001-02-01,7,Chiapas,15.7,22.6,29.5,107.5
2001-02-01,8,Chihuahua,3.6,12.2,20.8,18.1
2001-02-01,9,Ciudad de México,6.3,14.2,22.1,8.5
2001-02-01,10,Durango,3.3,12.7,22.2,0.4
2001-02-01,11,Guanajuato,6.9,16.4,25.9,2.6
2001-02-01,12,Guerrero,16.8,24.6,32.5,0.1
2001-02-01,13,Hidalgo,6.0,14.5,22.9,34.1
2001-02-01,14,Jalisco,8.3,18.3,28.2,2.2
2001-02-01,15,Estado de México,3.5,12.5,21.6,6.2
2001-02-01,16,Michoacán,7.9,16.9,26.0,4.2
2001-02-01,17,Morelos,11.6,20.4,29.3,0.8
2001-02-01,18,Nayarit,12.3,22.1,31.8,1.4
2001-02-01,19,Nuevo León,6.9,14.8,22.7,16.6
2001-02-01,20,Oaxaca,12.5,19.7,27.0,33.0
2001-02-01,21,Puebla,7.4,15.8,24.3,40.8
2001-02-01,22,Querétaro,7.2,15.6,24.0,10.3
2001-02-01,23,Quintana Roo,17.6,24.2,30.8,17.2
2001-02-01,24,San Luis Potosí,9.6,17.4,25.2,12.2
2001-02-01,25,Sinaloa,11.1,20.4,29.7,12.1
2001-02-01,26,Sonora,5.9,15.5,25.2,10.1
2001-02-01,27,Tabasco,18.8,23.1,27.4,245.5
2001-02-01,28,Tamaulipas,12.2,18.8,25.4,24.5
2001-02-01,29,Tlaxcala,3.0,12.5,22.0,7.0
2001-02-01,30,Veracruz,14.4,19.6,24.9,53.6
2001-02-01,31,Yucatán,18.7,24.6,30.5,38.6
2001-02-01,32,Zacatecas,4.4,13.9,23.4,1.1
2001-03-01,0,Nacional,10.8,19.6,28.4,18.0
2001-03-01,1,Aguascalientes,6.8,16.7,26.7,17.8
2001-03-01,2,Baja California,7.4,15.0,22.6,17.6
2001-03-01,3,Baja California Sur,9.6,18.0,26.5,4.3
2001-03-01,4,Campeche,18.1,25.4,32.8,4.1
2001-03-01,5,Coahuila,8.4,17.3,26.3,24.7
2001-03-01,6,Colima,15.0,23.6,32.2,16.6
2001-03-01,7,Chiapas,16.3,23.8,31.4,22.1
2001-03-01,8,Chihuahua,5.4,14.9,24.5,5.5
2001-03-01,9,Ciudad de México,7.7,16.5,25.3,8.5
2001-03-01,10,Durango,5.2,15.0,24.9,11.6
2001-03-01,11,Guanajuato,7.9,17.5,27.1,6.6
2001-03-01,12,Guerrero,17.3,25.4,33.5,24.4
2001-03-01,13,Hidalgo,7.6,16.9,26.2,15.0
2001-03-01,14,Jalisco,8.7,19.5,30.2,9.4
2001-03-01,15,Estado de México,4.6,14.1,23.5,16.3
2001-03-01,16,Michoacán,8.6,18.4,28.2,13.3
2001-03-01,17,Morelos,12.6,22.2,31.8,20.9
2001-03-01,18,Nayarit,12.0,22.2,32.5,26.1
2001-03-01,19,Nuevo León,8.5,16.8,25.2,22.0
2001-03-01,20,Oaxaca,13.6,21.6,29.5,41.6
2001-03-01,21,Puebla,8.8,18.0,27.2,43.7
2001-03-01,22,Querétaro,9.0,17.8,26.7,3.7
2001-03-01,23,Quintana Roo,17.8,24.9,32.0,40.6
2001-03-01,24,San Luis Potosí,11.5,20.4,29.3,14.1
2001-03-01,25,Sinaloa,11.1,20.8,30.6,24.0
2001-03-01,26,Sonora,7.2,17.5,27.9,5.0
2001-03-01,27,Tabasco,20.2,26.1,32.0,32.3
2001-03-01,28,Tamaulipas,14.1,21.6,29.0,19.9
2001-03-01,29,Tlaxcala,4.4,14.4,24.4,7.7
2001-03-01,30,Veracruz,16.1,22.4,28.8,62.8
2001-03-01,31,Yucatán,18.9,25.7,32.5,10.8
2001-03-01,32,Zacatecas,5.3,15.6,25.8,14.1
2001-04-01,0,Nacional,13.7,22.4,31.1,23.7
2001-04-01,1,Aguascalientes,10.7,20.5,30.3,16.7
2001-04-01,2,Baja California,9.1,16.6,24.2,22.1
2001-04-01,3,Baja California Sur,11.8,20.4,29.0,2.2
2001-04-01,4,Campeche,20.2,28.0,35.8,35.6
2001-04-01,5,Coahuila,14.7,23.6,32.5,16.5
2001-04-01,6,Colima,16.5,25.1,33.7,0.0
2001-04-01,7,Chiapas,18.0,25.3,32.7,100.9
2001-04-01,8,Chihuahua,11.1,20.5,29.9,5.9
2001-04-01,9,Ciudad de México,9.6,18.1,26.5,55.9
2001-04-01,10,Durango,10.3,20.2,30.1,11.9
2001-04-01,11,Guanajuato,11.2,20.8,30.3,17.8
2001-04-01,12,Guerrero,19.3,27.1,34.9,12.7
2001-04-01,13,Hidalgo,9.7,18.6,27.6,25.9
2001-04-01,14,Jalisco,12.1,22.5,33.0,4.1
2001-04-01,15,Estado de México,6.6,15.8,24.9,40.5
2001-04-01,16,Michoacán,11.4,21.1,30.8,24.9
2001-04-01,17,Morelos,15.0,24.0,33.0,20.4
2001-04-01,18,Nayarit,15.1,25.2,35.4,0.0
2001-04-01,19,Nuevo León,12.2,20.7,29.3,25.8
2001-04-01,20,Oaxaca,15.5,23.3,31.0,25.6
2001-04-01,21,Puebla,10.7,19.7,28.8,63.4
2001-04-01,22,Querétaro,10.8,19.7,28.7,15.9
2001-04-01,23,Quintana Roo,19.1,26.3,33.5,38.9
2001-04-01,24,San Luis Potosí,15.1,23.6,32.0,27.8
2001-04-01,25,Sinaloa,14.4,24.1,33.9,0.0
2001-04-01,26,Sonora,11.1,21.6,32.1,7.8
2001-04-01,27,Tabasco,22.4,28.5,34.7,10.8
2001-04-01,28,Tamaulipas,18.4,25.6,32.8,54.4
2001-04-01,29,Tlaxcala,5.9,15.9,26.0,34.0
2001-04-01,30,Veracruz,18.9,25.4,31.8,60.6
2001-04-01,31,Yucatán,20.5,27.7,35.0,30.3
2001-04-01,32,Zacatecas,9.8,20.0,30.2,15.8
2001-05-01,0,Nacional,15.3,23.5,31.7,53.2
2001-05-01,1,Aguascalientes,12.5,21.5,30.5,17.2
2001-05-01,2,Baja California,11.9,20.0,28.1,0.3
2001-05-01,3,Baja California Sur,14.0,23.0,31.9,0.4
2001-05-01,4,Campeche,21.2,28.3,35.3,116.0
2001-05-01,5,Coahuila,17.3,26.0,34.8,22.8
2001-05-01,6,Colima,19.1,26.9,34.6,2.9
2001-05-01,7,Chiapas,18.9,25.5,32.1,276.0
2001-05-01,8,Chihuahua,14.2,23.2,32.3,11.4
2001-05-01,9,Ciudad de México,10.4,18.0,25.6,58.0
2001-05-01,10,Durango,12.2,21.6,31.1,8.8
2001-05-01,11,Guanajuato,12.1,20.8,29.5,44.4
2001-05-01,12,Guerrero,20.3,27.5,34.8,52.1
2001-05-01,13,Hidalgo,10.4,18.9,27.3,57.1
2001-05-01,14,Jalisco,14.7,24.0,33.2,25.7
2001-05-01,15,Estado de México,7.4,15.9,24.4,55.1
2001-05-01,16,Michoacán,13.0,21.7,30.4,73.0
2001-05-01,17,Morelos,16.1,24.1,32.2,54.3
2001-05-01,18,Nayarit,18.6,27.9,37.2,0.0
2001-05-01,19,Nuevo León,13.1,21.8,30.5,41.4
2001-05-01,20,Oaxaca,16.5,23.6,30.7,121.9
2001-05-01,21,Puebla,11.7,20.1,28.6,75.8
2001-05-01,22,Querétaro,11.4,20.0,28.5,34.9
2001-05-01,23,Quintana Roo,20.3,27.0,33.6,302.9
2001-05-01,24,San Luis Potosí,16.7,24.7,32.8,56.8
2001-05-01,25,Sinaloa,17.8,27.4,37.0,1.1
2001-05-01,26,Sonora,14.3,25.6,36.9,2.2
2001-05-01,27,Tabasco,23.1,28.5,34.0,163.0
2001-05-01,28,Tamaulipas,19.9,27.0,34.1,45.7
2001-05-01,29,Tlaxcala,7.1,16.1,25.1,86.7
2001-05-01,30,Veracruz,19.8,25.9,32.1,162.2
2001-05-01,31,Yucatán,21.4,28.0,34.7,57.7
2001-05-01,32,Zacatecas,11.7,20.9,30.2,29.2
2001-06-01,0,Nacional,16.6,23.8,31.0,89.9
2001-06-01,1,Aguascalientes,13.4,21.2,29.1,64.6
2001-06-01,2,Baja California,14.9,23.3,31.8,0.0
2001-06-01,3,Baja California Sur,17.1,25.5,34.0,0.1
2001-06-01,4,Campeche,21.5,27.8,34.1,225.9
2001-06-01,5,Coahuila,19.0,27.1,35.2,26.2
2001-06-01,6,Colima,20.6,27.3,34.1,71.5
2001-06-01,7,Chiapas,18.6,24.5,30.4,169.3
2001-06-01,8,Chihuahua,17.7,25.9,34.1,34.7
2001-06-01,9,Ciudad de México,10.5,17.3,24.1,148.8
2001-06-01,10,Durango,14.2,22.8,31.4,27.6
2001-06-01,11,Guanajuato,12.9,20.4,27.8,161.4
2001-06-01,12,Guerrero,19.8,26.1,32.4,161.7
2001-06-01,13,Hidalgo,11.4,18.9,26.3,73.0
2001-06-01,14,Jalisco,16.1,23.3,30.6,129.2
2001-06-01,15,Estado de México,8.5,15.5,22.6,143.7
2001-06-01,16,Michoacán,13.7,20.7,27.7,157.5
2001-06-01,17,Morelos,15.8,22.3,28.8,226.6
2001-06-01,18,Nayarit,20.9,28.3,35.7,117.4
2001-06-01,19,Nuevo León,14.3,22.8,31.3,57.6
2001-06-01,20,Oaxaca,16.6,22.7,28.7,286.0
2001-06-01,21,Puebla,12.3,19.4,26.6,207.4
2001-06-01,22,Querétaro,11.8,19.3,26.8,111.2
2001-06-01,23,Quintana Roo,21.4,27.3,33.1,39.8
2001-06-01,24,San Luis Potosí,17.6,25.0,32.3,96.6
2001-06-01,25,Sinaloa,22.4,29.9,37.5,42.0
2001-06-01,26,Sonora,20.0,29.7,39.4,20.3
2001-06-01,27,Tabasco,22.8,28.6,34.5,123.1
2001-06-01,28,Tamaulipas,21.3,28.2,35.2,82.7
2001-06-01,29,Tlaxcala,8.7,15.7,22.8,149.4
2001-06-01,30,Veracruz,20.4,26.1,31.9,205.6
2001-06-01,31,Yucatán,22.5,28.1,33.8,82.0
2001-06-01,32,Zacatecas,13.0,20.9,28.7,74.2
2001-07-01,0,Nacional,16.7,23.5,30.4,135.1
2001-07-01,1,Aguascalientes,13.0,20.3,27.6,80.7
2001-07-01,2,Baja California,16.9,25.0,33.1,2.5
2001-07-01,3,Baja California Sur,20.1,28.0,35.9,14.0
2001-07-01,4,Campeche,21.1,27.6,34.1,237.6
2001-07-01,5,Coahuila,19.1,26.6,34.1,23.4
2001-07-01,6,Colima,20.7,27.1,33.5,158.5
2001-07-01,7,Chiapas,18.6,24.6,30.6,285.5
2001-07-01,8,Chihuahua,17.4,25.0,32.6,110.2
2001-07-01,9,Ciudad de México,10.3,16.7,23.2,162.0
2001-07-01,10,Durango,14.2,21.7,29.3,70.7
2001-07-01,11,Guanajuato,12.5,20.0,27.4,162.2
2001-07-01,12,Guerrero,19.5,25.6,31.8,275.7
2001-07-01,13,Hidalgo,11.6,18.5,25.4,109.5
2001-07-01,14,Jalisco,15.7,22.2,28.7,180.6
2001-07-01,15,Estado de México,8.3,15.0,21.7,146.8
2001-07-01,16,Michoacán,13.2,19.8,26.4,221.1
2001-07-01,17,Morelos,15.3,21.8,28.3,225.1
2001-07-01,18,Nayarit,20.7,27.3,33.9,276.7
2001-07-01,19,Nuevo León,14.7,22.8,31.0,41.2
2001-07-01,20,Oaxaca,16.2,22.4,28.7,328.4
2001-07-01,21,Puebla,11.8,19.1,26.3,221.9
2001-07-01,22,Querétaro,11.4,18.7,26.1,124.8
2001-07-01,23,Quintana Roo,21.3,27.5,33.7,75.0
2001-07-01,24,San Luis Potosí,17.2,24.1,31.1,68.0
2001-07-01,25,Sinaloa,23.4,30.0,36.6,155.4
2001-07-01,26,Sonora,22.4,30.0,37.5,93.1
2001-07-01,27,Tabasco,22.3,28.3,34.4,186.3
2001-07-01,28,Tamaulipas,21.1,27.6,34.1,59.4
2001-07-01,29,Tlaxcala,8.2,15.3,22.5,150.0
2001-07-01,30,Veracruz,20.0,25.6,31.2,236.2
2001-07-01,31,Yucatán,21.9,27.8,33.7,143.0
2001-07-01,32,Zacatecas,12.8,20.0,27.2,118.0
2001-08-01,0,Nacional,16.5,23.5,30.5,139.2
2001-08-01,1,Aguascalientes,12.8,20.1,27.4,93.5
2001-08-01,2,Baja California,17.0,25.4,33.8,0.0
2001-08-01,3,Baja California Sur,20.6,28.5,36.3,28.4
2001-08-01,4,Campeche,21.1,27.5,33.9,182.0
2001-08-01,5,Coahuila,18.9,26.4,34.0,40.9
2001-08-01,6,Colima,20.4,26.8,33.2,255.9
2001-08-01,7,Chiapas,18.5,24.6,30.7,346.9
2001-08-01,8,Chihuahua,17.1,24.8,32.5,79.1
2001-08-01,9,Ciudad de México,10.3,16.8,23.3,162.1
2001-08-01,10,Durango,13.9,21.5,29.0,61.3
2001-08-01,11,Guanajuato,12.7,19.9,27.2,177.7
2001-08-01,12,Guerrero,19.5,25.8,32.2,174.0
2001-08-01,13,Hidalgo,11.1,18.3,25.4,95.4
2001-08-01,14,Jalisco,15.5,22.3,29.1,175.6
2001-08-01,15,Estado de México,8.2,15.1,22.0,153.3
2001-08-01,16,Michoacán,12.9,19.7,26.5,193.8
2001-08-01,17,Morelos,15.2,22.1,29.0,247.2
2001-08-01,18,Nayarit,20.4,27.1,33.7,334.6
2001-08-01,19,Nuevo León,14.5,22.8,31.2,61.0
2001-08-01,20,Oaxaca,16.2,22.5,28.8,313.7
2001-08-01,21,Puebla,11.8,19.2,26.5,239.6
2001-08-01,22,Querétaro,11.4,18.7,26.1,122.6
2001-08-01,23,Quintana Roo,21.2,27.4,33.6,317.2
2001-08-01,24,San Luis Potosí,17.1,24.3,31.5,120.7
2001-08-01,25,Sinaloa,23.4,29.8,36.2,148.8
2001-08-01,26,Sonora,22.0,29.7,37.4,59.3
2001-08-01,27,Tabasco,22.6,28.3,34.0,318.0
2001-08-01,28,Tamaulipas,21.2,28.0,34.9,132.1
2001-08-01,29,Tlaxcala,7.6,15.2,22.7,78.7
2001-08-01,30,Veracruz,20.1,25.6,31.1,323.6
2001-08-01,31,Yucatán,22.2,28.1,34.0,151.3
2001-08-01,32,Zacatecas,12.5,19.8,27.1,126.5
2001-09-01,0,Nacional,16.3,22.8,29.3,146.2
2001-09-01,1,Aguascalientes,12.5,19.2,26.0,93.8
2001-09-01,2,Baja California,16.2,24.5,32.8,1.3
2001-09-01,3,Baja California Sur,20.5,27.8,35.2,94.6
2001-09-01,4,Campeche,21.1,27.0,33.0,157.2
2001-09-01,5,Coahuila,17.0,24.3,31.6,81.9
2001-09-01,6,Colima,20.7,26.6,32.5,140.0
2001-09-01,7,Chiapas,18.6,24.0,29.5,426.1
2001-09-01,8,Chihuahua,15.3,22.1,28.9,32.6
2001-09-01,9,Ciudad de México,10.3,16.4,22.5,163.0
2001-09-01,10,Durango,12.4,20.1,27.9,32.6
2001-09-01,11,Guanajuato,11.8,19.1,26.3,89.7
2001-09-01,12,Guerrero,19.3,25.3,31.2,264.1
2001-09-01,13,Hidalgo,11.6,17.8,24.0,138.4
2001-09-01,14,Jalisco,15.8,22.1,28.5,99.3
2001-09-01,15,Estado de México,8.5,14.9,21.2,135.0
2001-09-01,16,Michoacán,12.8,19.2,25.6,139.3
2001-09-01,17,Morelos,15.2,21.5,27.8,253.1
2001-09-01,18,Nayarit,20.8,27.0,33.2,230.9
2001-09-01,19,Nuevo León,13.2,20.7,28.2,213.0
2001-09-01,20,Oaxaca,16.6,22.3,28.0,318.1
2001-09-01,21,Puebla,12.4,18.9,25.5,282.8
2001-09-01,22,Querétaro,11.7,18.2,24.6,65.1
2001-09-01,23,Quintana Roo,21.4,27.2,33.0,216.9
2001-09-01,24,San Luis Potosí,16.5,23.1,29.6,190.3
2001-09-01,25,Sinaloa,23.0,29.2,35.4,108.8
2001-09-01,26,Sonora,20.9,29.2,37.5,107.0
2001-09-01,27,Tabasco,22.8,28.4,34.1,395.4
2001-09-01,28,Tamaulipas,19.9,26.0,32.1,207.9
2001-09-01,29,Tlaxcala,8.8,15.4,22.0,122.2
2001-09-01,30,Veracruz,20.1,25.2,30.3,327.2
2001-09-01,31,Yucatán,21.9,27.3,32.7,148.5
2001-09-01,32,Zacatecas,12.1,18.9,25.7,88.0
2001-10-01,0,Nacional,14.2,21.4,28.5,74.0
2001-10-01,1,Aguascalientes,10.8,18.5,26.3,9.4
2001-10-01,2,Baja California,11.7,19.7,27.8,43.9
2001-10-01,3,Baja California Sur,15.9,23.7,31.6,10.6
2001-10-01,4,Campeche,20.5,26.4,32.3,230.9
2001-10-01,5,Coahuila,13.9,21.7,29.5,12.7
2001-10-01,6,Colima,20.0,26.5,32.9,66.4
2001-10-01,7,Chiapas,18.3,24.1,29.8,279.7
2001-10-01,8,Chihuahua,10.7,19.0,27.3,7.0
2001-10-01,9,Ciudad de México,9.1,15.8,22.6,43.7
2001-10-01,10,Durango,9.1,18.0,27.0,16.9
2001-10-01,11,Guanajuato,9.2,17.4,25.7,42.3
2001-10-01,12,Guerrero,18.9,25.3,31.8,50.0
2001-10-01,13,Hidalgo,9.7,16.8,24.0,79.7
2001-10-01,14,Jalisco,13.4,21.0,28.7,35.8
2001-10-01,15,Estado de México,6.6,14.0,21.3,34.2
2001-10-01,16,Michoacán,11.1,18.5,26.0,54.2
2001-10-01,17,Morelos,14.0,21.0,28.1,55.9
2001-10-01,18,Nayarit,18.9,26.2,33.5,28.5
2001-10-01,19,Nuevo León,11.3,19.1,26.9,41.0
2001-10-01,20,Oaxaca,15.9,22.0,28.1,200.4
2001-10-01,21,Puebla,10.8,18.2,25.6,163.8
2001-10-01,22,Querétaro,9.9,17.3,24.7,48.0
2001-10-01,23,Quintana Roo,20.8,26.5,32.3,233.1
2001-10-01,24,San Luis Potosí,14.6,21.7,28.8,63.9
2001-10-01,25,Sinaloa,19.4,27.0,34.6,20.2
2001-10-01,26,Sonora,14.1,23.3,32.5,10.4
2001-10-01,27,Tabasco,22.4,27.7,33.1,468.3
2001-10-01,28,Tamaulipas,18.2,24.3,30.3,28.2
2001-10-01,29,Tlaxcala,6.9,14.6,22.3,26.1
2001-10-01,30,Veracruz,18.8,23.9,29.1,328.7
2001-10-01,31,Yucatán,21.1,26.3,31.5,114.5
2001-10-01,32,Zacatecas,8.9,17.3,25.7,14.9
2001-11-01,0,Nacional,11.0,18.6,26.2,24.4
2001-11-01,1,Aguascalientes,7.7,16.2,24.7,1.1
2001-11-01,2,Baja California,9.3,17.1,25.0,10.4
2001-11-01,3,Baja California Sur,12.8,20.9,29.0,1.5
2001-11-01,4,Campeche,18.1,24.2,30.4,79.1
2001-11-01,5,Coahuila,9.0,16.9,24.8,17.8
2001-11-01,6,Colima,17.4,24.7,32.1,0.0
2001-11-01,7,Chiapas,16.4,22.6,28.9,94.4
2001-11-01,8,Chihuahua,5.0,13.5,22.1,6.1
2001-11-01,9,Ciudad de México,6.6,13.8,21.0,7.3
2001-11-01,10,Durango,4.8,14.2,23.5,2.8
2001-11-01,11,Guanajuato,6.5,15.3,24.1,7.0
2001-11-01,12,Guerrero,16.9,23.9,30.8,0.6
2001-11-01,13,Hidalgo,6.5,14.2,22.0,12.2
2001-11-01,14,Jalisco,9.2,18.1,26.9,2.5
2001-11-01,15,Estado de México,3.7,11.8,19.9,6.3
2001-11-01,16,Michoacán,7.8,16.2,24.6,6.0
2001-11-01,17,Morelos,11.1,19.1,27.1,0.3
2001-11-01,18,Nayarit,15.1,23.7,32.3,0.6
2001-11-01,19,Nuevo León,8.3,15.7,23.1,49.6
2001-11-01,20,Oaxaca,13.4,20.0,26.7,22.0
2001-11-01,21,Puebla,8.0,16.0,24.0,47.1
2001-11-01,22,Querétaro,7.6,15.4,23.2,48.0
2001-11-01,23,Quintana Roo,18.5,24.6,30.8,88.9
2001-11-01,24,San Luis Potosí,10.6,18.0,25.5,35.6
2001-11-01,25,Sinaloa,14.7,23.6,32.6,2.4
2001-11-01,26,Sonora,9.5,19.3,29.2,0.5
2001-11-01,27,Tabasco,19.9,24.8,29.7,199.5
2001-11-01,28,Tamaulipas,13.4,19.7,26.1,75.2
2001-11-01,29,Tlaxcala,3.6,12.2,20.9,2.4
2001-11-01,30,Veracruz,15.8,21.2,26.6,103.7
2001-11-01,31,Yucatán,18.0,23.7,29.5,40.6
2001-11-01,32,Zacatecas,5.0,13.9,22.9,2.2
2001-12-01,0,Nacional,9.0,16.9,24.8,23.4
2001-12-01,1,Aguascalientes,4.1,13.8,23.6,3.4
2001-12-01,2,Baja California,5.2,12.9,20.7,17.6
2001-12-01,3,Baja California Sur,9.0,16.8,24.7,0.6
2001-12-01,4,Campeche,17.1,23.2,29.2,111.4
2001-12-01,5,Coahuila,5.0,12.9,20.8,13.0
2001-12-01,6,Colima,15.8,23.8,31.9,0.0
2001-12-01,7,Chiapas,15.9,22.4,28.9,138.5
2001-12-01,8,Chihuahua,0.8,9.4,18.0,2.9
2001-12-01,9,Ciudad de México,6.0,13.4,20.7,3.5
2001-12-01,10,Durango,1.7,11.0,20.3,4.8
2001-12-01,11,Guanajuato,6.0,14.8,23.6,0.6
2001-12-01,12,Guerrero,16.0,23.4,30.9,10.7
2001-12-01,13,Hidalgo,6.0,14.2,22.3,1.8
2001-12-01,14,Jalisco,7.0,16.5,26.1,3.9
2001-12-01,15,Estado de México,2.5,11.3,20.1,0.9
2001-12-01,16,Michoacán,6.6,15.4,24.3,3.0
2001-12-01,17,Morelos,10.0,18.6,27.2,3.1
2001-12-01,18,Nayarit,11.9,21.0,30.1,6.9
2001-12-01,19,Nuevo León,5.7,13.5,21.3,6.9
2001-12-01,20,Oaxaca,13.3,20.4,27.5,32.1
2001-12-01,21,Puebla,6.8,15.2,23.6,30.3
2001-12-01,22,Querétaro,6.5,14.8,23.1,9.5
2001-12-01,23,Quintana Roo,17.5,23.7,30.0,147.8
2001-12-01,24,San Luis Potosí,9.2,16.9,24.6,4.1
2001-12-01,25,Sinaloa,9.8,19.0,28.3,8.8
2001-12-01,26,Sonora,4.4,13.6,22.9,5.5
2001-12-01,27,Tabasco,19.3,23.8,28.2,251.8
2001-12-01,28,Tamaulipas,11.3,17.7,24.2,12.9
2001-12-01,29,Tlaxcala,2.8,11.8,20.9,14.8
2001-12-01,30,Veracruz,14.6,19.8,25.1,60.2
2001-12-01,31,Yucatán,17.4,23.1,28.8,49.9
2001-12-01,32,Zacatecas,2.8,12.1,21.5,5.4
2002-01-01,0,Nacional,8.3,16.6,25.0,14.0
2002-01-01,1,Aguascalientes,2.9,12.8,22.6,22.5
2002-01-01,2,Baja California,4.8,13.2,21.7,8.4
2002-01-01,3,Baja California Sur,9.0,17.5,26.0,0.8
2002-01-01,4,Campeche,15.5,22.1,28.7,68.8
2002-01-01,5,Coahuila,4.5,13.2,22.0,1.1
2002-01-01,6,Colima,15.9,24.0,32.2,22.6
2002-01-01,7,Chiapas,15.0,21.9,28.8,62.1
2002-01-01,8,Chihuahua,2.2,11.8,21.4,9.6
2002-01-01,9,Ciudad de México,5.5,13.1,20.8,8.5
2002-01-01,10,Durango,2.1,11.7,21.3,2.1
2002-01-01,11,Guanajuato,4.9,14.3,23.7,35.5
2002-01-01,12,Guerrero,15.9,23.5,31.1,16.9
2002-01-01,13,Hidalgo,4.3,13.0,21.8,17.9
2002-01-01,14,Jalisco,6.4,16.5,26.5,13.9
2002-01-01,15,Estado de México,1.9,10.9,19.9,12.5
2002-01-01,16,Michoacán,5.9,14.8,23.7,22.0
2002-01-01,17,Morelos,9.9,18.7,27.6,0.9
2002-01-01,18,Nayarit,10.7,21.1,31.6,1.4
2002-01-01,19,Nuevo León,4.1,12.5,20.9,2.3
2002-01-01,20,Oaxaca,12.1,19.7,27.4,10.5
2002-01-01,21,Puebla,6.8,14.1,21.3,29.0
2002-01-01,22,Querétaro,5.7,14.5,23.3,15.0
2002-01-01,23,Quintana Roo,15.4,22.1,28.8,19.5
2002-01-01,24,San Luis Potosí,7.8,15.7,23.7,16.0
2002-01-01,25,Sinaloa,10.4,20.3,30.2,6.3
2002-01-01,26,Sonora,5.4,15.6,25.7,7.3
2002-01-01,27,Tabasco,18.0,23.0,28.1,159.3
2002-01-01,28,Tamaulipas,10.2,16.8,23.5,4.6
2002-01-01,29,Tlaxcala,2.1,11.7,21.3,6.2
2002-01-01,30,Veracruz,13.1,18.6,24.1,32.4
2002-01-01,31,Yucatán,14.9,21.5,28.1,24.7
2002-01-01,32,Zacatecas,2.1,12.0,22.0,5.8
2002-02-01,0,Nacional,9.7,17.9,26.2,29.6
2002-02-01,1,Aguascalientes,5.0,14.6,24.3,32.5
2002-02-01,2,Baja California,5.4,13.2,21.0,2.0
2002-02-01,3,Baja California Sur,9.9,17.9,25.9,6.7
2002-02-01,4,Campeche,17.7,24.4,31.2,111.1
2002-02-01,5,Coahuila,6.2,14.5,22.9,6.3
2002-02-01,6,Colima,15.7,24.0,32.4,25.0
2002-02-01,7,Chiapas,15.5,22.8,30.1,132.6
2002-02-01,8,Chihuahua,4.3,12.9,21.5,18.7
2002-02-01,9,Ciudad de México,6.7,14.9,23.1,2.8
2002-02-01,10,Durango,3.3,12.5,21.7,13.7
2002-02-01,11,Guanajuato,6.6,15.4,24.3,20.1
2002-02-01,12,Guerrero,16.4,24.3,32.3,6.0
2002-02-01,13,Hidalgo,5.9,14.9,23.9,7.8
2002-02-01,14,Jalisco,8.1,18.0,27.9,18.7
2002-02-01,15,Estado de México,3.3,12.5,21.8,6.8
2002-02-01,16,Michoacán,7.1,16.3,25.4,12.7
2002-02-01,17,Morelos,11.3,20.4,29.5,4.1
2002-02-01,18,Nayarit,11.7,21.4,31.2,59.8
2002-02-01,19,Nuevo León,6.5,14.2,22.0,5.9
2002-02-01,20,Oaxaca,12.8,20.7,28.6,13.8
2002-02-01,21,Puebla,8.3,15.8,23.4,31.3
2002-02-01,22,Querétaro,7.2,15.8,24.4,11.3
2002-02-01,23,Quintana Roo,17.5,24.2,30.9,132.6
2002-02-01,24,San Luis Potosí,9.6,17.5,25.5,12.1
2002-02-01,25,Sinaloa,11.9,20.7,29.6,18.3
2002-02-01,26,Sonora,6.9,16.0,25.1,20.2
2002-02-01,27,Tabasco,19.0,24.0,29.0,308.7
2002-02-01,28,Tamaulipas,11.4,18.2,25.0,8.5
2002-02-01,29,Tlaxcala,3.0,12.9,22.8,3.0
2002-02-01,30,Veracruz,14.2,20.0,25.7,45.0
2002-02-01,31,Yucatán,18.0,24.4,30.9,89.3
2002-02-01,32,Zacatecas,4.1,13.5,23.0,38.4
2002-03-01,0,Nacional,11.1,20.0,29.0,7.8
2002-03-01,1,Aguascalientes,6.6,17.0,27.4,0.1
2002-03-01,2,Baja California,7.3,14.9,22.4,15.0
2002-03-01,3,Baja California Sur,10.1,18.6,27.2,0.1
2002-03-01,4,Campeche,18.8,26.1,33.4,11.8
2002-03-01,5,Coahuila,8.5,18.2,27.8,1.5
2002-03-01,6,Colima,15.3,24.1,32.9,0.0
2002-03-01,7,Chiapas,16.8,24.3,31.9,45.0
2002-03-01,8,Chihuahua,6.0,15.5,25.1,2.8
2002-03-01,9,Ciudad de México,8.1,16.9,25.7,15.3
2002-03-01,10,Durango,5.5,15.5,25.5,0.0
2002-03-01,11,Guanajuato,8.6,18.4,28.1,2.9
2002-03-01,12,Guerrero,17.0,25.2,33.4,0.7
2002-03-01,13,Hidalgo,7.7,17.2,26.7,7.8
2002-03-01,14,Jalisco,9.0,19.8,30.6,0.0
2002-03-01,15,Estado de México,4.9,14.5,24.0,9.1
2002-03-01,16,Michoacán,8.3,18.3,28.3,3.5
2002-03-01,17,Morelos,12.7,22.5,32.3,3.6
2002-03-01,18,Nayarit,12.3,22.9,33.5,0.0
2002-03-01,19,Nuevo León,9.7,17.8,25.8,10.1
2002-03-01,20,Oaxaca,14.3,22.5,30.7,7.5
2002-03-01,21,Puebla,10.0,18.1,26.2,19.2
2002-03-01,22,Querétaro,9.1,17.8,26.6,1.2
2002-03-01,23,Quintana Roo,18.8,25.6,32.5,66.2
2002-03-01,24,San Luis Potosí,11.9,20.9,30.0,5.5
2002-03-01,25,Sinaloa,11.1,21.5,31.9,0.0
2002-03-01,26,Sonora,7.1,17.6,28.1,0.8
2002-03-01,27,Tabasco,20.9,27.3,33.8,118.2
2002-03-01,28,Tamaulipas,14.5,22.1,29.8,9.5
2002-03-01,29,Tlaxcala,4.6,15.1,25.5,9.6
2002-03-01,30,Veracruz,16.4,23.1,29.8,29.2
2002-03-01,31,Yucatán,19.2,26.5,33.8,22.8
2002-03-01,32,Zacatecas,5.6,16.0,26.5,0.1
2002-04-01,0,Nacional,13.5,22.3,31.1,8.6
2002-04-01,1,Aguascalientes,10.3,20.2,30.1,1.3
2002-04-01,2,Baja California,8.1,15.7,23.3,8.1
2002-04-01,3,Baja California Sur,12.4,20.8,29.2,0.0
2002-04-01,4,Campeche,19.9,27.7,35.5,9.0
2002-04-01,5,Coahuila,14.3,23.6,32.9,20.7
2002-04-01,6,Colima,17.7,25.8,33.8,0.0
2002-04-01,7,Chiapas,17.9,25.4,33.0,58.1
2002-04-01,8,Chihuahua,11.1,20.5,29.9,1.6
2002-04-01,9,Ciudad de México,9.7,18.0,26.2,32.7
2002-04-01,10,Durango,10.0,19.5,29.1,3.1
2002-04-01,11,Guanajuato,11.2,20.7,30.3,7.0
2002-04-01,12,Guerrero,19.3,27.0,34.7,1.7
2002-04-01,13,Hidalgo,9.3,18.7,28.1,23.7
2002-04-01,14,Jalisco,12.4,22.6,32.9,1.6
2002-04-01,15,Estado de México,7.0,16.0,25.1,26.8
2002-04-01,16,Michoacán,11.2,20.8,30.5,6.2
2002-04-01,17,Morelos,15.4,24.6,33.8,5.1
2002-04-01,18,Nayarit,15.2,25.5,35.8,0.0
2002-04-01,19,Nuevo León,13.1,20.9,28.7,11.7
2002-04-01,20,Oaxaca,16.1,24.0,32.0,4.0
2002-04-01,21,Puebla,11.7,20.0,28.4,21.4
2002-04-01,22,Querétaro,10.6,19.4,28.2,28.5
2002-04-01,23,Quintana Roo,19.0,26.3,33.6,10.2
2002-04-01,24,San Luis Potosí,14.5,23.4,32.4,9.1
2002-04-01,25,Sinaloa,15.0,24.6,34.3,0.2
2002-04-01,26,Sonora,11.0,21.5,32.1,0.0
2002-04-01,27,Tabasco,22.4,28.6,34.8,24.4
2002-04-01,28,Tamaulipas,17.7,25.3,32.9,23.4
2002-04-01,29,Tlaxcala,6.4,16.4,26.5,21.0
2002-04-01,30,Veracruz,18.6,25.4,32.3,19.6
2002-04-01,31,Yucatán,19.3,26.8,34.3,6.6
2002-04-01,32,Zacatecas,9.5,19.4,29.4,3.4
2002-05-01,0,Nacional,15.6,24.2,32.8,31.2
2002-05-01,1,Aguascalientes,12.5,22.1,31.8,31.5
2002-05-01,2,Baja California,10.3,18.5,26.6,0.0
2002-05-01,3,Baja California Sur,13.9,22.9,31.9,0.0
2002-05-01,4,Campeche,22.0,29.6,37.1,93.8
2002-05-01,5,Coahuila,18.0,27.2,36.5,42.1
2002-05-01,6,Colima,18.8,26.8,34.8,4.2
2002-05-01,7,Chiapas,19.2,25.9,32.6,129.8
2002-05-01,8,Chihuahua,15.1,24.6,34.2,8.1
2002-05-01,9,Ciudad de México,11.1,18.9,26.7,24.1
2002-05-01,10,Durango,12.9,22.7,32.6,15.1
2002-05-01,11,Guanajuato,13.0,22.1,31.1,19.4
2002-05-01,12,Guerrero,20.3,27.6,34.9,39.9
2002-05-01,13,Hidalgo,11.0,19.9,28.9,21.2
2002-05-01,14,Jalisco,14.8,24.4,34.1,20.8
2002-05-01,15,Estado de México,8.2,16.9,25.7,21.8
2002-05-01,16,Michoacán,13.3,22.3,31.4,37.5
2002-05-01,17,Morelos,16.7,25.0,33.4,0.0
2002-05-01,18,Nayarit,17.7,27.7,37.7,0.7
2002-05-01,19,Nuevo León,14.6,22.5,30.5,20.0
2002-05-01,20,Oaxaca,17.2,24.7,32.2,34.6
2002-05-01,21,Puebla,13.2,21.2,29.3,53.0
2002-05-01,22,Querétaro,12.5,21.2,29.8,13.7
2002-05-01,23,Quintana Roo,21.1,27.9,34.7,93.9
2002-05-01,24,San Luis Potosí,17.6,26.1,34.6,30.3
2002-05-01,25,Sinaloa,17.8,27.6,37.4,0.0
2002-05-01,26,Sonora,13.8,25.2,36.7,0.0
2002-05-01,27,Tabasco,24.0,30.1,36.2,77.1
2002-05-01,28,Tamaulipas,20.9,28.4,35.8,26.4
2002-05-01,29,Tlaxcala,7.7,17.2,26.7,29.5
2002-05-01,30,Veracruz,20.6,27.5,34.3,44.4
2002-05-01,31,Yucatán,21.9,29.3,36.8,57.0
2002-05-01,32,Zacatecas,12.0,22.0,31.9,20.7
2002-06-01,0,Nacional,16.8,23.9,31.0,102.1
2002-06-01,1,Aguascalientes,13.5,21.5,29.5,50.8
2002-06-01,2,Baja California,13.7,21.8,29.9,0.0
2002-06-01,3,Baja California Sur,16.2,24.6,33.0,0.0
2002-06-01,4,Campeche,22.0,28.3,34.7,173.7
2002-06-01,5,Coahuila,19.6,27.6,35.6,35.4
2002-06-01,6,Colima,20.8,27.0,33.1,79.4
2002-06-01,7,Chiapas,19.0,24.7,30.5,302.6
2002-06-01,8,Chihuahua,18.3,26.7,35.2,19.7
2002-06-01,9,Ciudad de México,10.9,17.3,23.6,88.1
2002-06-01,10,Durango,14.3,22.8,31.4,31.7
2002-06-01,11,Guanajuato,13.0,21.1,29.1,90.5
2002-06-01,12,Guerrero,19.8,25.9,32.0,153.7
2002-06-01,13,Hidalgo,11.7,18.9,26.2,85.9
2002-06-01,14,Jalisco,16.5,23.7,31.0,109.6
2002-06-01,15,Estado de México,9.2,15.9,22.6,86.0
2002-06-01,16,Michoacán,13.7,20.6,27.4,146.1
2002-06-01,17,Morelos,16.2,22.5,28.9,152.0
2002-06-01,18,Nayarit,20.5,28.1,35.7,37.7
2002-06-01,19,Nuevo León,15.8,22.6,29.3,55.6
2002-06-01,20,Oaxaca,17.2,23.2,29.3,322.9
2002-06-01,21,Puebla,13.8,20.3,26.8,217.6
2002-06-01,22,Querétaro,12.5,19.4,26.4,63.6
2002-06-01,23,Quintana Roo,21.8,27.6,33.3,278.3
2002-06-01,24,San Luis Potosí,17.9,25.2,32.6,112.5
2002-06-01,25,Sinaloa,22.0,29.8,37.6,1.8
2002-06-01,26,Sonora,19.4,29.5,39.6,1.0
2002-06-01,27,Tabasco,23.2,29.1,34.9,326.1
2002-06-01,28,Tamaulipas,21.7,28.4,35.2,95.4
2002-06-01,29,Tlaxcala,9.5,16.3,23.1,101.8
2002-06-01,30,Veracruz,20.6,26.4,32.2,308.9
2002-06-01,31,Yucatán,22.7,28.7,34.8,185.2
2002-06-01,32,Zacatecas,13.4,21.2,29.0,72.5
2002-07-01,0,Nacional,16.6,23.4,30.2,135.5
2002-07-01,1,Aguascalientes,13.0,20.0,27.0,179.6
2002-07-01,2,Baja California,16.7,25.0,33.4,0.0
2002-07-01,3,Baja California Sur,19.8,27.6,35.4,14.3
2002-07-01,4,Campeche,21.1,27.7,34.3,211.1
2002-07-01,5,Coahuila,19.1,26.5,33.8,97.4
2002-07-01,6,Colima,20.9,27.1,33.4,180.3
2002-07-01,7,Chiapas,18.7,24.7,30.7,244.7
2002-07-01,8,Chihuahua,17.7,25.5,33.2,126.1
2002-07-01,9,Ciudad de México,10.5,16.7,23.0,190.6
2002-07-01,10,Durango,14.0,21.5,29.1,78.1
2002-07-01,11,Guanajuato,12.7,19.7,26.7,254.4
2002-07-01,12,Guerrero,19.4,25.5,31.7,166.2
2002-07-01,13,Hidalgo,11.5,18.2,25.0,59.0
2002-07-01,14,Jalisco,15.9,22.3,28.7,226.0
2002-07-01,15,Estado de México,8.8,15.4,22.1,151.1
2002-07-01,16,Michoacán,13.0,19.4,25.8,215.4
2002-07-01,17,Morelos,15.6,22.0,28.5,109.8
2002-07-01,18,Nayarit,20.4,27.1,33.8,263.8
2002-07-01,19,Nuevo León,16.2,23.0,29.9,130.6
2002-07-01,20,Oaxaca,16.3,22.8,29.4,289.6
2002-07-01,21,Puebla,12.8,19.1,25.4,247.2
2002-07-01,22,Querétaro,12.8,19.7,26.7,118.9
2002-07-01,23,Quintana Roo,21.7,27.6,33.5,76.6
2002-07-01,24,San Luis Potosí,17.2,23.6,30.1,148.2
2002-07-01,25,Sinaloa,23.6,30.3,37.0,112.9
2002-07-01,26,Sonora,22.6,30.6,38.7,56.1
2002-07-01,27,Tabasco,22.6,28.5,34.5,65.7
2002-07-01,28,Tamaulipas,20.8,26.9,32.9,100.8
2002-07-01,29,Tlaxcala,8.2,15.4,22.7,98.1
2002-07-01,30,Veracruz,19.8,25.4,31.1,241.8
2002-07-01,31,Yucatán,21.6,27.4,33.2,76.0
2002-07-01,32,Zacatecas,12.6,19.3,26.0,134.3
2002-08-01,0,Nacional,16.4,23.4,30.4,99.2
2002-08-01,1,Aguascalientes,12.5,19.6,26.7,112.1
2002-08-01,2,Baja California,17.2,25.6,34.1,0.0
2002-08-01,3,Baja California Sur,20.7,28.2,35.8,14.9
2002-08-01,4,Campeche,20.9,27.5,34.1,225.9
2002-08-01,5,Coahuila,18.8,26.5,34.2,16.6
2002-08-01,6,Colima,20.5,26.8,33.1,165.4
2002-08-01,7,Chiapas,18.6,24.7,30.9,229.1
2002-08-01,8,Chihuahua,17.7,25.5,33.4,86.5
2002-08-01,9,Ciudad de México,10.4,16.7,22.9,102.6
2002-08-01,10,Durango,13.6,21.4,29.1,94.2
2002-08-01,11,Guanajuato,12.4,19.9,27.4,122.7
2002-08-01,12,Guerrero,19.3,25.5,31.7,104.9
2002-08-01,13,Hidalgo,11.0,18.1,25.3,50.6
2002-08-01,14,Jalisco,15.5,22.1,28.7,141.6
2002-08-01,15,Estado de México,8.5,15.3,22.2,87.9
2002-08-01,16,Michoacán,12.4,19.1,25.8,157.7
2002-08-01,17,Morelos,15.0,22.0,29.1,86.4
2002-08-01,18,Nayarit,20.2,26.8,33.3,201.0
2002-08-01,19,Nuevo León,16.0,24.4,32.9,29.1
2002-08-01,20,Oaxaca,16.4,23.1,29.8,220.8
2002-08-01,21,Puebla,12.7,19.2,25.7,141.6
2002-08-01,22,Querétaro,12.7,19.9,27.2,73.7
2002-08-01,23,Quintana Roo,21.1,27.4,33.8,110.4
2002-08-01,24,San Luis Potosí,16.9,24.1,31.3,49.6
2002-08-01,25,Sinaloa,23.5,29.9,36.3,136.2
2002-08-01,26,Sonora,22.3,29.8,37.4,65.7
2002-08-01,27,Tabasco,22.7,28.5,34.3,170.9
2002-08-01,28,Tamaulipas,21.1,27.7,34.3,45.1
2002-08-01,29,Tlaxcala,7.7,15.4,23.1,74.5
2002-08-01,30,Veracruz,19.8,25.6,31.5,180.8
2002-08-01,31,Yucatán,21.7,27.9,34.2,85.7
2002-08-01,32,Zacatecas,12.1,19.2,26.3,121.5
2002-09-01,0,Nacional,16.6,22.9,29.2,168.3
2002-09-01,1,Aguascalientes,13.0,19.4,25.8,112.5
2002-09-01,2,Baja California,16.6,24.9,33.3,6.7
2002-09-01,3,Baja California Sur,20.7,27.7,34.6,28.0
2002-09-01,4,Campeche,21.2,27.1,33.1,484.3
2002-09-01,5,Coahuila,17.5,24.4,31.2,70.2
2002-09-01,6,Colima,21.1,26.9,32.6,229.2
2002-09-01,7,Chiapas,18.7,24.4,30.2,437.1
2002-09-01,8,Chihuahua,16.3,22.8,29.3,36.6
2002-09-01,9,Ciudad de México,10.8,16.5,22.2,191.0
2002-09-01,10,Durango,12.7,20.0,27.4,83.0
2002-09-01,11,Guanajuato,12.4,19.2,26.0,166.6
2002-09-01,12,Guerrero,19.4,25.2,31.1,321.2
2002-09-01,13,Hidalgo,11.9,18.1,24.2,206.3
2002-09-01,14,Jalisco,16.1,22.1,28.0,166.9
2002-09-01,15,Estado de México,9.5,15.6,21.8,191.1
2002-09-01,16,Michoacán,12.9,19.1,25.3,176.5
2002-09-01,17,Morelos,15.3,21.4,27.6,303.6
2002-09-01,18,Nayarit,20.5,26.5,32.5,335.1
2002-09-01,19,Nuevo León,14.6,22.0,29.5,310.4
2002-09-01,20,Oaxaca,17.1,23.2,29.3,309.0
2002-09-01,21,Puebla,13.4,18.9,24.5,273.9
2002-09-01,22,Querétaro,13.4,19.5,25.6,108.4
2002-09-01,23,Quintana Roo,21.4,27.3,33.2,256.9
2002-09-01,24,San Luis Potosí,16.8,23.2,29.6,234.6
2002-09-01,25,Sinaloa,22.9,29.0,35.1,169.2
2002-09-01,26,Sonora,20.9,28.9,36.9,41.5
2002-09-01,27,Tabasco,23.3,29.3,35.2,362.4
2002-09-01,28,Tamaulipas,20.3,26.3,32.3,244.0
2002-09-01,29,Tlaxcala,9.3,15.7,22.2,194.4
2002-09-01,30,Veracruz,19.8,25.2,30.7,209.0
2002-09-01,31,Yucatán,22.3,27.5,32.8,297.8
2002-09-01,32,Zacatecas,12.2,18.7,25.2,107.8
2002-10-01,0,Nacional,14.6,21.5,28.4,81.7
2002-10-01,1,Aguascalientes,11.1,18.6,26.1,51.3
2002-10-01,2,Baja California,10.8,19.4,28.0,0.3
2002-10-01,3,Baja California Sur,16.5,24.1,31.7,7.2
2002-10-01,4,Campeche,20.4,26.1,31.9,122.5
2002-10-01,5,Coahuila,14.3,21.7,29.0,113.8
2002-10-01,6,Colima,19.9,25.9,31.9,174.0
2002-10-01,7,Chiapas,18.5,24.3,30.1,221.5
2002-10-01,8,Chihuahua,11.7,19.5,27.3,22.3
2002-10-01,9,Ciudad de México,9.8,16.1,22.4,88.4
2002-10-01,10,Durango,10.1,18.3,26.4,34.3
2002-10-01,11,Guanajuato,11.2,18.9,26.6,49.6
2002-10-01,12,Guerrero,18.9,25.0,31.2,67.2
2002-10-01,13,Hidalgo,10.2,17.1,24.1,83.2
2002-10-01,14,Jalisco,13.8,20.9,27.9,61.6
2002-10-01,15,Estado de México,7.9,15.0,22.1,72.9
2002-10-01,16,Michoacán,11.5,18.4,25.4,84.1
2002-10-01,17,Morelos,14.6,21.2,27.9,90.2
2002-10-01,18,Nayarit,18.6,25.8,33.0,115.6
2002-10-01,19,Nuevo León,12.1,18.7,25.4,114.9
2002-10-01,20,Oaxaca,16.6,22.9,29.2,146.8
2002-10-01,21,Puebla,12.2,18.2,24.2,172.9
2002-10-01,22,Querétaro,11.5,18.5,25.4,73.5
2002-10-01,23,Quintana Roo,20.8,26.6,32.5,164.2
2002-10-01,24,San Luis Potosí,15.0,21.7,28.5,126.7
2002-10-01,25,Sinaloa,20.2,27.3,34.4,25.1
2002-10-01,26,Sonora,15.1,24.0,33.0,1.9
2002-10-01,27,Tabasco,22.8,28.2,33.6,168.7
2002-10-01,28,Tamaulipas,18.7,24.3,30.0,174.5
2002-10-01,29,Tlaxcala,7.3,14.9,22.6,73.1
2002-10-01,30,Veracruz,18.9,24.1,29.3,201.4
2002-10-01,31,Yucatán,21.2,26.6,32.1,82.2
2002-10-01,32,Zacatecas,9.3,17.1,25.0,58.4
2002-11-01,0,Nacional,11.5,19.0,26.6,44.1
2002-11-01,1,Aguascalientes,8.5,17.0,25.5,19.2
2002-11-01,2,Baja California,8.2,16.2,24.2,10.5
2002-11-01,3,Baja California Sur,12.5,20.7,28.8,13.5
2002-11-01,4,Campeche,18.3,24.2,30.1,72.3
2002-11-01,5,Coahuila,9.6,17.7,25.9,17.6
2002-11-01,6,Colima,18.9,25.5,32.1,76.4
2002-11-01,7,Chiapas,17.0,23.0,29.1,158.9
2002-11-01,8,Chihuahua,6.7,15.3,23.9,2.7
2002-11-01,9,Ciudad de México,7.7,14.7,21.8,23.4
2002-11-01,10,Durango,5.9,15.1,24.4,23.7
2002-11-01,11,Guanajuato,7.1,15.3,23.5,41.5
2002-11-01,12,Guerrero,17.2,23.9,30.7,123.1
2002-11-01,13,Hidalgo,6.6,14.4,22.2,44.7
2002-11-01,14,Jalisco,10.4,18.8,27.1,31.0
2002-11-01,15,Estado de México,4.9,13.1,21.3,37.2
2002-11-01,16,Michoacán,8.5,16.5,24.5,77.4
2002-11-01,17,Morelos,11.8,19.4,27.0,29.5
2002-11-01,18,Nayarit,15.1,23.7,32.3,26.7
2002-11-01,19,Nuevo León,9.2,17.9,26.7,11.9
2002-11-01,20,Oaxaca,15.0,21.6,28.3,116.1
2002-11-01,21,Puebla,8.9,15.7,22.6,61.3
2002-11-01,22,Querétaro,9.2,16.6,24.1,32.1
2002-11-01,23,Quintana Roo,19.0,24.7,30.5,227.1
2002-11-01,24,San Luis Potosí,10.9,18.3,25.8,38.9
2002-11-01,25,Sinaloa,14.5,23.6,32.7,7.6
2002-11-01,26,Sonora,8.9,18.8,28.8,7.6
2002-11-01,27,Tabasco,20.4,25.2,30.1,361.5
2002-11-01,28,Tamaulipas,13.8,20.2,26.6,66.3
2002-11-01,29,Tlaxcala,4.3,13.0,21.7,13.5
2002-11-01,30,Veracruz,15.8,21.2,26.7,141.6
2002-11-01,31,Yucatán,19.3,24.7,30.1,22.0
2002-11-01,32,Zacatecas,5.7,14.6,23.6,18.6
2002-12-01,0,Nacional,8.2,16.4,24.6,16.8
2002-12-01,1,Aguascalientes,2.7,13.0,23.3,0.0
2002-12-01,2,Baja California,4.7,12.5,20.3,34.3
2002-12-01,3,Baja California Sur,8.8,17.0,25.2,7.0
2002-12-01,4,Campeche,15.7,21.8,27.9,51.1
2002-12-01,5,Coahuila,3.9,12.8,21.7,2.6
2002-12-01,6,Colima,15.8,23.6,31.5,0.1
2002-12-01,7,Chiapas,14.9,21.7,28.6,66.5
2002-12-01,8,Chihuahua,2.1,11.0,20.0,18.9
2002-12-01,9,Ciudad de México,5.8,13.0,20.3,0.7
2002-12-01,10,Durango,1.5,11.1,20.7,0.3
2002-12-01,11,Guanajuato,5.5,14.4,23.4,0.3
2002-12-01,12,Guerrero,15.5,22.9,30.4,0.1
2002-12-01,13,Hidalgo,4.6,13.2,21.9,7.8
2002-12-01,14,Jalisco,6.2,16.1,25.9,0.5
2002-12-01,15,Estado de México,1.9,11.1,20.4,0.3
2002-12-01,16,Michoacán,5.3,14.3,23.3,2.1
2002-12-01,17,Morelos,8.9,17.7,26.6,0.0
2002-12-01,18,Nayarit,10.8,20.6,30.4,2.2
2002-12-01,19,Nuevo León,5.8,13.2,20.6,1.4
2002-12-01,20,Oaxaca,13.7,21.1,28.4,20.8
2002-12-01,21,Puebla,6.4,13.9,21.5,12.3
2002-12-01,22,Querétaro,5.7,14.3,22.9,1.2
2002-12-01,23,Quintana Roo,16.1,22.6,29.0,101.8
2002-12-01,24,San Luis Potosí,7.6,15.9,24.2,9.7
2002-12-01,25,Sinaloa,9.5,19.3,29.1,11.7
2002-12-01,26,Sonora,4.8,14.4,24.0,26.2
2002-12-01,27,Tabasco,18.1,22.7,27.3,154.2
2002-12-01,28,Tamaulipas,10.2,17.2,24.3,1.2
2002-12-01,29,Tlaxcala,1.3,11.0,20.7,0.1
2002-12-01,30,Veracruz,13.4,19.1,24.8,41.5
2002-12-01,31,Yucatán,16.4,22.1,27.9,27.9
2002-12-01,32,Zacatecas,1.0,11.3,21.5,0.1
2003-01-01,0,Nacional,8.8,16.5,24.2,13.0
2003-01-01,1,Aguascalientes,3.3,12.5,21.6,4.9
2003-01-01,2,Baja California,5.0,13.3,21.6,2.1
2003-01-01,3,Baja California Sur,9.2,17.3,25.4,2.1
2003-01-01,4,Campeche,15.3,22.0,28.6,8.8
2003-01-01,5,Coahuila,5.2,13.0,20.9,8.8
2003-01-01,6,Colima,17.1,24.4,31.8,0.7
2003-01-01,7,Chiapas,15.0,21.9,28.7,23.9
2003-01-01,8,Chihuahua,2.6,10.9,19.2,6.8
2003-01-01,9,Ciudad de México,6.1,13.2,20.4,0.3
2003-01-01,10,Durango,2.6,11.2,19.8,7.0
2003-01-01,11,Guanajuato,5.4,14.1,22.7,15.0
2003-01-01,12,Guerrero,15.7,23.1,30.5,0.3
2003-01-01,13,Hidalgo,4.8,12.9,21.0,15.0
2003-01-01,14,Jalisco,7.4,16.2,25.0,2.7
2003-01-01,15,Estado de México,2.7,11.2,19.8,2.1
2003-01-01,16,Michoacán,6.1,14.2,22.2,10.7
2003-01-01,17,Morelos,9.7,18.2,26.8,0.0
2003-01-01,18,Nayarit,12.8,21.1,29.4,0.2
2003-01-01,19,Nuevo León,3.9,11.6,19.4,26.6
2003-01-01,20,Oaxaca,13.7,21.1,28.6,42.6
2003-01-01,21,Puebla,7.5,13.3,19.1,33.8
2003-01-01,22,Querétaro,6.3,14.1,21.9,6.4
2003-01-01,23,Quintana Roo,15.2,22.0,28.7,31.6
2003-01-01,24,San Luis Potosí,8.4,15.6,22.9,25.3
2003-01-01,25,Sinaloa,11.2,19.8,28.4,0.6
2003-01-01,26,Sonora,6.1,15.6,25.1,0.7
2003-01-01,27,Tabasco,18.0,22.8,27.7,78.4
2003-01-01,28,Tamaulipas,11.2,17.2,23.1,14.5
2003-01-01,29,Tlaxcala,2.3,11.3,20.4,0.0
2003-01-01,30,Veracruz,13.6,18.7,23.8,56.6
2003-01-01,31,Yucatán,14.8,21.6,28.4,5.1
2003-01-01,32,Zacatecas,2.9,11.6,20.2,3.1
2003-02-01,0,Nacional,9.4,17.8,26.2,18.9
2003-02-01,1,Aguascalientes,3.8,14.0,24.2,1.2
2003-02-01,2,Baja California,5.7,12.4,19.2,14.3
2003-02-01,3,Baja California Sur,9.3,17.2,25.1,14.3
2003-02-01,4,Campeche,17.6,24.5,31.4,17.0
2003-02-01,5,Coahuila,6.9,15.4,24.0,17.0
2003-02-01,6,Colima,15.6,24.2,32.9,0.0
2003-02-01,7,Chiapas,15.6,23.0,30.5,13.5
2003-02-01,8,Chihuahua,3.0,11.7,20.4,28.8
2003-02-01,9,Ciudad de México,7.0,15.4,23.8,1.5
2003-02-01,10,Durango,3.5,12.6,21.7,11.7
2003-02-01,11,Guanajuato,6.7,16.4,26.0,3.0
2003-02-01,12,Guerrero,15.7,23.8,31.9,0.0
2003-02-01,13,Hidalgo,5.7,15.2,24.6,7.2
2003-02-01,14,Jalisco,7.1,17.4,27.7,1.6
2003-02-01,15,Estado de México,3.1,12.8,22.6,0.7
2003-02-01,16,Michoacán,5.8,15.3,24.8,0.9
2003-02-01,17,Morelos,10.1,19.6,29.2,0.0
2003-02-01,18,Nayarit,11.8,21.2,30.7,8.5
2003-02-01,19,Nuevo León,5.8,13.7,21.6,7.7
2003-02-01,20,Oaxaca,14.3,22.5,30.8,9.5
2003-02-01,21,Puebla,8.5,15.3,22.1,8.0
2003-02-01,22,Querétaro,7.1,16.1,25.2,0.2
2003-02-01,23,Quintana Roo,17.5,24.2,30.9,108.3
2003-02-01,24,San Luis Potosí,9.5,17.9,26.3,7.2
2003-02-01,25,Sinaloa,10.8,19.5,28.1,23.4
2003-02-01,26,Sonora,5.9,14.8,23.6,37.5
2003-02-01,27,Tabasco,19.1,24.2,29.4,36.3
2003-02-01,28,Tamaulipas,12.1,19.2,26.2,12.5
2003-02-01,29,Tlaxcala,2.8,12.9,23.1,0.0
2003-02-01,30,Veracruz,14.6,20.6,26.6,13.4
2003-02-01,31,Yucatán,17.6,24.5,31.5,11.1
2003-02-01,32,Zacatecas,3.2,13.0,22.7,5.3
2003-03-01,0,Nacional,11.6,20.2,28.8,12.5
2003-03-01,1,Aguascalientes,6.4,16.7,27.0,0.0
2003-03-01,2,Baja California,9.2,16.8,24.5,1.5
2003-03-01,3,Baja California Sur,10.7,19.3,28.0,1.5
2003-03-01,4,Campeche,18.8,26.3,33.8,9.7
2003-03-01,5,Coahuila,10.1,19.2,28.4,9.7
2003-03-01,6,Colima,16.4,25.0,33.7,0.5
2003-03-01,7,Chiapas,17.1,24.4,31.8,35.6
2003-03-01,8,Chihuahua,6.3,15.6,24.9,0.8
2003-03-01,9,Ciudad de México,8.3,16.6,24.9,14.0
2003-03-01,10,Durango,6.4,16.1,25.8,0.1
2003-03-01,11,Guanajuato,8.2,18.1,28.0,0.1
2003-03-01,12,Guerrero,17.1,25.1,33.2,1.4
2003-03-01,13,Hidalgo,7.9,16.8,25.6,4.1
2003-03-01,14,Jalisco,9.5,20.0,30.5,0.1
2003-03-01,15,Estado de México,5.4,14.7,24.1,5.0
2003-03-01,16,Michoacán,8.2,17.8,27.3,0.4
2003-03-01,17,Morelos,12.7,22.0,31.3,6.1
2003-03-01,18,Nayarit,13.3,23.4,33.6,0.0
2003-03-01,19,Nuevo León,9.1,16.8,24.6,13.8
2003-03-01,20,Oaxaca,15.4,23.4,31.4,17.0
2003-03-01,21,Puebla,10.8,17.1,23.4,14.9
2003-03-01,22,Querétaro,10.1,18.4,26.8,0.3
2003-03-01,23,Quintana Roo,18.7,25.5,32.4,41.0
2003-03-01,24,San Luis Potosí,13.1,21.2,29.3,7.2
2003-03-01,25,Sinaloa,11.7,21.7,31.7,1.3
2003-03-01,26,Sonora,8.8,19.0,29.2,6.1
2003-03-01,27,Tabasco,20.6,27.2,33.8,64.7
2003-03-01,28,Tamaulipas,16.2,22.8,29.4,23.7
2003-03-01,29,Tlaxcala,4.8,14.8,24.8,10.3
2003-03-01,30,Veracruz,17.0,23.1,29.3,21.5
2003-03-01,31,Yucatán,19.1,26.7,34.3,56.2
2003-03-01,32,Zacatecas,5.7,15.8,25.9,0.0
2003-04-01,0,Nacional,13.2,21.7,30.2,10.1
2003-04-01,1,Aguascalientes,9.0,18.9,28.9,0.7
2003-04-01,2,Baja California,8.7,16.3,23.9,0.2
2003-04-01,3,Baja California Sur,12.1,20.5,29.0,0.2
2003-04-01,4,Campeche,19.4,27.2,35.0,7.3
2003-04-01,5,Coahuila,13.3,22.4,31.5,7.3
2003-04-01,6,Colima,18.0,26.1,34.3,0.0
2003-04-01,7,Chiapas,17.6,25.3,33.0,26.5
2003-04-01,8,Chihuahua,9.6,18.7,27.9,3.4
2003-04-01,9,Ciudad de México,9.4,17.4,25.3,16.8
2003-04-01,10,Durango,9.3,18.6,28.0,2.0
2003-04-01,11,Guanajuato,11.1,20.8,30.6,2.1
2003-04-01,12,Guerrero,18.9,26.6,34.3,1.5
2003-04-01,13,Hidalgo,9.4,18.2,26.9,21.3
2003-04-01,14,Jalisco,11.8,22.0,32.2,0.4
2003-04-01,15,Estado de México,7.4,16.2,25.1,14.5
2003-04-01,16,Michoacán,10.4,19.7,29.0,9.9
2003-04-01,17,Morelos,14.5,23.8,33.0,0.8
2003-04-01,18,Nayarit,15.7,25.1,34.5,0.0
2003-04-01,19,Nuevo León,12.6,19.8,27.0,18.1
2003-04-01,20,Oaxaca,17.3,24.9,32.5,9.8
2003-04-01,21,Puebla,12.1,19.1,26.2,34.3
2003-04-01,22,Querétaro,11.1,19.6,28.1,9.0
2003-04-01,23,Quintana Roo,18.9,25.7,32.5,26.6
2003-04-01,24,San Luis Potosí,14.1,22.7,31.3,20.3
2003-04-01,25,Sinaloa,14.6,24.0,33.3,1.3
2003-04-01,26,Sonora,10.7,20.7,30.7,2.0
2003-04-01,27,Tabasco,21.1,27.7,34.3,22.6
2003-04-01,28,Tamaulipas,17.6,24.5,31.4,18.6
2003-04-01,29,Tlaxcala,6.9,16.2,25.5,34.6
2003-04-01,30,Veracruz,17.8,24.4,31.0,34.1
2003-04-01,31,Yucatán,19.0,26.3,33.7,28.7
2003-04-01,32,Zacatecas,8.0,17.8,27.6,1.3
2003-05-01,0,Nacional,15.6,23.9,32.2,34.3
2003-05-01,1,Aguascalientes,11.7,21.4,31.1,10.2
2003-05-01,2,Baja California,11.8,19.9,28.1,0.0
2003-05-01,3,Baja California Sur,13.9,22.9,31.9,0.0
2003-05-01,4,Campeche,21.5,28.6,35.8,56.4
2003-05-01,5,Coahuila,17.4,26.6,35.9,56.4
2003-05-01,6,Colima,19.7,27.5,35.4,2.9
2003-05-01,7,Chiapas,19.1,25.6,32.1,145.4
2003-05-01,8,Chihuahua,13.9,23.6,33.3,11.0
2003-05-01,9,Ciudad de México,10.7,18.3,25.9,17.0
2003-05-01,10,Durango,12.3,22.2,32.2,10.8
2003-05-01,11,Guanajuato,13.2,22.8,32.4,31.1
2003-05-01,12,Guerrero,20.0,27.3,34.6,16.7
2003-05-01,13,Hidalgo,11.0,19.4,27.8,32.9
2003-05-01,14,Jalisco,14.4,24.0,33.7,11.4
2003-05-01,15,Estado de México,8.8,17.1,25.5,17.6
2003-05-01,16,Michoacán,12.5,21.4,30.3,18.8
2003-05-01,17,Morelos,16.2,24.6,33.0,24.2
2003-05-01,18,Nayarit,17.9,27.5,37.1,0.0
2003-05-01,19,Nuevo León,13.8,21.7,29.6,68.3
2003-05-01,20,Oaxaca,19.2,26.0,32.8,39.2
2003-05-01,21,Puebla,13.9,20.6,27.3,64.8
2003-05-01,22,Querétaro,13.5,22.0,30.4,18.4
2003-05-01,23,Quintana Roo,21.1,27.3,33.5,67.0
2003-05-01,24,San Luis Potosí,16.9,25.2,33.5,39.3
2003-05-01,25,Sinaloa,17.5,27.3,37.1,0.3
2003-05-01,26,Sonora,14.6,25.6,36.7,2.2
2003-05-01,27,Tabasco,23.2,29.4,35.6,120.9
2003-05-01,28,Tamaulipas,20.6,27.5,34.5,38.5
2003-05-01,29,Tlaxcala,8.6,17.2,25.8,56.8
2003-05-01,30,Veracruz,20.1,26.6,33.0,59.7
2003-05-01,31,Yucatán,22.1,29.0,35.9,40.0
2003-05-01,32,Zacatecas,11.2,21.0,30.8,13.2
2003-06-01,0,Nacional,16.9,23.8,30.7,115.0
2003-06-01,1,Aguascalientes,13.0,20.7,28.3,88.3
2003-06-01,2,Baja California,14.1,22.0,29.9,0.0
2003-06-01,3,Baja California Sur,16.2,24.8,33.3,0.0
2003-06-01,4,Campeche,21.9,28.5,35.2,45.7
2003-06-01,5,Coahuila,19.1,27.1,35.1,45.7
2003-06-01,6,Colima,21.4,27.2,33.0,190.0
2003-06-01,7,Chiapas,18.8,24.8,30.8,314.6
2003-06-01,8,Chihuahua,16.8,25.4,34.1,36.4
2003-06-01,9,Ciudad de México,10.7,17.0,23.3,194.7
2003-06-01,10,Durango,14.3,22.7,31.2,61.5
2003-06-01,11,Guanajuato,13.8,21.2,28.6,141.3
2003-06-01,12,Guerrero,19.5,25.6,31.7,251.0
2003-06-01,13,Hidalgo,12.2,18.8,25.3,106.9
2003-06-01,14,Jalisco,16.5,23.2,30.0,150.9
2003-06-01,15,Estado de México,9.9,16.2,22.6,154.7
2003-06-01,16,Michoacán,13.1,19.5,26.0,143.9
2003-06-01,17,Morelos,16.2,22.3,28.4,260.2
2003-06-01,18,Nayarit,21.3,28.3,35.3,85.8
2003-06-01,19,Nuevo León,15.0,21.7,28.5,79.4
2003-06-01,20,Oaxaca,19.2,25.1,31.0,346.6
2003-06-01,21,Puebla,14.9,20.5,26.2,233.5
2003-06-01,22,Querétaro,13.9,20.2,26.6,98.1
2003-06-01,23,Quintana Roo,21.8,27.4,33.1,346.5
2003-06-01,24,San Luis Potosí,17.8,24.5,31.3,60.7
2003-06-01,25,Sinaloa,21.9,29.8,37.7,16.8
2003-06-01,26,Sonora,18.8,29.1,39.4,10.0
2003-06-01,27,Tabasco,23.2,29.1,35.0,217.4
2003-06-01,28,Tamaulipas,22.0,27.8,33.7,89.0
2003-06-01,29,Tlaxcala,10.0,16.4,22.9,176.3
2003-06-01,30,Veracruz,20.2,26.0,31.8,208.7
2003-06-01,31,Yucatán,22.9,29.6,36.2,175.8
2003-06-01,32,Zacatecas,13.0,20.3,27.6,100.3
2003-07-01,0,Nacional,16.7,23.5,30.3,133.8
2003-07-01,1,Aguascalientes,12.4,19.7,27.1,178.9
2003-07-01,2,Baja California,17.9,26.2,34.5,18.5
2003-07-01,3,Baja California Sur,20.1,27.8,35.6,18.5
2003-07-01,4,Campeche,21.0,27.6,34.3,95.3
2003-07-01,5,Coahuila,18.9,26.4,33.9,95.3
2003-07-01,6,Colima,21.1,27.3,33.5,125.8
2003-07-01,7,Chiapas,18.5,24.6,30.8,232.9
2003-07-01,8,Chihuahua,17.3,25.1,32.8,94.1
2003-07-01,9,Ciudad de México,10.3,16.7,23.2,146.4
2003-07-01,10,Durango,14.4,22.1,29.8,101.2
2003-07-01,11,Guanajuato,12.6,19.5,26.5,236.1
2003-07-01,12,Guerrero,19.1,25.4,31.7,195.4
2003-07-01,13,Hidalgo,11.0,17.9,24.8,89.5
2003-07-01,14,Jalisco,15.8,22.3,28.9,192.5
2003-07-01,15,Estado de México,9.1,15.9,22.7,130.7
2003-07-01,16,Michoacán,11.9,18.4,24.9,212.0
2003-07-01,17,Morelos,15.2,21.5,27.9,127.2
2003-07-01,18,Nayarit,21.2,27.3,33.5,212.9
2003-07-01,19,Nuevo León,15.4,23.1,30.7,68.7
2003-07-01,20,Oaxaca,18.6,24.8,31.0,256.3
2003-07-01,21,Puebla,13.6,19.6,25.6,201.7
2003-07-01,22,Querétaro,13.8,20.7,27.7,151.9
2003-07-01,23,Quintana Roo,21.4,27.2,33.1,154.1
2003-07-01,24,San Luis Potosí,17.1,23.8,30.4,135.0
2003-07-01,25,Sinaloa,23.3,29.7,36.1,129.8
2003-07-01,26,Sonora,22.3,30.5,38.8,69.5
2003-07-01,27,Tabasco,22.6,28.6,34.6,143.5
2003-07-01,28,Tamaulipas,21.5,27.3,33.1,112.2
2003-07-01,29,Tlaxcala,8.1,15.6,23.1,59.1
2003-07-01,30,Veracruz,19.4,25.3,31.2,256.4
2003-07-01,31,Yucatán,21.8,27.9,34.1,122.5
2003-07-01,32,Zacatecas,12.1,19.0,25.9,136.1
2003-08-01,0,Nacional,16.7,23.5,30.4,133.7
2003-08-01,1,Aguascalientes,12.0,19.3,26.6,112.7
2003-08-01,2,Baja California,18.3,26.4,34.5,161.5
2003-08-01,3,Baja California Sur,20.9,28.4,36.0,161.5
2003-08-01,4,Campeche,21.0,27.6,34.2,42.1
2003-08-01,5,Coahuila,18.6,26.2,33.8,42.1
2003-08-01,6,Colima,21.2,27.3,33.5,153.1
2003-08-01,7,Chiapas,18.7,24.9,31.1,309.8
2003-08-01,8,Chihuahua,17.3,24.7,32.2,73.8
2003-08-01,9,Ciudad de México,10.2,16.7,23.3,146.2
2003-08-01,10,Durango,13.9,21.5,29.1,64.2
2003-08-01,11,Guanajuato,12.1,19.2,26.3,174.4
2003-08-01,12,Guerrero,19.1,25.2,31.4,192.7
2003-08-01,13,Hidalgo,11.3,18.1,25.0,96.7
2003-08-01,14,Jalisco,15.9,22.3,28.7,134.4
2003-08-01,15,Estado de México,9.1,16.1,23.0,141.8
2003-08-01,16,Michoacán,12.0,18.4,24.9,187.7
2003-08-01,17,Morelos,14.9,21.5,28.2,206.1
2003-08-01,18,Nayarit,21.3,27.1,33.0,244.7
2003-08-01,19,Nuevo León,15.2,22.8,30.3,80.2
2003-08-01,20,Oaxaca,19.1,25.5,32.0,178.1
2003-08-01,21,Puebla,13.8,19.8,25.9,283.5
2003-08-01,22,Querétaro,14.3,21.2,28.1,173.5
2003-08-01,23,Quintana Roo,21.4,27.5,33.5,169.5
2003-08-01,24,San Luis Potosí,17.0,24.0,31.0,124.3
2003-08-01,25,Sinaloa,23.1,29.4,35.6,147.9
2003-08-01,26,Sonora,22.0,29.8,37.5,85.9
2003-08-01,27,Tabasco,22.7,28.8,34.9,270.5
2003-08-01,28,Tamaulipas,21.8,27.9,34.0,105.2
2003-08-01,29,Tlaxcala,8.2,15.9,23.7,101.5
2003-08-01,30,Veracruz,19.6,25.6,31.7,213.2
2003-08-01,31,Yucatán,22.0,28.5,35.0,132.4
2003-08-01,32,Zacatecas,11.9,18.9,26.0,106.1
2003-09-01,0,Nacional,16.6,22.9,29.3,172.8
2003-09-01,1,Aguascalientes,12.3,18.9,25.5,130.4
2003-09-01,2,Baja California,16.8,25.2,33.5,122.6
2003-09-01,3,Baja California Sur,20.4,27.2,34.1,122.6
2003-09-01,4,Campeche,21.0,27.2,33.5,117.8
2003-09-01,5,Coahuila,17.4,24.3,31.2,117.8
2003-09-01,6,Colima,21.2,26.9,32.7,183.1
2003-09-01,7,Chiapas,18.6,24.6,30.6,371.5
2003-09-01,8,Chihuahua,15.4,22.6,29.8,47.7
2003-09-01,9,Ciudad de México,10.4,16.6,22.8,163.5
2003-09-01,10,Durango,13.2,20.1,27.0,129.4
2003-09-01,11,Guanajuato,12.9,19.4,25.8,242.4
2003-09-01,12,Guerrero,19.2,25.1,31.1,237.8
2003-09-01,13,Hidalgo,11.7,18.1,24.5,151.6
2003-09-01,14,Jalisco,16.2,22.0,27.9,171.0
2003-09-01,15,Estado de México,10.0,16.2,22.5,161.0
2003-09-01,16,Michoacán,12.6,18.7,24.9,210.0
2003-09-01,17,Morelos,15.0,21.2,27.4,326.0
2003-09-01,18,Nayarit,21.3,26.8,32.4,413.7
2003-09-01,19,Nuevo León,13.9,21.3,28.8,228.1
2003-09-01,20,Oaxaca,19.1,25.0,30.9,303.4
2003-09-01,21,Puebla,13.8,19.1,24.5,431.8
2003-09-01,22,Querétaro,14.5,20.6,26.7,273.8
2003-09-01,23,Quintana Roo,21.4,27.3,33.2,194.7
2003-09-01,24,San Luis Potosí,17.1,23.2,29.3,253.0
2003-09-01,25,Sinaloa,22.7,28.6,34.4,180.4
2003-09-01,26,Sonora,20.1,27.9,35.7,68.9
2003-09-01,27,Tabasco,22.7,28.5,34.3,234.9
2003-09-01,28,Tamaulipas,21.1,26.7,32.4,259.3
2003-09-01,29,Tlaxcala,9.1,16.0,22.9,108.0
2003-09-01,30,Veracruz,19.5,25.1,30.7,380.2
2003-09-01,31,Yucatán,22.2,28.0,33.9,99.3
2003-09-01,32,Zacatecas,12.0,18.3,24.5,132.7
2003-10-01,0,Nacional,14.9,21.6,28.4,107.7
2003-10-01,1,Aguascalientes,9.5,17.6,25.7,38.5
2003-10-01,2,Baja California,11.5,19.6,27.7,7.6
2003-10-01,3,Baja California Sur,16.7,24.3,31.9,7.6
2003-10-01,4,Campeche,20.4,26.2,31.9,84.5
2003-10-01,5,Coahuila,14.1,21.7,29.3,84.5
2003-10-01,6,Colima,20.5,26.4,32.4,221.0
2003-10-01,7,Chiapas,18.5,24.3,30.1,253.4
2003-10-01,8,Chihuahua,11.1,19.0,26.9,67.6
2003-10-01,9,Ciudad de México,10.0,16.7,23.5,56.2
2003-10-01,10,Durango,10.1,18.3,26.6,46.9
2003-10-01,11,Guanajuato,10.8,18.2,25.6,68.5
2003-10-01,12,Guerrero,18.8,24.9,31.0,135.1
2003-10-01,13,Hidalgo,10.4,17.0,23.7,77.3
2003-10-01,14,Jalisco,14.3,21.3,28.3,66.0
2003-10-01,15,Estado de México,8.6,15.7,22.7,65.4
2003-10-01,16,Michoacán,11.2,18.0,24.8,67.8
2003-10-01,17,Morelos,14.7,21.2,27.7,128.4
2003-10-01,18,Nayarit,19.8,26.5,33.2,53.1
2003-10-01,19,Nuevo León,11.7,18.4,25.1,140.3
2003-10-01,20,Oaxaca,18.9,24.5,30.2,186.6
2003-10-01,21,Puebla,13.4,18.8,24.1,202.5
2003-10-01,22,Querétaro,12.4,19.2,26.0,69.0
2003-10-01,23,Quintana Roo,21.0,26.5,32.1,238.9
2003-10-01,24,San Luis Potosí,15.1,21.7,28.4,168.7
2003-10-01,25,Sinaloa,20.1,27.1,34.2,26.7
2003-10-01,26,Sonora,15.6,24.3,32.9,20.5
2003-10-01,27,Tabasco,22.6,27.5,32.4,331.0
2003-10-01,28,Tamaulipas,19.3,25.0,30.8,176.0
2003-10-01,29,Tlaxcala,7.8,15.3,22.9,59.5
2003-10-01,30,Veracruz,18.8,24.1,29.4,232.9
2003-10-01,31,Yucatán,21.4,27.0,32.5,111.9
2003-10-01,32,Zacatecas,8.9,16.8,24.7,46.5
2003-11-01,0,Nacional,11.5,19.3,27.0,33.8
2003-11-01,1,Aguascalientes,5.6,15.4,25.2,1.4
2003-11-01,2,Baja California,7.2,14.5,21.8,1.6
2003-11-01,3,Baja California Sur,12.4,20.3,28.1,1.6
2003-11-01,4,Campeche,18.4,24.3,30.3,5.2
2003-11-01,5,Coahuila,9.2,17.7,26.3,5.2
2003-11-01,6,Colima,19.2,26.4,33.5,0.0
2003-11-01,7,Chiapas,17.0,23.3,29.6,155.4
2003-11-01,8,Chihuahua,6.1,14.2,22.4,4.4
2003-11-01,9,Ciudad de México,7.6,15.5,23.4,11.3
2003-11-01,10,Durango,5.7,15.0,24.3,1.7
2003-11-01,11,Guanajuato,8.2,16.8,25.5,7.3
2003-11-01,12,Guerrero,17.2,24.2,31.3,8.2
2003-11-01,13,Hidalgo,7.1,15.1,23.2,19.0
2003-11-01,14,Jalisco,10.3,19.3,28.3,4.9
2003-11-01,15,Estado de México,5.9,14.7,23.6,14.5
2003-11-01,16,Michoacán,7.8,16.4,25.0,10.2
2003-11-01,17,Morelos,11.4,19.5,27.7,20.6
2003-11-01,18,Nayarit,16.1,24.2,32.3,0.0
2003-11-01,19,Nuevo León,8.7,17.9,27.0,17.7
2003-11-01,20,Oaxaca,17.5,23.9,30.3,67.0
2003-11-01,21,Puebla,10.2,16.6,23.0,60.1
2003-11-01,22,Querétaro,9.7,17.7,25.8,2.6
2003-11-01,23,Quintana Roo,19.1,24.8,30.5,127.9
2003-11-01,24,San Luis Potosí,11.6,19.3,27.1,24.6
2003-11-01,25,Sinaloa,14.3,22.6,30.9,2.4
2003-11-01,26,Sonora,8.2,17.3,26.5,5.3
2003-11-01,27,Tabasco,20.6,25.8,31.1,436.5
2003-11-01,28,Tamaulipas,16.0,22.4,28.9,18.7
2003-11-01,29,Tlaxcala,4.1,13.7,23.3,10.4
2003-11-01,30,Veracruz,16.1,22.0,27.9,149.4
2003-11-01,31,Yucatán,19.3,25.0,30.8,52.2
2003-11-01,32,Zacatecas,4.8,14.3,23.8,1.5
2003-12-01,0,Nacional,8.3,16.5,24.7,10.5
2003-12-01,1,Aguascalientes,2.0,12.0,21.9,0.0
2003-12-01,2,Baja California,5.1,12.4,19.7,1.9
2003-12-01,3,Baja California Sur,8.8,17.2,25.6,1.9
2003-12-01,4,Campeche,15.4,21.8,28.3,1.9
2003-12-01,5,Coahuila,3.5,12.5,21.5,1.9
2003-12-01,6,Colima,16.4,24.4,32.4,0.0
2003-12-01,7,Chiapas,14.9,21.8,28.6,53.1
2003-12-01,8,Chihuahua,1.9,10.8,19.7,0.0
2003-12-01,9,Ciudad de México,5.2,13.2,21.2,0.1
2003-12-01,10,Durango,2.2,11.6,21.0,0.0
2003-12-01,11,Guanajuato,3.6,13.3,23.0,0.1
2003-12-01,12,Guerrero,15.5,23.1,30.7,0.4
2003-12-01,13,Hidalgo,4.2,12.8,21.4,2.5
2003-12-01,14,Jalisco,7.1,16.7,26.3,0.0
2003-12-01,15,Estado de México,2.7,12.1,21.6,0.0
2003-12-01,16,Michoacán,4.9,14.0,23.2,0.0
2003-12-01,17,Morelos,7.8,16.8,25.8,0.0
2003-12-01,18,Nayarit,12.7,21.6,30.6,0.0
2003-12-01,19,Nuevo León,5.7,13.9,22.0,15.4
2003-12-01,20,Oaxaca,15.1,21.8,28.6,10.5
2003-12-01,21,Puebla,6.9,13.4,19.9,27.1
2003-12-01,22,Querétaro,6.6,14.9,23.3,0.1
2003-12-01,23,Quintana Roo,15.9,22.5,29.1,46.5
2003-12-01,24,San Luis Potosí,7.2,15.6,24.0,10.3
2003-12-01,25,Sinaloa,10.6,19.5,28.5,0.0
2003-12-01,26,Sonora,5.1,14.6,24.1,1.3
2003-12-01,27,Tabasco,18.0,23.0,28.0,119.4
2003-12-01,28,Tamaulipas,10.6,18.0,25.3,5.6
2003-12-01,29,Tlaxcala,1.3,11.1,20.8,0.5
2003-12-01,30,Veracruz,13.0,18.8,24.5,48.5
2003-12-01,31,Yucatán,15.9,22.2,28.6,16.3
2003-12-01,32,Zacatecas,1.0,11.0,21.0,0.1
2004-01-01,0,Nacional,9.2,16.9,24.5,33.4
2004-01-01,1,Aguascalientes,3.1,12.4,21.8,32.1
2004-01-01,2,Baja California,6.2,13.2,20.2,10.2
2004-01-01,3,Baja California Sur,9.0,16.7,24.5,37.4
2004-01-01,4,Campeche,15.7,22.7,29.7,9.1
2004-01-01,5,Coahuila,5.6,13.3,21.0,19.0
2004-01-01,6,Colima,17.5,24.4,31.4,41.6
2004-01-01,7,Chiapas,14.8,21.9,29.1,45.7
2004-01-01,8,Chihuahua,3.8,11.3,18.8,38.4
2004-01-01,9,Ciudad de México,5.4,13.2,20.9,25.5
2004-01-01,10,Durango,3.4,11.8,20.2,43.5
2004-01-01,11,Guanajuato,5.2,13.5,21.7,35.6
2004-01-01,12,Guerrero,15.3,22.9,30.6,47.6
2004-01-01,13,Hidalgo,6.0,14.1,22.2,7.2
2004-01-01,14,Jalisco,7.5,16.3,25.1,33.4
2004-01-01,15,Estado de México,3.3,12.1,20.9,16.1
2004-01-01,16,Michoacán,6.5,15.0,23.5,30.4
2004-01-01,17,Morelos,9.4,17.8,26.1,26.6
2004-01-01,18,Nayarit,14.5,22.1,29.6,70.5
2004-01-01,19,Nuevo León,4.2,12.0,19.9,14.2
2004-01-01,20,Oaxaca,14.5,21.6,28.6,20.9
2004-01-01,21,Puebla,8.3,14.4,20.6,29.4
2004-01-01,22,Querétaro,7.2,14.5,21.9,19.1
2004-01-01,23,Quintana Roo,15.8,22.8,29.8,8.6
2004-01-01,24,San Luis Potosí,9.2,16.4,23.7,18.6
2004-01-01,25,Sinaloa,11.6,19.3,27.0,77.2
2004-01-01,26,Sonora,6.4,14.6,22.8,33.8
2004-01-01,27,Tabasco,18.4,23.9,29.4,168.8
2004-01-01,28,Tamaulipas,13.7,19.4,25.2,30.5
2004-01-01,29,Tlaxcala,1.7,11.3,20.9,10.7
2004-01-01,30,Veracruz,14.7,20.0,25.3,44.6
2004-01-01,31,Yucatán,15.2,22.5,29.9,7.8
2004-01-01,32,Zacatecas,2.8,11.4,20.0,34.0
2004-02-01,0,Nacional,9.8,17.8,25.8,18.1
2004-02-01,1,Aguascalientes,4.2,13.6,23.1,1.4
2004-02-01,2,Baja California,7.0,13.1,19.2,82.3
2004-02-01,3,Baja California Sur,8.8,16.6,24.5,5.4
2004-02-01,4,Campeche,16.9,24.0,31.1,62.4
2004-02-01,5,Coahuila,6.9,15.4,23.8,15.6
2004-02-01,6,Colima,16.9,24.7,32.5,0.0
2004-02-01,7,Chiapas,15.6,23.0,30.4,42.3
2004-02-01,8,Chihuahua,3.3,11.4,19.5,18.7
2004-02-01,9,Ciudad de México,6.7,14.8,23.0,0.1
2004-02-01,10,Durango,4.3,13.0,21.7,6.7
2004-02-01,11,Guanajuato,4.9,14.5,24.1,0.2
2004-02-01,12,Guerrero,16.1,24.1,32.1,0.0
2004-02-01,13,Hidalgo,6.7,15.2,23.7,3.6
2004-02-01,14,Jalisco,7.8,17.3,26.8,0.3
2004-02-01,15,Estado de México,4.1,13.5,22.9,0.0
2004-02-01,16,Michoacán,7.1,16.2,25.3,0.0
2004-02-01,17,Morelos,10.4,19.4,28.3,0.0
2004-02-01,18,Nayarit,14.2,22.3,30.4,2.0
2004-02-01,19,Nuevo León,6.4,13.5,20.7,12.2
2004-02-01,20,Oaxaca,15.4,22.9,30.4,22.7
2004-02-01,21,Puebla,8.9,15.3,21.8,8.7
2004-02-01,22,Querétaro,8.0,16.5,25.1,0.0
2004-02-01,23,Quintana Roo,16.7,23.8,31.0,52.7
2004-02-01,24,San Luis Potosí,9.4,17.4,25.4,5.1
2004-02-01,25,Sinaloa,10.9,19.2,27.6,14.8
2004-02-01,26,Sonora,6.0,14.4,22.8,9.0
2004-02-01,27,Tabasco,19.0,24.3,29.5,108.6
2004-02-01,28,Tamaulipas,13.4,19.8,26.2,9.7
2004-02-01,29,Tlaxcala,2.8,12.7,22.6,1.3
2004-02-01,30,Veracruz,14.6,20.1,25.6,28.1
2004-02-01,31,Yucatán,17.0,24.3,31.6,24.6
2004-02-01,32,Zacatecas,3.6,12.3,21.1,2.8
2004-03-01,0,Nacional,11.9,20.2,28.5,32.0
2004-03-01,1,Aguascalientes,6.0,15.9,25.9,31.6
2004-03-01,2,Baja California,9.6,17.2,24.8,12.9
2004-03-01,3,Baja California Sur,10.4,19.0,27.7,4.4
2004-03-01,4,Campeche,19.2,26.6,34.0,19.2
2004-03-01,5,Coahuila,10.2,19.2,28.2,70.1
2004-03-01,6,Colima,16.7,24.8,32.9,3.0
2004-03-01,7,Chiapas,17.5,24.7,31.9,31.1
2004-03-01,8,Chihuahua,6.1,15.2,24.4,36.5
2004-03-01,9,Ciudad de México,8.2,16.5,24.8,23.0
2004-03-01,10,Durango,7.0,16.3,25.6,30.1
2004-03-01,11,Guanajuato,9.3,18.4,27.5,21.6
2004-03-01,12,Guerrero,17.5,25.6,33.6,7.4
2004-03-01,13,Hidalgo,8.5,17.0,25.5,35.0
2004-03-01,14,Jalisco,9.3,19.4,29.5,9.9
2004-03-01,15,Estado de México,6.5,15.5,24.5,0.0
2004-03-01,16,Michoacán,9.6,18.8,28.0,11.6
2004-03-01,17,Morelos,12.5,21.2,30.0,4.3
2004-03-01,18,Nayarit,13.9,23.3,32.7,0.3
2004-03-01,19,Nuevo León,9.4,16.2,23.1,85.3
2004-03-01,20,Oaxaca,16.8,24.1,31.4,26.4
2004-03-01,21,Puebla,11.3,17.6,24.0,66.2
2004-03-01,22,Querétaro,10.8,18.9,27.0,28.5
2004-03-01,23,Quintana Roo,18.7,25.6,32.5,62.0
2004-03-01,24,San Luis Potosí,12.5,20.5,28.5,0.0
2004-03-01,25,Sinaloa,12.0,21.4,30.9,11.3
2004-03-01,26,Sonora,8.8,18.9,28.9,13.6
2004-03-01,27,Tabasco,21.2,27.3,33.4,85.2
2004-03-01,28,Tamaulipas,16.7,23.0,29.4,59.3
2004-03-01,29,Tlaxcala,4.8,14.6,24.3,33.4
2004-03-01,30,Veracruz,16.6,22.8,29.1,69.1
2004-03-01,31,Yucatán,19.2,26.5,33.8,11.2
2004-03-01,32,Zacatecas,5.4,14.9,24.4,33.2
2004-04-01,0,Nacional,13.4,22.0,30.6,35.1
2004-04-01,1,Aguascalientes,8.3,18.7,29.0,0.0
2004-04-01,2,Baja California,10.3,17.9,25.5,5.4
2004-04-01,3,Baja California Sur,11.8,20.7,29.5,0.0
2004-04-01,4,Campeche,19.6,27.4,35.2,8.7
2004-04-01,5,Coahuila,13.0,22.3,31.6,81.6
2004-04-01,6,Colima,18.4,26.3,34.2,0.0
2004-04-01,7,Chiapas,17.8,25.3,32.7,42.8
2004-04-01,8,Chihuahua,9.0,18.2,27.4,25.5
2004-04-01,9,Ciudad de México,9.6,17.8,26.1,18.9
2004-04-01,10,Durango,9.5,19.1,28.8,7.4
2004-04-01,11,Guanajuato,10.0,19.4,28.9,4.4
2004-04-01,12,Guerrero,19.2,27.2,35.2,2.2
2004-04-01,13,Hidalgo,10.9,19.2,27.5,49.9
2004-04-01,14,Jalisco,11.5,21.8,32.2,0.2
2004-04-01,15,Estado de México,8.2,17.2,26.2,11.4
2004-04-01,16,Michoacán,12.0,21.2,30.5,0.6
2004-04-01,17,Morelos,14.2,23.1,32.0,5.4
2004-04-01,18,Nayarit,15.9,25.4,34.9,0.0
2004-04-01,19,Nuevo León,12.8,19.3,25.7,123.9
2004-04-01,20,Oaxaca,18.9,25.9,33.0,66.0
2004-04-01,21,Puebla,12.2,19.0,25.9,76.4
2004-04-01,22,Querétaro,12.6,21.1,29.7,9.0
2004-04-01,23,Quintana Roo,19.3,26.2,33.1,55.4
2004-04-01,24,San Luis Potosí,13.7,22.4,31.1,33.6
2004-04-01,25,Sinaloa,14.4,24.0,33.6,1.3
2004-04-01,26,Sonora,10.7,20.9,31.2,14.7
2004-04-01,27,Tabasco,21.7,28.2,34.7,122.6
2004-04-01,28,Tamaulipas,17.8,24.8,31.9,101.3
2004-04-01,29,Tlaxcala,6.6,16.1,25.7,45.9
2004-04-01,30,Veracruz,18.1,25.4,32.6,71.1
2004-04-01,31,Yucatán,19.7,27.1,34.6,69.9
2004-04-01,32,Zacatecas,7.3,17.3,27.4,1.4
2004-05-01,0,Nacional,15.4,23.6,31.7,53.2
2004-05-01,1,Aguascalientes,10.6,20.4,30.3,46.8
2004-05-01,2,Baja California,13.8,21.6,29.5,0.0
2004-05-01,3,Baja California Sur,13.9,22.8,31.7,0.0
2004-05-01,4,Campeche,21.0,28.0,35.1,184.1
2004-05-01,5,Coahuila,16.7,25.8,34.8,25.1
2004-05-01,6,Colima,19.9,27.3,34.7,10.3
2004-05-01,7,Chiapas,18.7,25.3,31.8,193.8
2004-05-01,8,Chihuahua,13.2,22.8,32.4,3.4
2004-05-01,9,Ciudad de México,9.9,17.7,25.6,48.2
2004-05-01,10,Durango,12.2,22.1,32.1,9.1
2004-05-01,11,Guanajuato,12.1,21.0,30.0,61.7
2004-05-01,12,Guerrero,20.0,27.5,35.1,107.4
2004-05-01,13,Hidalgo,12.0,19.8,27.6,59.7
2004-05-01,14,Jalisco,13.4,23.1,32.8,46.7
2004-05-01,15,Estado de México,9.1,17.4,25.8,60.4
2004-05-01,16,Michoacán,13.1,21.9,30.7,57.5
2004-05-01,17,Morelos,15.5,23.6,31.8,62.7
2004-05-01,18,Nayarit,17.8,27.1,36.4,1.7
2004-05-01,19,Nuevo León,14.2,20.9,27.7,27.7
2004-05-01,20,Oaxaca,20.5,26.8,33.0,87.4
2004-05-01,21,Puebla,13.5,19.8,26.0,93.8
2004-05-01,22,Querétaro,13.9,22.2,30.6,58.4
2004-05-01,23,Quintana Roo,21.2,27.3,33.5,115.2
2004-05-01,24,San Luis Potosí,16.0,24.0,32.1,84.6
2004-05-01,25,Sinaloa,17.1,26.7,36.2,0.2
2004-05-01,26,Sonora,14.8,25.5,36.3,2.6
2004-05-01,27,Tabasco,23.4,29.4,35.4,252.8
2004-05-01,28,Tamaulipas,20.8,27.0,33.2,76.7
2004-05-01,29,Tlaxcala,7.7,16.4,25.1,93.8
2004-05-01,30,Veracruz,20.7,27.0,33.2,143.4
2004-05-01,31,Yucatán,21.8,28.4,35.1,104.9
2004-05-01,32,Zacatecas,10.1,19.7,29.3,38.6
2004-06-01,0,Nacional,17.2,24.3,31.5,131.6
2004-06-01,1,Aguascalientes,12.6,21.0,29.4,216.3
2004-06-01,2,Baja California,15.5,23.2,30.9,0.0
2004-06-01,3,Baja California Sur,16.3,24.9,33.5,0.0
2004-06-01,4,Campeche,21.5,28.3,35.2,118.4
2004-06-01,5,Coahuila,19.0,27.6,36.2,85.6
2004-06-01,6,Colima,21.6,27.4,33.3,157.4
2004-06-01,7,Chiapas,18.9,24.9,31.0,250.2
2004-06-01,8,Chihuahua,16.3,25.4,34.6,74.9
2004-06-01,9,Ciudad de México,10.5,17.6,24.8,142.3
2004-06-01,10,Durango,14.8,23.9,33.0,78.9
2004-06-01,11,Guanajuato,12.9,19.9,27.0,199.8
2004-06-01,12,Guerrero,20.1,26.7,33.4,216.9
2004-06-01,13,Hidalgo,13.5,20.1,26.6,159.9
2004-06-01,14,Jalisco,15.8,23.5,31.2,273.1
2004-06-01,15,Estado de México,10.5,17.5,24.5,176.9
2004-06-01,16,Michoacán,14.6,21.9,29.1,206.8
2004-06-01,17,Morelos,16.1,22.6,29.1,234.0
2004-06-01,18,Nayarit,22.1,28.8,35.5,223.2
2004-06-01,19,Nuevo León,15.4,21.9,28.4,68.2
2004-06-01,20,Oaxaca,21.2,26.7,32.2,262.7
2004-06-01,21,Puebla,14.7,20.6,26.5,218.5
2004-06-01,22,Querétaro,15.3,22.0,28.7,181.3
2004-06-01,23,Quintana Roo,21.9,27.6,33.3,249.9
2004-06-01,24,San Luis Potosí,17.8,24.7,31.6,241.2
2004-06-01,25,Sinaloa,21.6,29.4,37.1,47.5
2004-06-01,26,Sonora,18.8,29.0,39.3,12.3
2004-06-01,27,Tabasco,24.0,29.9,35.8,118.8
2004-06-01,28,Tamaulipas,23.1,28.5,34.0,179.5
2004-06-01,29,Tlaxcala,8.9,16.7,24.4,129.7
2004-06-01,30,Veracruz,21.7,27.5,33.4,226.8
2004-06-01,31,Yucatán,22.6,28.8,35.1,134.6
2004-06-01,32,Zacatecas,12.4,20.5,28.6,164.7
2004-07-01,0,Nacional,17.3,24.0,30.7,134.6
2004-07-01,1,Aguascalientes,12.4,19.8,27.3,128.8
2004-07-01,2,Baja California,19.7,27.4,35.2,0.0
2004-07-01,3,Baja California Sur,20.1,27.9,35.8,18.9
2004-07-01,4,Campeche,21.3,27.8,34.3,196.2
2004-07-01,5,Coahuila,19.4,27.0,34.7,46.8
2004-07-01,6,Colima,21.9,27.5,33.2,205.6
2004-07-01,7,Chiapas,18.5,24.5,30.5,249.1
2004-07-01,8,Chihuahua,17.8,25.4,33.1,165.5
2004-07-01,9,Ciudad de México,10.1,16.8,23.5,115.7
2004-07-01,10,Durango,15.3,23.0,30.8,136.4
2004-07-01,11,Guanajuato,12.2,19.6,27.1,131.3
2004-07-01,12,Guerrero,19.3,25.6,31.9,177.2
2004-07-01,13,Hidalgo,12.4,18.9,25.5,78.3
2004-07-01,14,Jalisco,16.1,22.6,29.1,153.7
2004-07-01,15,Estado de México,9.8,16.7,23.5,119.8
2004-07-01,16,Michoacán,13.9,20.2,26.6,155.0
2004-07-01,17,Morelos,14.7,21.2,27.7,268.2
2004-07-01,18,Nayarit,22.6,28.0,33.4,348.1
2004-07-01,19,Nuevo León,15.8,23.9,32.0,50.1
2004-07-01,20,Oaxaca,20.7,26.3,31.9,219.6
2004-07-01,21,Puebla,14.0,20.2,26.4,187.1
2004-07-01,22,Querétaro,14.4,21.0,27.7,117.4
2004-07-01,23,Quintana Roo,21.8,27.5,33.3,100.0
2004-07-01,24,San Luis Potosí,17.3,24.2,31.1,106.9
2004-07-01,25,Sinaloa,23.9,30.0,36.1,187.5
2004-07-01,26,Sonora,22.5,30.8,39.0,152.3
2004-07-01,27,Tabasco,23.5,29.3,35.1,123.3
2004-07-01,28,Tamaulipas,22.9,28.4,34.0,44.7
2004-07-01,29,Tlaxcala,7.9,15.8,23.7,92.2
2004-07-01,30,Veracruz,20.0,25.8,31.6,144.2
2004-07-01,31,Yucatán,22.3,28.4,34.6,197.1
2004-07-01,32,Zacatecas,12.2,19.4,26.7,102.3
2004-08-01,0,Nacional,17.1,23.7,30.3,137.7
2004-08-01,1,Aguascalientes,12.1,19.2,26.3,94.0
2004-08-01,2,Baja California,19.4,26.9,34.4,1.4
2004-08-01,3,Baja California Sur,20.8,28.6,36.3,45.5
2004-08-01,4,Campeche,21.2,27.7,34.2,160.7
2004-08-01,5,Coahuila,18.9,26.2,33.5,77.1
2004-08-01,6,Colima,22.0,27.8,33.6,197.7
2004-08-01,7,Chiapas,18.7,24.7,30.8,195.7
2004-08-01,8,Chihuahua,17.0,24.0,31.1,132.1
2004-08-01,9,Ciudad de México,10.0,16.7,23.4,144.1
2004-08-01,10,Durango,14.5,21.6,28.8,130.3
2004-08-01,11,Guanajuato,12.6,19.9,27.3,166.3
2004-08-01,12,Guerrero,19.1,25.3,31.6,220.4
2004-08-01,13,Hidalgo,12.8,19.0,25.3,96.6
2004-08-01,14,Jalisco,15.9,22.3,28.7,232.9
2004-08-01,15,Estado de México,9.9,16.6,23.3,155.6
2004-08-01,16,Michoacán,13.9,20.0,26.2,186.7
2004-08-01,17,Morelos,14.0,20.6,27.2,238.1
2004-08-01,18,Nayarit,22.2,27.7,33.2,387.0
2004-08-01,19,Nuevo León,15.6,24.2,32.7,97.7
2004-08-01,20,Oaxaca,21.0,26.7,32.5,233.6
2004-08-01,21,Puebla,14.1,20.2,26.3,212.3
2004-08-01,22,Querétaro,14.9,21.2,27.5,94.6
2004-08-01,23,Quintana Roo,21.9,27.8,33.8,52.0
2004-08-01,24,San Luis Potosí,17.1,23.9,30.8,68.8
2004-08-01,25,Sinaloa,23.3,29.5,35.7,198.4
2004-08-01,26,Sonora,21.8,29.4,37.1,103.1
2004-08-01,27,Tabasco,23.5,29.3,35.1,222.8
2004-08-01,28,Tamaulipas,22.9,28.7,34.5,61.4
2004-08-01,29,Tlaxcala,7.8,15.6,23.5,78.3
2004-08-01,30,Veracruz,20.0,25.8,31.7,200.9
2004-08-01,31,Yucatán,22.4,28.7,35.0,151.1
2004-08-01,32,Zacatecas,11.9,18.9,25.9,126.4
2004-09-01,0,Nacional,16.6,23.2,29.8,161.7
2004-09-01,1,Aguascalientes,11.3,18.5,25.7,137.4
2004-09-01,2,Baja California,17.1,25.2,33.4,0.0
2004-09-01,3,Baja California Sur,20.2,27.8,35.4,59.0
2004-09-01,4,Campeche,20.9,27.1,33.3,211.2
2004-09-01,5,Coahuila,17.4,24.9,32.5,74.5
2004-09-01,6,Colima,21.8,27.4,33.0,289.8
2004-09-01,7,Chiapas,18.6,24.4,30.2,310.8
2004-09-01,8,Chihuahua,15.6,23.4,31.2,99.9
2004-09-01,9,Ciudad de México,9.6,16.4,23.1,150.7
2004-09-01,10,Durango,13.1,20.7,28.4,140.1
2004-09-01,11,Guanajuato,12.4,19.4,26.4,205.5
2004-09-01,12,Guerrero,18.9,25.0,31.2,196.6
2004-09-01,13,Hidalgo,12.1,18.4,24.7,55.1
2004-09-01,14,Jalisco,15.8,22.1,28.4,260.8
2004-09-01,15,Estado de México,9.6,16.2,22.7,133.6
2004-09-01,16,Michoacán,13.8,20.1,26.5,192.6
2004-09-01,17,Morelos,14.1,20.4,26.7,250.4
2004-09-01,18,Nayarit,22.4,27.8,33.1,305.0
2004-09-01,19,Nuevo León,14.2,21.7,29.2,269.3
2004-09-01,20,Oaxaca,20.9,26.4,32.0,195.7
2004-09-01,21,Puebla,13.5,19.3,25.2,232.3
2004-09-01,22,Querétaro,14.0,20.4,26.9,146.3
2004-09-01,23,Quintana Roo,21.6,27.4,33.3,208.2
2004-09-01,24,San Luis Potosí,16.4,22.9,29.5,178.0
2004-09-01,25,Sinaloa,23.4,29.5,35.6,155.9
2004-09-01,26,Sonora,20.1,28.3,36.5,156.9
2004-09-01,27,Tabasco,23.2,28.7,34.2,312.4
2004-09-01,28,Tamaulipas,22.0,27.8,33.6,130.5
2004-09-01,29,Tlaxcala,7.5,15.4,23.3,126.9
2004-09-01,30,Veracruz,19.6,25.3,31.0,204.1
2004-09-01,31,Yucatán,22.1,28.0,34.0,215.5
2004-09-01,32,Zacatecas,11.2,18.2,25.3,161.8
2004-10-01,0,Nacional,15.1,21.9,28.7,85.6
2004-10-01,1,Aguascalientes,9.3,17.8,26.3,22.0
2004-10-01,2,Baja California,13.1,20.1,27.2,147.9
2004-10-01,3,Baja California Sur,16.1,23.8,31.5,25.3
2004-10-01,4,Campeche,20.1,25.8,31.5,159.2
2004-10-01,5,Coahuila,14.5,22.5,30.4,38.8
2004-10-01,6,Colima,21.2,26.8,32.5,70.0
2004-10-01,7,Chiapas,18.0,23.8,29.6,235.2
2004-10-01,8,Chihuahua,11.4,19.6,27.8,69.9
2004-10-01,9,Ciudad de México,9.4,16.4,23.4,53.1
2004-10-01,10,Durango,10.5,19.1,27.7,26.9
2004-10-01,11,Guanajuato,11.4,19.1,26.8,42.1
2004-10-01,12,Guerrero,18.6,24.9,31.3,162.9
2004-10-01,13,Hidalgo,11.6,17.7,23.8,72.5
2004-10-01,14,Jalisco,14.4,21.6,28.9,27.1
2004-10-01,15,Estado de México,8.7,15.7,22.8,70.8
2004-10-01,16,Michoacán,13.0,19.7,26.5,66.8
2004-10-01,17,Morelos,13.8,20.2,26.7,112.8
2004-10-01,18,Nayarit,21.6,27.5,33.5,76.0
2004-10-01,19,Nuevo León,11.9,18.4,24.9,62.0
2004-10-01,20,Oaxaca,20.1,25.4,30.8,174.0
2004-10-01,21,Puebla,13.7,19.5,25.4,145.1
2004-10-01,22,Querétaro,12.8,19.5,26.2,39.2
2004-10-01,23,Quintana Roo,20.7,26.1,31.5,121.0
2004-10-01,24,San Luis Potosí,15.0,21.7,28.3,59.1
2004-10-01,25,Sinaloa,19.9,27.2,34.6,104.2
2004-10-01,26,Sonora,14.8,23.8,32.8,46.6
2004-10-01,27,Tabasco,22.8,27.7,32.5,190.0
2004-10-01,28,Tamaulipas,20.4,25.9,31.3,53.4
2004-10-01,29,Tlaxcala,6.7,14.9,23.0,90.5
2004-10-01,30,Veracruz,19.8,24.9,30.0,210.8
2004-10-01,31,Yucatán,21.0,26.4,31.8,88.3
2004-10-01,32,Zacatecas,9.0,17.1,25.2,19.2
2004-11-01,0,Nacional,11.2,19.1,27.0,32.5
2004-11-01,1,Aguascalientes,4.7,14.8,24.9,0.8
2004-11-01,2,Baja California,9.1,16.0,23.0,16.7
2004-11-01,3,Baja California Sur,12.1,20.4,28.6,1.9
2004-11-01,4,Campeche,17.9,24.0,30.2,76.7
2004-11-01,5,Coahuila,7.9,16.8,25.8,58.4
2004-11-01,6,Colima,18.9,26.0,33.1,0.9
2004-11-01,7,Chiapas,16.3,22.8,29.3,69.1
2004-11-01,8,Chihuahua,4.6,13.6,22.6,59.0
2004-11-01,9,Ciudad de México,6.6,14.9,23.2,6.1
2004-11-01,10,Durango,4.7,14.3,23.9,33.2
2004-11-01,11,Guanajuato,7.1,16.5,25.9,1.9
2004-11-01,12,Guerrero,16.8,24.2,31.5,4.0
2004-11-01,13,Hidalgo,7.5,14.8,22.2,8.0
2004-11-01,14,Jalisco,9.5,18.9,28.3,0.8
2004-11-01,15,Estado de México,5.8,14.6,23.4,4.9
2004-11-01,16,Michoacán,8.0,17.1,26.2,0.3
2004-11-01,17,Morelos,10.8,18.8,26.8,4.9
2004-11-01,18,Nayarit,16.8,24.5,32.3,21.1
2004-11-01,19,Nuevo León,8.9,18.2,27.4,16.1
2004-11-01,20,Oaxaca,17.7,23.8,29.9,17.1
2004-11-01,21,Puebla,10.5,17.2,24.0,14.5
2004-11-01,22,Querétaro,9.0,17.2,25.3,1.3
2004-11-01,23,Quintana Roo,18.7,24.6,30.6,46.2
2004-11-01,24,San Luis Potosí,10.6,18.5,26.4,7.7
2004-11-01,25,Sinaloa,13.8,22.6,31.4,61.2
2004-11-01,26,Sonora,8.2,18.0,27.8,19.1
2004-11-01,27,Tabasco,20.7,25.8,31.0,136.3
2004-11-01,28,Tamaulipas,16.0,22.4,28.8,15.0
2004-11-01,29,Tlaxcala,3.0,13.1,23.2,3.7
2004-11-01,30,Veracruz,15.9,21.7,27.6,81.4
2004-11-01,31,Yucatán,18.7,24.6,30.5,24.9
2004-11-01,32,Zacatecas,3.9,13.5,23.2,2.5
2004-12-01,0,Nacional,9.4,17.3,25.2,16.7
2004-12-01,1,Aguascalientes,3.0,12.6,22.3,0.1
2004-12-01,2,Baja California,6.7,13.5,20.4,80.7
2004-12-01,3,Baja California Sur,9.2,17.7,26.2,5.5
2004-12-01,4,Campeche,16.7,23.1,29.5,19.3
2004-12-01,5,Coahuila,4.5,13.4,22.3,1.5
2004-12-01,6,Colima,17.4,24.7,32.1,1.7
2004-12-01,7,Chiapas,15.7,22.4,29.1,48.0
2004-12-01,8,Chihuahua,2.0,11.0,20.0,21.6
2004-12-01,9,Ciudad de México,5.7,14.0,22.4,0.9
2004-12-01,10,Durango,2.8,12.0,21.3,2.1
2004-12-01,11,Guanajuato,5.2,14.0,22.9,7.5
2004-12-01,12,Guerrero,15.1,23.0,30.9,1.6
2004-12-01,13,Hidalgo,6.2,13.9,21.6,3.7
2004-12-01,14,Jalisco,7.5,16.9,26.4,10.6
2004-12-01,15,Estado de México,4.4,13.3,22.2,1.6
2004-12-01,16,Michoacán,7.3,16.3,25.4,8.4
2004-12-01,17,Morelos,8.6,16.9,25.3,0.1
2004-12-01,18,Nayarit,14.0,22.3,30.7,0.1
2004-12-01,19,Nuevo León,5.8,13.8,21.9,3.5
2004-12-01,20,Oaxaca,16.4,22.7,29.0,14.6
2004-12-01,21,Puebla,8.7,15.3,21.9,18.0
2004-12-01,22,Querétaro,8.2,16.0,23.9,3.4
2004-12-01,23,Quintana Roo,17.0,23.4,29.9,16.0
2004-12-01,24,San Luis Potosí,8.2,16.1,24.0,7.2
2004-12-01,25,Sinaloa,11.0,19.8,28.6,12.6
2004-12-01,26,Sonora,6.6,15.9,25.3,9.7
2004-12-01,27,Tabasco,19.8,24.7,29.6,122.5
2004-12-01,28,Tamaulipas,12.5,18.9,25.3,10.9
2004-12-01,29,Tlaxcala,1.9,11.7,21.5,0.0
2004-12-01,30,Veracruz,13.9,19.2,24.5,58.5
2004-12-01,31,Yucatán,17.2,23.5,29.8,9.0
2004-12-01,32,Zacatecas,2.4,11.5,20.6,1.9
2005-01-01,0,Nacional,9.4,17.5,25.6,25.0
2005-01-01,1,Aguascalientes,2.5,12.9,23.4,0.0
2005-01-01,2,Baja California,6.9,13.8,20.8,49.6
2005-01-01,3,Baja California Sur,9.8,17.6,25.4,2.7
2005-01-01,4,Campeche,16.3,23.0,29.6,3.9
2005-01-01,5,Coahuila,5.8,14.2,22.7,25.5
2005-01-01,6,Colima,18.4,25.3,32.3,23.0
2005-01-01,7,Chiapas,16.2,23.0,29.8,8.5
2005-01-01,8,Chihuahua,3.0,11.7,20.5,47.1
2005-01-01,9,Ciudad de México,5.7,13.5,21.4,5.9
2005-01-01,10,Durango,2.7,12.3,22.0,16.8
2005-01-01,11,Guanajuato,5.5,14.6,23.7,7.5
2005-01-01,12,Guerrero,15.9,23.8,31.7,18.0
2005-01-01,13,Hidalgo,6.2,14.4,22.7,15.6
2005-01-01,14,Jalisco,7.1,16.7,26.3,6.1
2005-01-01,15,Estado de México,2.9,12.1,21.4,9.4
2005-01-01,16,Michoacán,7.4,16.8,26.3,11.9
2005-01-01,17,Morelos,9.7,18.5,27.2,1.6
2005-01-01,18,Nayarit,13.4,22.5,31.7,3.1
2005-01-01,19,Nuevo León,5.5,14.1,22.8,18.1
2005-01-01,20,Oaxaca,15.0,21.8,28.6,17.9
2005-01-01,21,Puebla,8.4,15.2,22.0,13.6
2005-01-01,22,Querétaro,7.2,15.3,23.5,4.8
2005-01-01,23,Quintana Roo,17.4,23.4,29.5,16.8
2005-01-01,24,San Luis Potosí,8.9,17.1,25.3,10.5
2005-01-01,25,Sinaloa,11.5,20.2,29.0,16.6
2005-01-01,26,Sonora,6.1,14.9,23.8,63.9
2005-01-01,27,Tabasco,19.0,24.3,29.5,32.4
2005-01-01,28,Tamaulipas,13.0,19.6,26.3,14.4
2005-01-01,29,Tlaxcala,1.2,11.4,21.6,1.0
2005-01-01,30,Veracruz,14.8,20.2,25.7,38.5
2005-01-01,31,Yucatán,15.7,22.7,29.8,3.0
2005-01-01,32,Zacatecas,2.5,12.2,21.9,1.6
2005-02-01,0,Nacional,10.9,18.8,26.7,35.8
2005-02-01,1,Aguascalientes,5.5,15.2,24.9,46.7
2005-02-01,2,Baja California,7.9,14.2,20.5,90.3
2005-02-01,3,Baja California Sur,10.7,18.2,25.7,0.2
2005-02-01,4,Campeche,17.0,24.0,31.0,3.5
2005-02-01,5,Coahuila,7.5,15.7,23.9,38.7
2005-02-01,6,Colima,18.4,25.4,32.4,10.4
2005-02-01,7,Chiapas,16.1,23.5,30.9,19.7
2005-02-01,8,Chihuahua,4.7,13.0,21.3,50.7
2005-02-01,9,Ciudad de México,8.1,15.8,23.5,4.5
2005-02-01,10,Durango,5.2,14.5,23.8,20.5
2005-02-01,11,Guanajuato,7.2,16.0,24.8,12.8
2005-02-01,12,Guerrero,17.4,25.2,33.0,0.3
2005-02-01,13,Hidalgo,8.2,16.1,24.1,14.5
2005-02-01,14,Jalisco,10.0,19.0,28.0,16.7
2005-02-01,15,Estado de México,4.9,14.0,23.1,3.4
2005-02-01,16,Michoacán,9.9,18.9,27.8,10.4
2005-02-01,17,Morelos,12.1,20.6,29.1,0.1
2005-02-01,18,Nayarit,15.1,23.4,31.8,48.2
2005-02-01,19,Nuevo León,7.0,14.8,22.6,83.7
2005-02-01,20,Oaxaca,15.9,23.0,30.1,17.4
2005-02-01,21,Puebla,8.8,16.2,23.6,20.8
2005-02-01,22,Querétaro,9.5,17.6,25.7,5.5
2005-02-01,23,Quintana Roo,17.5,23.9,30.4,19.1
2005-02-01,24,San Luis Potosí,10.6,18.5,26.4,38.8
2005-02-01,25,Sinaloa,12.4,21.1,29.8,78.9
2005-02-01,26,Sonora,7.8,16.1,24.5,29.0
2005-02-01,27,Tabasco,19.6,25.0,30.5,48.1
2005-02-01,28,Tamaulipas,13.6,19.9,26.2,58.4
2005-02-01,29,Tlaxcala,2.8,12.9,23.0,4.3
2005-02-01,30,Veracruz,15.1,20.5,25.8,48.9
2005-02-01,31,Yucatán,17.1,24.3,31.5,6.1
2005-02-01,32,Zacatecas,5.3,14.2,23.2,46.2
2005-03-01,0,Nacional,11.9,20.4,28.9,13.0
2005-03-01,1,Aguascalientes,5.8,16.4,26.9,6.6
2005-03-01,2,Baja California,8.0,14.5,21.1,21.8
2005-03-01,3,Baja California Sur,10.6,18.7,26.9,0.0
2005-03-01,4,Campeche,19.3,26.7,34.1,7.9
2005-03-01,5,Coahuila,10.5,19.1,27.7,20.1
2005-03-01,6,Colima,16.9,24.2,31.6,3.1
2005-03-01,7,Chiapas,18.1,25.0,31.9,33.8
2005-03-01,8,Chihuahua,5.4,14.7,23.9,5.2
2005-03-01,9,Ciudad de México,8.6,17.2,25.7,3.9
2005-03-01,10,Durango,6.5,16.3,26.2,2.2
2005-03-01,11,Guanajuato,8.0,17.5,27.1,21.0
2005-03-01,12,Guerrero,17.8,26.0,34.3,2.8
2005-03-01,13,Hidalgo,8.2,17.3,26.4,11.3
2005-03-01,14,Jalisco,9.8,19.7,29.7,3.4
2005-03-01,15,Estado de México,6.7,16.0,25.4,4.5
2005-03-01,16,Michoacán,10.6,20.2,29.8,20.5
2005-03-01,17,Morelos,13.2,22.1,31.0,5.3
2005-03-01,18,Nayarit,13.6,22.9,32.3,2.4
2005-03-01,19,Nuevo León,10.1,18.2,26.2,30.6
2005-03-01,20,Oaxaca,17.6,25.0,32.3,11.2
2005-03-01,21,Puebla,9.5,17.4,25.4,22.2
2005-03-01,22,Querétaro,10.5,19.0,27.5,15.2
2005-03-01,23,Quintana Roo,19.7,25.9,32.2,12.7
2005-03-01,24,San Luis Potosí,12.5,21.2,30.0,21.0
2005-03-01,25,Sinaloa,11.7,21.4,31.0,4.2
2005-03-01,26,Sonora,8.0,17.5,27.1,2.5
2005-03-01,27,Tabasco,21.9,27.9,34.0,30.6
2005-03-01,28,Tamaulipas,16.6,23.4,30.2,28.7
2005-03-01,29,Tlaxcala,4.5,14.4,24.3,8.0
2005-03-01,30,Veracruz,16.6,23.3,29.9,28.6
2005-03-01,31,Yucatán,18.8,26.3,33.9,40.8
2005-03-01,32,Zacatecas,5.5,15.5,25.5,3.2
2005-04-01,0,Nacional,14.3,23.0,31.8,7.8
2005-04-01,1,Aguascalientes,9.3,20.2,31.2,0.0
2005-04-01,2,Baja California,9.8,17.0,24.3,4.7
2005-04-01,3,Baja California Sur,12.7,21.4,30.1,0.0
2005-04-01,4,Campeche,20.4,27.9,35.5,55.0
2005-04-01,5,Coahuila,14.7,23.5,32.4,2.3
2005-04-01,6,Colima,19.2,26.2,33.3,0.0
2005-04-01,7,Chiapas,18.9,26.3,33.7,47.4
2005-04-01,8,Chihuahua,9.4,19.1,28.9,0.3
2005-04-01,9,Ciudad de México,11.1,19.2,27.4,21.9
2005-04-01,10,Durango,10.0,20.4,30.9,0.3
2005-04-01,11,Guanajuato,11.0,21.0,31.0,3.9
2005-04-01,12,Guerrero,19.8,28.0,36.2,1.4
2005-04-01,13,Hidalgo,10.9,19.8,28.6,9.3
2005-04-01,14,Jalisco,12.5,22.9,33.2,0.0
2005-04-01,15,Estado de México,8.9,18.1,27.3,8.9
2005-04-01,16,Michoacán,13.6,23.3,33.0,1.0
2005-04-01,17,Morelos,15.2,24.1,33.0,6.3
2005-04-01,18,Nayarit,15.6,25.9,36.2,0.1
2005-04-01,19,Nuevo León,12.4,21.0,29.7,12.8
2005-04-01,20,Oaxaca,19.8,26.9,34.1,8.1
2005-04-01,21,Puebla,11.1,19.5,27.9,28.6
2005-04-01,22,Querétaro,13.7,22.4,31.2,5.5
2005-04-01,23,Quintana Roo,21.1,27.3,33.5,18.7
2005-04-01,24,San Luis Potosí,15.2,24.5,33.8,1.8
2005-04-01,25,Sinaloa,14.2,24.5,34.8,0.0
2005-04-01,26,Sonora,10.6,21.1,31.7,1.1
2005-04-01,27,Tabasco,22.7,29.1,35.5,19.7
2005-04-01,28,Tamaulipas,18.9,26.3,33.8,6.7
2005-04-01,29,Tlaxcala,6.3,16.5,26.7,51.1
2005-04-01,30,Veracruz,18.8,26.4,34.0,14.8
2005-04-01,31,Yucatán,20.2,28.0,35.9,26.9
2005-04-01,32,Zacatecas,8.8,19.4,30.0,0.0
2005-05-01,0,Nacional,16.0,24.0,32.1,41.5
2005-05-01,1,Aguascalientes,10.9,20.9,31.0,6.5
2005-05-01,2,Baja California,13.8,21.3,28.8,1.1
2005-05-01,3,Baja California Sur,15.1,23.4,31.7,0.0
2005-05-01,4,Campeche,21.7,28.8,35.9,81.8
2005-05-01,5,Coahuila,17.2,25.7,34.3,57.8
2005-05-01,6,Colima,19.8,26.7,33.6,0.2
2005-05-01,7,Chiapas,19.8,26.3,32.8,158.4
2005-05-01,8,Chihuahua,12.9,22.5,32.1,35.3
2005-05-01,9,Ciudad de México,11.1,18.6,26.0,23.1
2005-05-01,10,Durango,12.4,22.4,32.4,3.8
2005-05-01,11,Guanajuato,12.0,21.6,31.2,3.7
2005-05-01,12,Guerrero,20.5,28.0,35.6,14.6
2005-05-01,13,Hidalgo,12.6,20.2,27.9,44.4
2005-05-01,14,Jalisco,13.5,23.1,32.7,2.1
2005-05-01,15,Estado de México,9.8,17.9,26.0,16.3
2005-05-01,16,Michoacán,14.6,23.5,32.4,5.6
2005-05-01,17,Morelos,16.2,24.1,32.1,14.7
2005-05-01,18,Nayarit,17.6,27.0,36.4,0.0
2005-05-01,19,Nuevo León,13.3,21.6,30.0,78.9
2005-05-01,20,Oaxaca,20.7,27.1,33.6,86.9
2005-05-01,21,Puebla,12.6,19.7,26.7,65.2
2005-05-01,22,Querétaro,14.1,22.2,30.4,6.0
2005-05-01,23,Quintana Roo,22.9,28.3,33.8,121.3
2005-05-01,24,San Luis Potosí,17.2,25.3,33.5,66.0
2005-05-01,25,Sinaloa,17.3,26.7,36.2,1.0
2005-05-01,26,Sonora,15.0,25.4,35.8,5.0
2005-05-01,27,Tabasco,24.1,30.0,36.0,80.1
2005-05-01,28,Tamaulipas,21.6,27.8,34.1,63.7
2005-05-01,29,Tlaxcala,7.5,16.2,24.9,57.1
2005-05-01,30,Veracruz,21.3,27.8,34.3,79.4
2005-05-01,31,Yucatán,21.8,28.9,36.0,112.1
2005-05-01,32,Zacatecas,10.5,20.0,29.6,6.4
2005-06-01,0,Nacional,17.8,25.0,32.2,88.9
2005-06-01,1,Aguascalientes,13.0,22.0,31.0,35.5
2005-06-01,2,Baja California,17.2,24.6,32.0,0.2
2005-06-01,3,Baja California Sur,18.4,26.2,34.1,0.0
2005-06-01,4,Campeche,21.9,28.1,34.3,405.5
2005-06-01,5,Coahuila,20.1,28.5,36.8,7.4
2005-06-01,6,Colima,22.9,28.4,33.8,55.5
2005-06-01,7,Chiapas,19.9,25.5,31.2,413.4
2005-06-01,8,Chihuahua,16.4,25.3,34.1,11.7
2005-06-01,9,Ciudad de México,11.9,18.5,25.1,90.5
2005-06-01,10,Durango,15.0,24.0,33.0,4.7
2005-06-01,11,Guanajuato,13.7,22.5,31.2,23.4
2005-06-01,12,Guerrero,20.7,27.2,33.7,167.9
2005-06-01,13,Hidalgo,14.0,20.9,27.7,58.4
2005-06-01,14,Jalisco,16.4,24.4,32.4,48.2
2005-06-01,15,Estado de México,10.8,17.9,25.1,58.2
2005-06-01,16,Michoacán,16.3,23.9,31.6,67.9
2005-06-01,17,Morelos,16.3,23.0,29.8,76.6
2005-06-01,18,Nayarit,22.2,29.3,36.4,28.1
2005-06-01,19,Nuevo León,15.5,24.0,32.4,4.5
2005-06-01,20,Oaxaca,21.2,26.7,32.2,271.7
2005-06-01,21,Puebla,13.6,20.2,26.7,168.6
2005-06-01,22,Querétaro,15.1,22.1,29.2,11.8
2005-06-01,23,Quintana Roo,23.1,28.3,33.5,223.7
2005-06-01,24,San Luis Potosí,18.5,26.2,33.9,64.0
2005-06-01,25,Sinaloa,22.7,30.0,37.4,0.8
2005-06-01,26,Sonora,20.5,29.8,39.2,2.6
2005-06-01,27,Tabasco,24.0,29.3,34.7,412.7
2005-06-01,28,Tamaulipas,23.2,29.3,35.5,33.4
2005-06-01,29,Tlaxcala,8.3,16.8,25.2,48.8
2005-06-01,30,Veracruz,21.6,27.5,33.3,316.4
2005-06-01,31,Yucatán,22.6,28.6,34.6,222.1
2005-06-01,32,Zacatecas,12.7,21.3,30.0,21.8
2005-07-01,0,Nacional,18.2,24.6,31.1,172.1
2005-07-01,1,Aguascalientes,13.3,20.7,28.1,158.7
2005-07-01,2,Baja California,19.7,27.4,35.2,1.6
2005-07-01,3,Baja California Sur,22.0,29.0,36.1,11.9
2005-07-01,4,Campeche,21.9,27.9,33.9,222.5
2005-07-01,5,Coahuila,20.6,27.9,35.2,108.1
2005-07-01,6,Colima,23.3,28.3,33.3,179.3
2005-07-01,7,Chiapas,19.7,25.3,30.9,350.8
2005-07-01,8,Chihuahua,17.4,24.9,32.4,108.8
2005-07-01,9,Ciudad de México,11.5,17.7,23.8,158.8
2005-07-01,10,Durango,15.3,22.7,30.2,145.1
2005-07-01,11,Guanajuato,13.0,20.5,28.1,170.7
2005-07-01,12,Guerrero,20.0,26.1,32.3,295.0
2005-07-01,13,Hidalgo,13.9,20.1,26.2,102.9
2005-07-01,14,Jalisco,16.7,23.0,29.2,245.2
2005-07-01,15,Estado de México,10.3,16.8,23.3,145.5
2005-07-01,16,Michoacán,15.9,22.3,28.7,208.7
2005-07-01,17,Morelos,15.4,22.0,28.6,228.3
2005-07-01,18,Nayarit,22.7,28.4,34.2,342.4
2005-07-01,19,Nuevo León,16.0,23.9,31.8,329.9
2005-07-01,20,Oaxaca,20.7,26.2,31.8,336.8
2005-07-01,21,Puebla,13.3,19.5,25.6,193.5
2005-07-01,22,Querétaro,15.1,21.5,27.9,134.5
2005-07-01,23,Quintana Roo,23.4,28.4,33.4,127.7
2005-07-01,24,San Luis Potosí,18.3,25.0,31.7,221.2
2005-07-01,25,Sinaloa,24.3,30.5,36.7,164.0
2005-07-01,26,Sonora,23.4,31.1,38.7,71.7
2005-07-01,27,Tabasco,24.2,29.3,34.4,249.1
2005-07-01,28,Tamaulipas,23.4,29.1,34.9,271.7
2005-07-01,29,Tlaxcala,8.2,16.1,23.9,165.8
2005-07-01,30,Veracruz,20.3,25.6,30.9,242.2
2005-07-01,31,Yucatán,22.7,28.6,34.4,134.4
2005-07-01,32,Zacatecas,13.0,20.1,27.2,120.8
2005-08-01,0,Nacional,17.9,24.1,30.3,148.0
2005-08-01,1,Aguascalientes,12.9,19.6,26.3,166.7
2005-08-01,2,Baja California,20.1,27.0,34.0,5.8
2005-08-01,3,Baja California Sur,22.3,29.1,36.0,88.0
2005-08-01,4,Campeche,21.6,27.7,33.7,271.3
2005-08-01,5,Coahuila,20.3,27.4,34.5,53.9
2005-08-01,6,Colima,22.8,28.0,33.2,200.6
2005-08-01,7,Chiapas,19.8,25.4,31.1,338.9
2005-08-01,8,Chihuahua,16.4,23.1,29.9,107.9
2005-08-01,9,Ciudad de México,11.6,17.4,23.3,175.4
2005-08-01,10,Durango,14.8,21.6,28.5,108.3
2005-08-01,11,Guanajuato,12.8,19.8,26.8,187.8
2005-08-01,12,Guerrero,19.8,25.7,31.7,260.8
2005-08-01,13,Hidalgo,14.0,19.9,25.8,137.8
2005-08-01,14,Jalisco,16.4,22.3,28.1,182.3
2005-08-01,15,Estado de México,10.2,16.3,22.5,149.8
2005-08-01,16,Michoacán,15.6,21.6,27.7,204.2
2005-08-01,17,Morelos,14.6,21.0,27.5,210.6
2005-08-01,18,Nayarit,22.1,27.8,33.4,423.0
2005-08-01,19,Nuevo León,16.1,23.6,31.2,31.9
2005-08-01,20,Oaxaca,20.7,26.4,32.1,369.3
2005-08-01,21,Puebla,13.3,19.4,25.4,306.9
2005-08-01,22,Querétaro,15.3,21.1,26.8,137.2
2005-08-01,23,Quintana Roo,23.3,28.6,33.9,103.5
2005-08-01,24,San Luis Potosí,18.2,24.8,31.5,87.6
2005-08-01,25,Sinaloa,23.5,29.6,35.7,144.7
2005-08-01,26,Sonora,22.3,29.2,36.2,86.3
2005-08-01,27,Tabasco,23.8,29.0,34.3,261.2
2005-08-01,28,Tamaulipas,23.4,29.4,35.4,38.6
2005-08-01,29,Tlaxcala,8.0,15.8,23.6,161.7
2005-08-01,30,Veracruz,20.2,25.5,30.9,300.8
2005-08-01,31,Yucatán,22.6,28.5,34.5,134.1
2005-08-01,32,Zacatecas,12.4,19.0,25.5,138.0
2005-09-01,0,Nacional,17.3,23.7,30.0,101.5
2005-09-01,1,Aguascalientes,12.0,18.9,25.9,73.8
2005-09-01,2,Baja California,17.6,25.1,32.6,1.0
2005-09-01,3,Baja California Sur,21.3,28.4,35.5,44.4
2005-09-01,4,Campeche,21.4,27.4,33.4,303.6
2005-09-01,5,Coahuila,18.5,25.7,32.8,13.2
2005-09-01,6,Colima,22.6,27.7,32.8,192.8
2005-09-01,7,Chiapas,19.7,25.3,30.9,362.7
2005-09-01,8,Chihuahua,15.3,22.7,30.2,41.5
2005-09-01,9,Ciudad de México,11.4,17.5,23.6,64.1
2005-09-01,10,Durango,13.5,20.9,28.4,38.6
2005-09-01,11,Guanajuato,11.8,19.4,27.1,50.8
2005-09-01,12,Guerrero,19.7,25.6,31.5,219.8
2005-09-01,13,Hidalgo,13.6,19.5,25.4,72.6
2005-09-01,14,Jalisco,16.0,22.2,28.4,105.7
2005-09-01,15,Estado de México,9.9,16.3,22.7,71.6
2005-09-01,16,Michoacán,15.4,21.6,27.8,98.3
2005-09-01,17,Morelos,14.8,20.9,27.0,111.4
2005-09-01,18,Nayarit,22.2,27.8,33.4,210.5
2005-09-01,19,Nuevo León,14.3,21.4,28.6,67.5
2005-09-01,20,Oaxaca,20.8,26.3,31.9,239.0
2005-09-01,21,Puebla,13.0,19.0,25.1,129.7
2005-09-01,22,Querétaro,14.6,20.6,26.7,50.9
2005-09-01,23,Quintana Roo,23.2,28.6,34.0,113.1
2005-09-01,24,San Luis Potosí,17.6,24.1,30.7,115.7
2005-09-01,25,Sinaloa,23.7,29.7,35.7,73.4
2005-09-01,26,Sonora,20.3,28.2,36.0,24.5
2005-09-01,27,Tabasco,23.7,28.8,34.0,383.4
2005-09-01,28,Tamaulipas,22.5,28.4,34.3,70.8
2005-09-01,29,Tlaxcala,7.7,15.7,23.6,46.3
2005-09-01,30,Veracruz,20.1,25.5,31.0,243.4
2005-09-01,31,Yucatán,22.4,28.4,34.4,149.9
2005-09-01,32,Zacatecas,11.6,18.7,25.7,38.0
2005-10-01,0,Nacional,15.6,22.1,28.7,124.2
2005-10-01,1,Aguascalientes,9.9,17.9,25.9,14.0
2005-10-01,2,Baja California,13.5,20.5,27.6,7.6
2005-10-01,3,Baja California Sur,17.8,24.8,31.9,37.4
2005-10-01,4,Campeche,20.7,26.1,31.6,319.9
2005-10-01,5,Coahuila,15.4,22.5,29.6,140.8
2005-10-01,6,Colima,22.0,27.1,32.3,59.7
2005-10-01,7,Chiapas,19.3,24.7,30.1,315.0
2005-10-01,8,Chihuahua,11.0,19.3,27.6,42.9
2005-10-01,9,Ciudad de México,10.8,16.8,22.8,90.0
2005-10-01,10,Durango,10.8,19.0,27.2,30.5
2005-10-01,11,Guanajuato,10.2,18.3,26.5,27.9
2005-10-01,12,Guerrero,19.3,25.5,31.8,126.7
2005-10-01,13,Hidalgo,12.6,18.4,24.3,209.6
2005-10-01,14,Jalisco,14.5,21.3,28.1,50.1
2005-10-01,15,Estado de México,8.9,15.6,22.4,72.4
2005-10-01,16,Michoacán,14.4,21.0,27.6,56.7
2005-10-01,17,Morelos,14.3,20.7,27.1,56.8
2005-10-01,18,Nayarit,21.5,27.4,33.4,157.4
2005-10-01,19,Nuevo León,12.9,19.6,26.3,235.8
2005-10-01,20,Oaxaca,20.0,25.5,31.0,219.8
2005-10-01,21,Puebla,12.5,18.8,25.2,257.9
2005-10-01,22,Querétaro,13.1,19.4,25.8,60.6
2005-10-01,23,Quintana Roo,22.2,27.0,31.9,649.2
2005-10-01,24,San Luis Potosí,15.6,22.1,28.6,163.1
2005-10-01,25,Sinaloa,20.5,27.7,34.9,44.4
2005-10-01,26,Sonora,15.1,23.9,32.6,9.9
2005-10-01,27,Tabasco,23.1,27.7,32.2,160.9
2005-10-01,28,Tamaulipas,19.8,25.2,30.6,118.2
2005-10-01,29,Tlaxcala,6.6,14.9,23.3,124.3
2005-10-01,30,Veracruz,20.0,24.8,29.7,365.2
2005-10-01,31,Yucatán,21.3,26.7,32.1,201.2
2005-10-01,32,Zacatecas,9.5,17.2,24.9,32.8
2005-11-01,0,Nacional,11.7,19.3,26.9,16.8
2005-11-01,1,Aguascalientes,4.9,14.7,24.6,0.1
2005-11-01,2,Baja California,10.6,17.9,25.1,0.3
2005-11-01,3,Baja California Sur,13.7,21.8,30.0,4.8
2005-11-01,4,Campeche,18.1,23.9,29.8,81.4
2005-11-01,5,Coahuila,9.0,17.5,26.0,2.4
2005-11-01,6,Colima,20.1,26.3,32.4,0.7
2005-11-01,7,Chiapas,17.2,23.3,29.4,56.8
2005-11-01,8,Chihuahua,4.6,14.7,24.7,2.0
2005-11-01,9,Ciudad de México,7.4,14.4,21.5,6.2
2005-11-01,10,Durango,4.7,14.6,24.6,2.5
2005-11-01,11,Guanajuato,6.7,16.2,25.6,0.4
2005-11-01,12,Guerrero,17.3,24.3,31.2,0.6
2005-11-01,13,Hidalgo,8.3,15.1,22.0,12.7
2005-11-01,14,Jalisco,9.9,18.6,27.4,3.3
2005-11-01,15,Estado de México,5.1,13.2,21.3,8.0
2005-11-01,16,Michoacán,9.6,18.2,26.7,3.1
2005-11-01,17,Morelos,11.5,18.8,26.1,2.3
2005-11-01,18,Nayarit,16.8,24.9,33.1,0.1
2005-11-01,19,Nuevo León,8.3,15.9,23.6,16.1
2005-11-01,20,Oaxaca,17.5,23.5,29.5,27.7
2005-11-01,21,Puebla,9.4,16.3,23.3,33.0
2005-11-01,22,Querétaro,9.2,16.5,23.9,2.4
2005-11-01,23,Quintana Roo,19.1,24.6,30.1,35.9
2005-11-01,24,San Luis Potosí,11.1,18.6,26.1,10.5
2005-11-01,25,Sinaloa,15.1,24.2,33.4,6.7
2005-11-01,26,Sonora,9.4,19.6,29.9,0.4
2005-11-01,27,Tabasco,20.8,25.4,30.1,158.8
2005-11-01,28,Tamaulipas,15.0,21.5,28.0,13.9
2005-11-01,29,Tlaxcala,3.7,12.9,22.1,6.0
2005-11-01,30,Veracruz,16.0,21.3,26.7,103.5
2005-11-01,31,Yucatán,18.5,24.1,29.8,44.9
2005-11-01,32,Zacatecas,4.3,13.8,23.3,1.6
2005-12-01,0,Nacional,9.7,17.4,25.1,13.5
2005-12-01,1,Aguascalientes,3.1,12.8,22.5,0.7
2005-12-01,2,Baja California,6.8,14.2,21.6,0.6
2005-12-01,3,Baja California Sur,10.0,18.1,26.3,0.5
2005-12-01,4,Campeche,18.2,23.6,29.1,34.1
2005-12-01,5,Coahuila,5.3,13.3,21.3,0.9
2005-12-01,6,Colima,17.9,25.0,32.1,0.8
2005-12-01,7,Chiapas,16.8,23.0,29.2,85.3
2005-12-01,8,Chihuahua,1.3,10.6,19.8,9.1
2005-12-01,9,Ciudad de México,6.4,14.0,21.6,1.0
2005-12-01,10,Durango,2.3,11.5,20.7,0.5
2005-12-01,11,Guanajuato,5.3,15.0,24.7,0.1
2005-12-01,12,Guerrero,15.3,23.2,31.2,0.2
2005-12-01,13,Hidalgo,7.3,14.6,22.0,5.8
2005-12-01,14,Jalisco,7.5,16.6,25.7,0.9
2005-12-01,15,Estado de México,3.6,12.3,21.1,1.1
2005-12-01,16,Michoacán,8.2,17.4,26.5,0.9
2005-12-01,17,Morelos,10.0,18.1,26.2,0.2
2005-12-01,18,Nayarit,13.3,22.1,31.0,0.2
2005-12-01,19,Nuevo León,5.2,12.6,20.0,9.4
2005-12-01,20,Oaxaca,16.4,22.8,29.2,12.5
2005-12-01,21,Puebla,8.2,15.4,22.7,13.9
2005-12-01,22,Querétaro,7.9,15.6,23.3,0.6
2005-12-01,23,Quintana Roo,19.0,24.3,29.6,14.8
2005-12-01,24,San Luis Potosí,9.4,16.5,23.7,8.2
2005-12-01,25,Sinaloa,10.6,19.9,29.2,0.9
2005-12-01,26,Sonora,6.3,15.7,25.2,1.8
2005-12-01,27,Tabasco,20.3,24.5,28.7,199.0
2005-12-01,28,Tamaulipas,12.5,18.1,23.7,20.3
2005-12-01,29,Tlaxcala,1.8,11.6,21.4,3.0
2005-12-01,30,Veracruz,14.6,19.4,24.2,48.4
2005-12-01,31,Yucatán,18.5,23.8,29.1,32.0
2005-12-01,32,Zacatecas,3.0,11.8,20.7,4.1
2006-01-01,0,Nacional,9.8,17.4,25.0,18.0
2006-01-01,1,Aguascalientes,3.5,13.3,23.0,4.8
2006-01-01,2,Baja California,5.8,12.7,19.7,2.8
2006-01-01,3,Baja California Sur,9.8,16.9,24.1,20.2
2006-01-01,4,Campeche,18.3,23.8,29.3,31.0
2006-01-01,5,Coahuila,5.3,12.7,20.1,8.1
2006-01-01,6,Colima,18.2,25.1,32.1,3.9
2006-01-01,7,Chiapas,17.5,23.7,29.9,78.4
2006-01-01,8,Chihuahua,1.8,10.2,18.6,1.7
2006-01-01,9,Ciudad de México,7.5,14.8,22.0,2.2
2006-01-01,10,Durango,1.9,11.3,20.7,13.3
2006-01-01,11,Guanajuato,6.0,15.5,25.1,23.8
2006-01-01,12,Guerrero,16.6,24.5,32.3,0.3
2006-01-01,13,Hidalgo,6.6,14.4,22.3,12.3
2006-01-01,14,Jalisco,8.3,16.9,25.6,2.3
2006-01-01,15,Estado de México,3.3,12.2,21.1,3.1
2006-01-01,16,Michoacán,8.4,17.4,26.5,15.6
2006-01-01,17,Morelos,11.0,19.9,28.9,0.0
2006-01-01,18,Nayarit,12.9,21.7,30.5,0.5
2006-01-01,19,Nuevo León,6.2,13.5,20.9,2.1
2006-01-01,20,Oaxaca,16.3,22.6,29.0,40.0
2006-01-01,21,Puebla,7.9,15.3,22.7,29.8
2006-01-01,22,Querétaro,8.1,15.8,23.5,17.3
2006-01-01,23,Quintana Roo,20.4,24.9,29.5,53.0
2006-01-01,24,San Luis Potosí,9.3,16.7,24.2,14.3
2006-01-01,25,Sinaloa,10.3,18.9,27.5,1.7
2006-01-01,26,Sonora,4.7,13.3,22.0,0.5
2006-01-01,27,Tabasco,19.8,23.9,28.0,215.2
2006-01-01,28,Tamaulipas,10.5,16.8,23.1,2.4
2006-01-01,29,Tlaxcala,2.4,12.0,21.6,1.9
2006-01-01,30,Veracruz,14.5,19.3,24.1,59.0
2006-01-01,31,Yucatán,17.9,23.7,29.5,50.1
2006-01-01,32,Zacatecas,3.5,12.5,21.6,17.0
2006-02-01,0,Nacional,10.8,18.8,26.9,7.2
2006-02-01,1,Aguascalientes,4.5,14.9,25.3,0.5
2006-02-01,2,Baja California,7.4,14.4,21.4,16.4
2006-02-01,3,Baja California Sur,10.9,18.5,26.1,40.8
2006-02-01,4,Campeche,18.0,24.0,30.0,7.4
2006-02-01,5,Coahuila,7.4,15.3,23.3,0.8
2006-02-01,6,Colima,17.1,24.7,32.4,0.0
2006-02-01,7,Chiapas,17.0,24.1,31.3,47.3
2006-02-01,8,Chihuahua,3.6,13.0,22.5,1.2
2006-02-01,9,Ciudad de México,9.1,16.4,23.7,1.2
2006-02-01,10,Durango,3.9,14.0,24.2,0.0
2006-02-01,11,Guanajuato,8.8,18.1,27.4,0.1
2006-02-01,12,Guerrero,18.0,25.6,33.3,0.0
2006-02-01,13,Hidalgo,8.0,16.1,24.1,2.5
2006-02-01,14,Jalisco,9.7,19.2,28.6,0.0
2006-02-01,15,Estado de México,4.4,13.5,22.7,1.6
2006-02-01,16,Michoacán,9.6,18.9,28.2,0.1
2006-02-01,17,Morelos,12.3,21.4,30.5,0.0
2006-02-01,18,Nayarit,13.6,23.1,32.6,0.0
2006-02-01,19,Nuevo León,8.3,16.1,23.9,8.6
2006-02-01,20,Oaxaca,16.6,23.2,29.9,5.0
2006-02-01,21,Puebla,7.9,16.3,24.8,35.0
2006-02-01,22,Querétaro,9.2,17.3,25.3,0.3
2006-02-01,23,Quintana Roo,20.2,24.9,29.7,31.0
2006-02-01,24,San Luis Potosí,10.8,18.7,26.7,3.6
2006-02-01,25,Sinaloa,11.5,20.9,30.3,0.0
2006-02-01,26,Sonora,6.7,16.1,25.4,1.7
2006-02-01,27,Tabasco,19.8,24.5,29.3,102.4
2006-02-01,28,Tamaulipas,12.1,18.7,25.3,2.6
2006-02-01,29,Tlaxcala,3.1,12.9,22.7,0.0
2006-02-01,30,Veracruz,14.9,20.3,25.6,31.1
2006-02-01,31,Yucatán,17.8,24.1,30.3,1.2
2006-02-01,32,Zacatecas,4.2,14.4,24.6,0.3
2006-03-01,0,Nacional,12.4,20.9,29.4,11.1
2006-03-01,1,Aguascalientes,6.5,17.5,28.5,0.1
2006-03-01,2,Baja California,8.3,15.4,22.4,48.0
2006-03-01,3,Baja California Sur,11.6,19.8,27.9,0.1
2006-03-01,4,Campeche,19.2,26.1,32.9,8.4
2006-03-01,5,Coahuila,12.2,19.8,27.5,2.8
2006-03-01,6,Colima,17.6,25.2,32.9,0.0
2006-03-01,7,Chiapas,18.3,25.2,32.2,32.2
2006-03-01,8,Chihuahua,6.2,16.1,26.1,7.4
2006-03-01,9,Ciudad de México,9.6,17.6,25.6,11.8
2006-03-01,10,Durango,6.4,16.9,27.4,0.7
2006-03-01,11,Guanajuato,10.2,19.9,29.7,3.5
2006-03-01,12,Guerrero,18.5,26.7,35.0,0.6
2006-03-01,13,Hidalgo,8.3,17.2,26.2,21.4
2006-03-01,14,Jalisco,11.6,21.3,30.9,0.4
2006-03-01,15,Estado de México,6.0,15.4,24.7,6.8
2006-03-01,16,Michoacán,10.9,20.7,30.4,2.9
2006-03-01,17,Morelos,14.4,23.6,32.9,0.7
2006-03-01,18,Nayarit,13.9,24.2,34.5,0.0
2006-03-01,19,Nuevo León,13.5,21.1,28.7,14.9
2006-03-01,20,Oaxaca,18.1,25.4,32.8,4.9
2006-03-01,21,Puebla,8.2,17.0,25.9,28.0
2006-03-01,22,Querétaro,10.3,18.4,26.6,7.9
2006-03-01,23,Quintana Roo,20.3,25.5,30.8,20.6
2006-03-01,24,San Luis Potosí,13.3,22.1,30.9,18.0
2006-03-01,25,Sinaloa,11.9,22.1,32.3,1.3
2006-03-01,26,Sonora,8.7,18.6,28.5,2.4
2006-03-01,27,Tabasco,21.0,26.7,32.3,79.0
2006-03-01,28,Tamaulipas,16.8,23.2,29.7,23.1
2006-03-01,29,Tlaxcala,4.4,14.5,24.7,29.0
2006-03-01,30,Veracruz,16.9,22.9,28.9,23.0
2006-03-01,31,Yucatán,18.0,25.3,32.6,39.6
2006-03-01,32,Zacatecas,6.3,16.9,27.6,0.2
2006-04-01,0,Nacional,14.6,23.0,31.4,10.2
2006-04-01,1,Aguascalientes,9.1,19.9,30.7,0.7
2006-04-01,2,Baja California,10.1,17.0,24.0,20.5
2006-04-01,3,Baja California Sur,13.5,21.4,29.3,0.4
2006-04-01,4,Campeche,21.1,28.2,35.4,5.9
2006-04-01,5,Coahuila,15.3,22.9,30.6,16.6
2006-04-01,6,Colima,18.4,25.9,33.5,0.0
2006-04-01,7,Chiapas,20.0,27.3,34.7,49.2
2006-04-01,8,Chihuahua,9.3,19.2,29.2,0.5
2006-04-01,9,Ciudad de México,12.1,19.3,26.5,27.6
2006-04-01,10,Durango,9.4,19.9,30.4,1.3
2006-04-01,11,Guanajuato,12.9,22.8,32.7,12.7
2006-04-01,12,Guerrero,19.9,28.1,36.3,3.0
2006-04-01,13,Hidalgo,10.8,19.2,27.7,26.6
2006-04-01,14,Jalisco,13.6,23.1,32.6,3.3
2006-04-01,15,Estado de México,8.2,17.0,25.7,24.6
2006-04-01,16,Michoacán,13.1,22.6,32.2,6.4
2006-04-01,17,Morelos,15.9,24.8,33.7,7.8
2006-04-01,18,Nayarit,15.9,26.1,36.4,0.0
2006-04-01,19,Nuevo León,16.2,23.8,31.5,21.7
2006-04-01,20,Oaxaca,20.2,27.2,34.2,15.5
2006-04-01,21,Puebla,10.4,19.3,28.2,27.5
2006-04-01,22,Querétaro,13.8,22.2,30.6,17.1
2006-04-01,23,Quintana Roo,22.3,27.4,32.5,6.2
2006-04-01,24,San Luis Potosí,16.7,25.0,33.3,23.3
2006-04-01,25,Sinaloa,14.1,24.2,34.3,0.0
2006-04-01,26,Sonora,11.9,21.5,31.1,0.0
2006-04-01,27,Tabasco,22.5,28.7,35.0,17.1
2006-04-01,28,Tamaulipas,19.1,25.8,32.5,14.5
2006-04-01,29,Tlaxcala,6.2,16.1,26.0,45.4
2006-04-01,30,Veracruz,18.7,25.0,31.4,25.1
2006-04-01,31,Yucatán,20.0,28.0,35.9,0.6
2006-04-01,32,Zacatecas,9.0,19.5,30.0,1.6
2006-05-01,0,Nacional,16.5,24.2,32.0,48.9
2006-05-01,1,Aguascalientes,11.3,21.3,31.4,39.9
2006-05-01,2,Baja California,13.7,20.8,27.9,11.4
2006-05-01,3,Baja California Sur,15.8,23.8,31.8,0.7
2006-05-01,4,Campeche,22.1,28.9,35.7,112.9
2006-05-01,5,Coahuila,17.8,25.2,32.6,24.8
2006-05-01,6,Colima,19.9,27.0,34.1,12.0
2006-05-01,7,Chiapas,21.1,27.5,34.0,229.7
2006-05-01,8,Chihuahua,12.6,22.4,32.3,12.7
2006-05-01,9,Ciudad de México,12.7,19.2,25.7,75.7
2006-05-01,10,Durango,11.5,21.4,31.3,20.0
2006-05-01,11,Guanajuato,13.8,22.4,31.0,92.8
2006-05-01,12,Guerrero,21.2,28.6,36.0,54.3
2006-05-01,13,Hidalgo,12.5,20.1,27.6,79.0
2006-05-01,14,Jalisco,15.3,23.9,32.5,19.7
2006-05-01,15,Estado de México,9.6,17.2,24.9,76.1
2006-05-01,16,Michoacán,15.0,23.5,32.0,70.6
2006-05-01,17,Morelos,16.9,24.8,32.8,46.0
2006-05-01,18,Nayarit,18.4,27.9,37.5,0.4
2006-05-01,19,Nuevo León,17.8,24.9,31.9,59.1
2006-05-01,20,Oaxaca,21.5,27.8,34.1,88.0
2006-05-01,21,Puebla,12.0,19.6,27.3,119.9
2006-05-01,22,Querétaro,14.3,22.0,29.8,105.4
2006-05-01,23,Quintana Roo,23.4,28.2,33.1,82.5
2006-05-01,24,San Luis Potosí,18.6,26.2,33.8,69.1
2006-05-01,25,Sinaloa,16.9,26.7,36.6,1.3
2006-05-01,26,Sonora,15.2,25.5,35.8,0.1
2006-05-01,27,Tabasco,23.4,29.3,35.2,161.3
2006-05-01,28,Tamaulipas,21.5,27.7,33.8,58.5
2006-05-01,29,Tlaxcala,8.0,16.3,24.6,146.2
2006-05-01,30,Veracruz,20.2,26.2,32.3,82.9
2006-05-01,31,Yucatán,21.6,28.6,35.7,103.8
2006-05-01,32,Zacatecas,11.0,20.5,30.1,21.2
2006-06-01,0,Nacional,18.5,25.5,32.6,104.9
2006-06-01,1,Aguascalientes,13.5,21.7,29.9,50.0
2006-06-01,2,Baja California,17.3,25.0,32.7,0.0
2006-06-01,3,Baja California Sur,20.0,27.3,34.7,0.0
2006-06-01,4,Campeche,22.4,28.4,34.4,303.8
2006-06-01,5,Coahuila,20.7,27.8,35.0,25.4
2006-06-01,6,Colima,23.5,29.0,34.6,97.7
2006-06-01,7,Chiapas,20.6,26.3,32.0,447.0
2006-06-01,8,Chihuahua,16.6,25.1,33.6,83.6
2006-06-01,9,Ciudad de México,13.0,19.0,25.1,105.6
2006-06-01,10,Durango,14.7,22.9,31.1,94.0
2006-06-01,11,Guanajuato,14.7,22.1,29.6,71.1
2006-06-01,12,Guerrero,20.8,27.2,33.6,273.5
2006-06-01,13,Hidalgo,13.3,20.3,27.4,29.3
2006-06-01,14,Jalisco,17.6,24.3,31.1,146.6
2006-06-01,15,Estado de México,9.6,16.8,23.9,67.3
2006-06-01,16,Michoacán,16.0,23.1,30.2,114.8
2006-06-01,17,Morelos,16.6,23.3,30.0,141.5
2006-06-01,18,Nayarit,22.8,29.8,36.8,73.5
2006-06-01,19,Nuevo León,20.3,27.5,34.8,29.4
2006-06-01,20,Oaxaca,21.5,27.2,32.9,167.8
2006-06-01,21,Puebla,12.7,19.7,26.8,146.5
2006-06-01,22,Querétaro,14.4,21.6,28.8,31.4
2006-06-01,23,Quintana Roo,24.1,28.7,33.4,62.8
2006-06-01,24,San Luis Potosí,19.4,26.6,33.8,37.8
2006-06-01,25,Sinaloa,23.4,30.6,37.8,39.3
2006-06-01,26,Sonora,21.4,30.2,39.1,17.3
2006-06-01,27,Tabasco,23.2,28.7,34.3,507.6
2006-06-01,28,Tamaulipas,22.7,28.9,35.1,55.2
2006-06-01,29,Tlaxcala,8.5,16.7,24.9,96.4
2006-06-01,30,Veracruz,20.0,25.7,31.4,226.4
2006-06-01,31,Yucatán,22.5,28.8,35.0,128.8
2006-06-01,32,Zacatecas,13.1,20.9,28.6,44.8
2006-07-01,0,Nacional,18.9,25.3,31.6,149.7
2006-07-01,1,Aguascalientes,13.6,20.6,27.6,147.1
2006-07-01,2,Baja California,20.1,27.2,34.3,1.5
2006-07-01,3,Baja California Sur,22.9,29.4,35.9,8.5
2006-07-01,4,Campeche,22.3,28.5,34.7,198.9
2006-07-01,5,Coahuila,20.8,27.3,33.8,31.6
2006-07-01,6,Colima,23.1,28.4,33.8,247.5
2006-07-01,7,Chiapas,20.5,26.3,32.1,356.7
2006-07-01,8,Chihuahua,16.9,24.2,31.5,140.1
2006-07-01,9,Ciudad de México,12.9,18.5,24.2,168.6
2006-07-01,10,Durango,15.0,22.1,29.1,103.8
2006-07-01,11,Guanajuato,14.7,21.5,28.3,124.8
2006-07-01,12,Guerrero,20.3,26.6,32.9,290.1
2006-07-01,13,Hidalgo,14.0,20.1,26.3,80.6
2006-07-01,14,Jalisco,17.1,23.0,28.9,187.0
2006-07-01,15,Estado de México,10.0,16.3,22.6,137.9
2006-07-01,16,Michoacán,15.6,22.1,28.6,157.4
2006-07-01,17,Morelos,16.0,22.4,28.8,183.9
2006-07-01,18,Nayarit,22.4,28.7,34.9,296.0
2006-07-01,19,Nuevo León,21.0,27.5,34.0,83.4
2006-07-01,20,Oaxaca,21.0,26.5,32.1,291.8
2006-07-01,21,Puebla,12.6,19.2,25.9,191.4
2006-07-01,22,Querétaro,14.1,20.7,27.3,87.3
2006-07-01,23,Quintana Roo,24.7,29.3,33.8,157.5
2006-07-01,24,San Luis Potosí,19.5,25.9,32.4,100.2
2006-07-01,25,Sinaloa,23.8,30.2,36.7,199.6
2006-07-01,26,Sonora,23.2,30.3,37.4,106.2
2006-07-01,27,Tabasco,23.5,29.1,34.7,252.3
2006-07-01,28,Tamaulipas,23.2,28.9,34.7,93.3
2006-07-01,29,Tlaxcala,8.9,16.3,23.8,129.8
2006-07-01,30,Veracruz,19.9,25.2,30.6,325.9
2006-07-01,31,Yucatán,22.5,28.7,34.9,118.6
2006-07-01,32,Zacatecas,13.0,19.6,26.2,109.1
2006-08-01,0,Nacional,18.9,25.1,31.3,159.6
2006-08-01,1,Aguascalientes,13.1,20.0,27.0,158.3
2006-08-01,2,Baja California,20.7,27.6,34.4,0.0
2006-08-01,3,Baja California Sur,23.5,29.7,35.8,18.0
2006-08-01,4,Campeche,22.2,28.1,33.9,300.2
2006-08-01,5,Coahuila,21.2,27.9,34.7,75.7
2006-08-01,6,Colima,22.6,27.7,32.8,204.2
2006-08-01,7,Chiapas,20.6,26.2,31.8,285.1
2006-08-01,8,Chihuahua,16.7,23.6,30.5,190.0
2006-08-01,9,Ciudad de México,13.1,18.4,23.8,215.7
2006-08-01,10,Durango,14.9,21.7,28.5,169.1
2006-08-01,11,Guanajuato,14.8,20.9,26.9,222.2
2006-08-01,12,Guerrero,20.3,26.2,32.1,239.7
2006-08-01,13,Hidalgo,13.6,19.7,25.9,137.8
2006-08-01,14,Jalisco,17.2,22.7,28.2,257.4
2006-08-01,15,Estado de México,9.9,16.0,22.1,170.4
2006-08-01,16,Michoacán,15.4,21.6,27.7,206.1
2006-08-01,17,Morelos,16.3,22.5,28.7,210.4
2006-08-01,18,Nayarit,22.4,28.1,33.7,292.9
2006-08-01,19,Nuevo León,21.2,28.0,34.8,52.0
2006-08-01,20,Oaxaca,21.3,26.8,32.3,221.9
2006-08-01,21,Puebla,12.4,19.0,25.6,203.7
2006-08-01,22,Querétaro,14.7,20.7,26.7,166.3
2006-08-01,23,Quintana Roo,24.3,29.2,34.1,178.0
2006-08-01,24,San Luis Potosí,19.6,26.0,32.4,107.1
2006-08-01,25,Sinaloa,23.5,29.5,35.6,249.1
2006-08-01,26,Sonora,22.6,29.2,35.8,111.3
2006-08-01,27,Tabasco,23.4,28.5,33.6,260.8
2006-08-01,28,Tamaulipas,23.4,29.4,35.4,45.0
2006-08-01,29,Tlaxcala,8.6,16.2,23.8,178.4
2006-08-01,30,Veracruz,20.2,25.4,30.6,211.3
2006-08-01,31,Yucatán,22.4,28.3,34.1,135.4
2006-08-01,32,Zacatecas,12.6,19.1,25.6,81.0
2006-09-01,0,Nacional,18.1,24.2,30.3,147.3
2006-09-01,1,Aguascalientes,12.4,19.5,26.6,129.7
2006-09-01,2,Baja California,17.8,25.0,32.2,1.3
2006-09-01,3,Baja California Sur,22.3,28.3,34.3,35.5
2006-09-01,4,Campeche,22.1,27.8,33.5,171.0
2006-09-01,5,Coahuila,19.4,25.7,31.9,82.8
2006-09-01,6,Colima,22.3,27.3,32.3,351.6
2006-09-01,7,Chiapas,20.6,26.1,31.5,339.4
2006-09-01,8,Chihuahua,15.2,22.2,29.2,106.3
2006-09-01,9,Ciudad de México,12.0,17.9,23.8,153.6
2006-09-01,10,Durango,13.8,20.7,27.7,123.1
2006-09-01,11,Guanajuato,14.6,20.8,27.1,113.1
2006-09-01,12,Guerrero,20.2,25.9,31.7,246.1
2006-09-01,13,Hidalgo,13.0,19.2,25.3,169.0
2006-09-01,14,Jalisco,16.6,22.4,28.2,163.2
2006-09-01,15,Estado de México,9.8,16.0,22.1,124.6
2006-09-01,16,Michoacán,15.0,21.3,27.5,160.1
2006-09-01,17,Morelos,16.0,22.1,28.2,197.2
2006-09-01,18,Nayarit,22.1,27.6,33.2,276.6
2006-09-01,19,Nuevo León,19.2,25.3,31.4,217.5
2006-09-01,20,Oaxaca,21.2,26.5,31.8,226.9
2006-09-01,21,Puebla,12.5,18.9,25.4,213.9
2006-09-01,22,Querétaro,14.4,20.4,26.3,86.4
2006-09-01,23,Quintana Roo,24.3,29.1,34.0,88.0
2006-09-01,24,San Luis Potosí,19.0,25.0,31.1,143.7
2006-09-01,25,Sinaloa,23.1,28.8,34.5,152.5
2006-09-01,26,Sonora,20.4,27.3,34.1,77.1
2006-09-01,27,Tabasco,23.1,28.2,33.2,307.7
2006-09-01,28,Tamaulipas,22.4,28.0,33.7,195.9
2006-09-01,29,Tlaxcala,8.7,16.1,23.5,117.7
2006-09-01,30,Veracruz,20.2,25.2,30.3,241.0
2006-09-01,31,Yucatán,22.3,28.2,34.0,107.6
2006-09-01,32,Zacatecas,11.9,18.8,25.8,95.8
2006-10-01,0,Nacional,15.7,22.5,29.4,88.2
2006-10-01,1,Aguascalientes,10.3,18.4,26.5,85.5
2006-10-01,2,Baja California,13.6,20.8,28.1,0.7
2006-10-01,3,Baja California Sur,18.9,25.7,32.4,6.6
2006-10-01,4,Campeche,21.6,26.8,32.1,231.3
2006-10-01,5,Coahuila,15.9,22.8,29.8,23.2
2006-10-01,6,Colima,20.5,26.5,32.6,164.6
2006-10-01,7,Chiapas,20.4,25.4,30.5,323.5
2006-10-01,8,Chihuahua,10.5,19.2,27.9,34.6
2006-10-01,9,Ciudad de México,11.6,17.2,22.8,77.4
2006-10-01,10,Durango,9.7,18.3,26.9,36.5
2006-10-01,11,Guanajuato,12.9,19.7,26.4,91.0
2006-10-01,12,Guerrero,19.8,25.9,32.0,148.0
2006-10-01,13,Hidalgo,11.4,17.8,24.3,79.6
2006-10-01,14,Jalisco,15.2,21.6,28.1,93.0
2006-10-01,15,Estado de México,7.3,14.2,21.2,74.1
2006-10-01,16,Michoacán,13.6,20.6,27.6,133.9
2006-10-01,17,Morelos,14.9,21.7,28.4,82.5
2006-10-01,18,Nayarit,21.3,27.7,34.2,54.2
2006-10-01,19,Nuevo León,16.4,23.1,29.8,55.5
2006-10-01,20,Oaxaca,20.4,25.7,31.0,107.2
2006-10-01,21,Puebla,11.2,18.2,25.2,109.0
2006-10-01,22,Querétaro,11.9,18.7,25.5,51.6
2006-10-01,23,Quintana Roo,23.5,28.0,32.4,157.9
2006-10-01,24,San Luis Potosí,16.3,23.0,29.7,104.2
2006-10-01,25,Sinaloa,20.0,27.6,35.2,74.8
2006-10-01,26,Sonora,14.8,23.7,32.5,33.5
2006-10-01,27,Tabasco,22.6,27.0,31.4,404.0
2006-10-01,28,Tamaulipas,19.0,25.0,31.1,105.6
2006-10-01,29,Tlaxcala,7.4,15.5,23.7,83.7
2006-10-01,30,Veracruz,18.7,23.9,29.0,188.6
2006-10-01,31,Yucatán,21.7,27.1,32.5,81.5
2006-10-01,32,Zacatecas,9.2,17.2,25.2,59.4
2006-11-01,0,Nacional,11.9,19.4,27.0,30.5
2006-11-01,1,Aguascalientes,4.9,14.8,24.7,22.3
2006-11-01,2,Baja California,11.0,18.1,25.2,1.7
2006-11-01,3,Baja California Sur,15.0,22.2,29.4,0.0
2006-11-01,4,Campeche,18.8,24.3,29.9,91.3
2006-11-01,5,Coahuila,10.2,17.9,25.6,1.7
2006-11-01,6,Colima,20.3,26.5,32.7,20.3
2006-11-01,7,Chiapas,18.1,24.0,29.9,94.4
2006-11-01,8,Chihuahua,5.4,15.0,24.6,0.0
2006-11-01,9,Ciudad de México,8.4,15.1,21.8,38.7
2006-11-01,10,Durango,4.5,14.5,24.6,0.2
2006-11-01,11,Guanajuato,8.8,16.9,25.0,15.2
2006-11-01,12,Guerrero,17.3,24.3,31.3,38.8
2006-11-01,13,Hidalgo,8.1,15.5,22.8,37.6
2006-11-01,14,Jalisco,11.0,19.0,27.1,8.9
2006-11-01,15,Estado de México,4.0,12.3,20.7,31.9
2006-11-01,16,Michoacán,9.7,18.4,27.1,18.0
2006-11-01,17,Morelos,11.4,19.5,27.6,17.0
2006-11-01,18,Nayarit,17.3,25.5,33.7,0.4
2006-11-01,19,Nuevo León,11.3,18.3,25.4,30.8
2006-11-01,20,Oaxaca,17.8,23.8,29.8,69.4
2006-11-01,21,Puebla,8.1,15.9,23.6,83.3
2006-11-01,22,Querétaro,8.8,16.3,23.9,15.2
2006-11-01,23,Quintana Roo,19.9,25.0,30.1,153.4
2006-11-01,24,San Luis Potosí,12.5,19.5,26.5,59.2
2006-11-01,25,Sinaloa,15.7,24.3,33.0,0.0
2006-11-01,26,Sonora,10.3,19.7,29.0,1.1
2006-11-01,27,Tabasco,20.5,25.0,29.6,149.8
2006-11-01,28,Tamaulipas,15.0,21.2,27.4,21.3
2006-11-01,29,Tlaxcala,4.0,13.2,22.4,46.1
2006-11-01,30,Veracruz,16.3,21.3,26.4,136.3
2006-11-01,31,Yucatán,18.4,24.1,29.7,64.9
2006-11-01,32,Zacatecas,4.6,14.2,23.8,8.8
2006-12-01,0,Nacional,9.7,17.2,24.8,32.4
2006-12-01,1,Aguascalientes,3.8,13.4,23.1,16.2
2006-12-01,2,Baja California,6.9,13.7,20.6,6.2
2006-12-01,3,Baja California Sur,10.9,17.7,24.5,0.1
2006-12-01,4,Campeche,18.6,24.0,29.5,71.4
2006-12-01,5,Coahuila,6.7,14.0,21.4,27.2
2006-12-01,6,Colima,18.1,25.1,32.1,1.0
2006-12-01,7,Chiapas,17.3,23.3,29.4,71.3
2006-12-01,8,Chihuahua,1.6,10.6,19.5,28.9
2006-12-01,9,Ciudad de México,7.7,14.7,21.6,4.3
2006-12-01,10,Durango,2.5,11.8,21.1,19.9
2006-12-01,11,Guanajuato,5.9,14.8,23.7,9.6
2006-12-01,12,Guerrero,16.2,24.0,31.7,0.3
2006-12-01,13,Hidalgo,7.4,15.0,22.6,19.4
2006-12-01,14,Jalisco,8.7,17.4,26.1,9.7
2006-12-01,15,Estado de México,3.1,11.7,20.3,0.7
2006-12-01,16,Michoacán,7.3,16.7,26.1,4.1
2006-12-01,17,Morelos,11.5,19.6,27.8,0.2
2006-12-01,18,Nayarit,14.1,22.9,31.6,7.5
2006-12-01,19,Nuevo León,8.1,15.5,22.9,39.3
2006-12-01,20,Oaxaca,16.2,22.4,28.6,31.8
2006-12-01,21,Puebla,7.2,15.2,23.1,33.8
2006-12-01,22,Querétaro,7.8,15.7,23.6,4.0
2006-12-01,23,Quintana Roo,20.4,25.0,29.6,141.0
2006-12-01,24,San Luis Potosí,11.4,18.2,25.0,39.5
2006-12-01,25,Sinaloa,11.3,19.7,28.0,12.2
2006-12-01,26,Sonora,5.6,13.9,22.3,7.7
2006-12-01,27,Tabasco,20.1,24.5,29.0,219.0
2006-12-01,28,Tamaulipas,12.6,18.4,24.3,52.8
2006-12-01,29,Tlaxcala,2.5,12.3,22.1,1.4
2006-12-01,30,Veracruz,15.6,20.3,25.1,103.6
2006-12-01,31,Yucatán,18.5,23.9,29.3,59.1
2006-12-01,32,Zacatecas,3.6,12.8,22.0,16.2
2007-01-01,0,Nacional,9.1,16.5,23.9,36.0
2007-01-01,1,Aguascalientes,3.7,13.2,22.8,17.2
2007-01-01,2,Baja California,5.4,11.6,17.9,12.8
2007-01-01,3,Baja California Sur,9.5,16.5,23.4,6.1
2007-01-01,4,Campeche,18.4,24.0,29.6,76.3
2007-01-01,5,Coahuila,4.9,11.9,19.0,47.1
2007-01-01,6,Colima,17.5,24.7,32.0,14.1
2007-01-01,7,Chiapas,16.7,23.1,29.4,104.0
2007-01-01,8,Chihuahua,1.6,9.5,17.4,58.4
2007-01-01,9,Ciudad de México,7.9,14.9,22.0,5.2
2007-01-01,10,Durango,1.7,11.0,20.4,10.3
2007-01-01,11,Guanajuato,7.5,15.4,23.5,11.5
2007-01-01,12,Guerrero,16.3,24.1,32.0,1.0
2007-01-01,13,Hidalgo,6.9,14.6,22.3,9.4
2007-01-01,14,Jalisco,8.9,17.3,25.8,17.5
2007-01-01,15,Estado de México,3.6,12.1,20.7,5.0
2007-01-01,16,Michoacán,8.2,17.3,26.3,11.5
2007-01-01,17,Morelos,11.3,20.1,29.0,2.6
2007-01-01,18,Nayarit,12.6,21.5,30.4,21.0
2007-01-01,19,Nuevo León,5.9,12.4,19.0,28.1
2007-01-01,20,Oaxaca,16.1,22.2,28.3,9.0
2007-01-01,21,Puebla,7.1,14.8,22.4,18.9
2007-01-01,22,Querétaro,7.8,15.7,23.6,1.6
2007-01-01,23,Quintana Roo,20.3,24.9,29.5,64.4
2007-01-01,24,San Luis Potosí,9.8,16.7,23.5,15.3
2007-01-01,25,Sinaloa,9.7,18.2,26.6,22.5
2007-01-01,26,Sonora,5.0,12.7,20.5,26.6
2007-01-01,27,Tabasco,19.6,23.8,28.0,363.9
2007-01-01,28,Tamaulipas,10.2,15.9,21.5,38.3
2007-01-01,29,Tlaxcala,2.6,12.1,21.7,9.6
2007-01-01,30,Veracruz,14.5,19.0,23.6,53.8
2007-01-01,31,Yucatán,18.0,23.8,29.6,28.4
2007-01-01,32,Zacatecas,3.2,12.4,21.6,19.0
2007-02-01,0,Nacional,9.9,18.3,26.7,21.2
2007-02-01,1,Aguascalientes,3.8,14.4,25.1,16.2
2007-02-01,2,Baja California,6.8,13.6,20.5,28.6
2007-02-01,3,Baja California Sur,9.8,17.6,25.4,0.6
2007-02-01,4,Campeche,19.1,25.1,31.2,88.3
2007-02-01,5,Coahuila,7.9,16.3,24.8,1.2
2007-02-01,6,Colima,15.8,23.9,32.1,0.3
2007-02-01,7,Chiapas,17.3,24.3,31.4,31.6
2007-02-01,8,Chihuahua,2.2,12.2,22.1,0.2
2007-02-01,9,Ciudad de México,9.0,16.3,23.7,21.9
2007-02-01,10,Durango,2.9,13.3,23.8,0.0
2007-02-01,11,Guanajuato,7.6,16.3,25.1,22.8
2007-02-01,12,Guerrero,17.1,25.1,33.1,0.9
2007-02-01,13,Hidalgo,7.9,16.3,24.7,48.8
2007-02-01,14,Jalisco,8.5,18.4,28.4,7.9
2007-02-01,15,Estado de México,4.0,13.3,22.6,13.3
2007-02-01,16,Michoacán,8.0,17.8,27.6,12.4
2007-02-01,17,Morelos,11.5,21.3,31.1,2.4
2007-02-01,18,Nayarit,12.6,22.6,32.6,1.4
2007-02-01,19,Nuevo León,8.8,17.3,25.8,16.0
2007-02-01,20,Oaxaca,16.8,23.3,29.8,26.6
2007-02-01,21,Puebla,8.2,16.5,24.8,44.4
2007-02-01,22,Querétaro,8.2,16.8,25.5,20.5
2007-02-01,23,Quintana Roo,21.4,25.9,30.4,102.8
2007-02-01,24,San Luis Potosí,10.5,19.0,27.5,61.9
2007-02-01,25,Sinaloa,10.2,19.8,29.4,0.3
2007-02-01,26,Sonora,5.6,15.2,24.8,0.2
2007-02-01,27,Tabasco,20.2,25.1,30.1,127.3
2007-02-01,28,Tamaulipas,12.7,19.6,26.4,37.1
2007-02-01,29,Tlaxcala,3.9,13.7,23.4,18.1
2007-02-01,30,Veracruz,15.3,20.8,26.4,73.9
2007-02-01,31,Yucatán,18.7,24.9,31.1,73.9
2007-02-01,32,Zacatecas,3.1,13.6,24.2,3.4
2007-03-01,0,Nacional,11.4,20.1,28.9,10.2
2007-03-01,1,Aguascalientes,5.4,16.5,27.6,0.0
2007-03-01,2,Baja California,8.7,16.4,24.0,3.4
2007-03-01,3,Baja California Sur,11.3,19.7,28.1,0.0
2007-03-01,4,Campeche,18.5,25.5,32.5,9.6
2007-03-01,5,Coahuila,11.2,19.4,27.5,28.9
2007-03-01,6,Colima,16.2,24.7,33.2,0.0
2007-03-01,7,Chiapas,17.9,25.1,32.3,33.4
2007-03-01,8,Chihuahua,5.2,15.5,25.9,3.4
2007-03-01,9,Ciudad de México,10.2,17.4,24.7,18.9
2007-03-01,10,Durango,5.0,15.7,26.5,0.0
2007-03-01,11,Guanajuato,9.6,19.0,28.5,2.4
2007-03-01,12,Guerrero,18.3,24.9,31.4,0.2
2007-03-01,13,Hidalgo,8.3,17.2,26.1,20.1
2007-03-01,14,Jalisco,10.6,20.5,30.4,0.1
2007-03-01,15,Estado de México,5.6,14.5,23.4,17.0
2007-03-01,16,Michoacán,10.1,19.9,29.8,3.8
2007-03-01,17,Morelos,14.7,23.6,32.5,1.5
2007-03-01,18,Nayarit,12.9,23.7,34.6,0.0
2007-03-01,19,Nuevo León,11.9,20.2,28.6,7.6
2007-03-01,20,Oaxaca,17.7,24.8,31.9,8.1
2007-03-01,21,Puebla,9.1,17.5,26.0,21.9
2007-03-01,22,Querétaro,9.5,17.6,25.7,7.2
2007-03-01,23,Quintana Roo,20.7,25.7,30.7,24.1
2007-03-01,24,San Luis Potosí,12.5,21.5,30.6,16.1
2007-03-01,25,Sinaloa,11.0,21.4,31.8,0.1
2007-03-01,26,Sonora,8.2,18.7,29.1,5.0
2007-03-01,27,Tabasco,20.0,25.4,30.8,55.8
2007-03-01,28,Tamaulipas,15.5,22.4,29.3,21.9
2007-03-01,29,Tlaxcala,4.4,14.7,25.0,6.9
2007-03-01,30,Veracruz,16.4,22.3,28.2,18.5
2007-03-01,31,Yucatán,18.7,25.4,32.0,26.2
2007-03-01,32,Zacatecas,5.2,15.9,26.6,0.2
2007-04-01,0,Nacional,14.1,22.6,31.2,16.0
2007-04-01,1,Aguascalientes,8.2,19.2,30.3,1.3
2007-04-01,2,Baja California,10.2,17.7,25.2,5.6
2007-04-01,3,Baja California Sur,13.2,21.4,29.5,0.0
2007-04-01,4,Campeche,20.8,28.0,35.2,16.9
2007-04-01,5,Coahuila,14.5,22.4,30.3,21.8
2007-04-01,6,Colima,18.1,26.0,33.9,0.0
2007-04-01,7,Chiapas,20.0,27.1,34.2,58.5
2007-04-01,8,Chihuahua,8.2,18.6,28.9,0.5
2007-04-01,9,Ciudad de México,12.6,19.4,26.2,22.8
2007-04-01,10,Durango,7.9,18.8,29.7,0.2
2007-04-01,11,Guanajuato,12.2,21.2,30.2,8.8
2007-04-01,12,Guerrero,15.7,24.7,33.7,16.4
2007-04-01,13,Hidalgo,11.9,20.0,28.1,33.5
2007-04-01,14,Jalisco,13.1,22.7,32.3,1.9
2007-04-01,15,Estado de México,8.3,16.7,25.1,28.5
2007-04-01,16,Michoacán,12.7,22.3,31.9,7.4
2007-04-01,17,Morelos,16.1,24.9,33.7,5.3
2007-04-01,18,Nayarit,15.2,25.9,36.5,0.0
2007-04-01,19,Nuevo León,15.6,23.1,30.7,43.9
2007-04-01,20,Oaxaca,20.1,26.8,33.6,29.4
2007-04-01,21,Puebla,11.4,19.5,27.7,49.6
2007-04-01,22,Querétaro,13.3,21.5,29.7,39.9
2007-04-01,23,Quintana Roo,22.0,27.0,32.1,13.7
2007-04-01,24,San Luis Potosí,16.4,24.3,32.2,50.6
2007-04-01,25,Sinaloa,13.5,23.9,34.3,0.0
2007-04-01,26,Sonora,11.7,21.7,31.8,0.3
2007-04-01,27,Tabasco,22.0,28.0,34.1,31.3
2007-04-01,28,Tamaulipas,18.4,24.9,31.3,32.2
2007-04-01,29,Tlaxcala,6.8,16.5,26.2,38.7
2007-04-01,30,Veracruz,18.8,24.6,30.5,41.7
2007-04-01,31,Yucatán,19.8,27.3,34.9,12.2
2007-04-01,32,Zacatecas,7.9,18.5,29.2,2.2
2007-05-01,0,Nacional,16.4,24.4,32.4,38.8
2007-05-01,1,Aguascalientes,11.2,21.3,31.5,9.3
2007-05-01,2,Baja California,12.7,19.9,27.1,0.6
2007-05-01,3,Baja California Sur,15.4,23.2,31.0,0.0
2007-05-01,4,Campeche,22.5,29.6,36.6,23.9
2007-05-01,5,Coahuila,18.1,25.5,32.8,97.7
2007-05-01,6,Colima,19.8,27.1,34.4,0.0
2007-05-01,7,Chiapas,21.0,27.6,34.2,148.0
2007-05-01,8,Chihuahua,11.9,21.7,31.6,11.8
2007-05-01,9,Ciudad de México,13.0,19.6,26.2,58.5
2007-05-01,10,Durango,11.0,20.9,30.9,2.8
2007-05-01,11,Guanajuato,14.1,22.7,31.4,22.4
2007-05-01,12,Guerrero,22.5,28.2,34.0,41.9
2007-05-01,13,Hidalgo,13.3,21.0,28.7,44.8
2007-05-01,14,Jalisco,15.7,24.3,33.0,2.6
2007-05-01,15,Estado de México,9.2,17.0,24.8,55.7
2007-05-01,16,Michoacán,14.5,23.3,32.1,19.6
2007-05-01,17,Morelos,16.7,24.8,32.9,37.5
2007-05-01,18,Nayarit,18.1,27.7,37.3,0.1
2007-05-01,19,Nuevo León,19.2,26.0,32.9,130.3
2007-05-01,20,Oaxaca,21.3,27.5,33.7,52.3
2007-05-01,21,Puebla,12.7,20.3,27.9,75.0
2007-05-01,22,Querétaro,14.2,22.1,30.0,25.8
2007-05-01,23,Quintana Roo,23.6,28.4,33.3,117.0
2007-05-01,24,San Luis Potosí,19.0,26.6,34.2,70.3
2007-05-01,25,Sinaloa,16.7,26.2,35.8,0.0
2007-05-01,26,Sonora,14.8,24.7,34.7,0.5
2007-05-01,27,Tabasco,23.2,29.3,35.5,29.0
2007-05-01,28,Tamaulipas,21.9,27.2,32.5,71.0
2007-05-01,29,Tlaxcala,8.1,17.0,25.9,76.9
2007-05-01,30,Veracruz,20.5,26.5,32.5,40.3
2007-05-01,31,Yucatán,21.9,29.1,36.4,88.0
2007-05-01,32,Zacatecas,10.6,20.5,30.3,3.1
2007-06-01,0,Nacional,19.0,26.1,33.2,96.4
2007-06-01,1,Aguascalientes,14.4,22.1,29.8,247.5
2007-06-01,2,Baja California,15.7,23.8,32.0,0.0
2007-06-01,3,Baja California Sur,19.3,26.5,33.7,0.0
2007-06-01,4,Campeche,22.6,28.4,34.3,112.9
2007-06-01,5,Coahuila,21.1,28.2,35.3,85.5
2007-06-01,6,Colima,22.6,28.3,34.0,69.9
2007-06-01,7,Chiapas,20.3,25.8,31.4,256.6
2007-06-01,8,Chihuahua,17.1,25.9,34.7,47.3
2007-06-01,9,Ciudad de México,13.0,19.0,25.1,98.8
2007-06-01,10,Durango,14.9,23.4,31.9,107.5
2007-06-01,11,Guanajuato,14.7,22.0,29.4,180.9
2007-06-01,12,Guerrero,20.7,27.3,33.8,132.6
2007-06-01,13,Hidalgo,13.4,20.1,26.9,94.1
2007-06-01,14,Jalisco,17.3,24.1,30.9,191.9
2007-06-01,15,Estado de México,9.4,16.4,23.4,125.0
2007-06-01,16,Michoacán,15.2,22.4,29.6,136.0
2007-06-01,17,Morelos,16.8,23.5,30.2,190.2
2007-06-01,18,Nayarit,22.3,28.9,35.5,121.3
2007-06-01,19,Nuevo León,21.1,28.0,34.9,103.3
2007-06-01,20,Oaxaca,21.2,26.5,31.8,125.0
2007-06-01,21,Puebla,12.6,19.4,26.2,130.8
2007-06-01,22,Querétaro,14.5,21.5,28.5,127.8
2007-06-01,23,Quintana Roo,24.1,28.5,32.8,94.8
2007-06-01,24,San Luis Potosí,19.5,26.1,32.6,163.1
2007-06-01,25,Sinaloa,23.2,29.9,36.7,39.2
2007-06-01,26,Sonora,21.0,30.0,39.0,12.4
2007-06-01,27,Tabasco,23.0,28.3,33.6,87.5
2007-06-01,28,Tamaulipas,23.1,28.9,34.7,135.9
2007-06-01,29,Tlaxcala,8.5,16.4,24.3,112.1
2007-06-01,30,Veracruz,20.1,25.4,30.8,105.5
2007-06-01,31,Yucatán,22.4,28.3,34.2,76.7
2007-06-01,32,Zacatecas,13.2,20.9,28.6,175.7
2007-07-01,0,Nacional,18.9,25.1,31.2,149.7
2007-07-01,1,Aguascalientes,13.1,19.7,26.3,161.7
2007-07-01,2,Baja California,19.7,26.3,32.9,0.0
2007-07-01,3,Baja California Sur,22.0,28.3,34.7,82.2
2007-07-01,4,Campeche,22.0,28.3,34.7,119.7
2007-07-01,5,Coahuila,20.1,26.3,32.4,132.4
2007-07-01,6,Colima,22.1,27.4,32.7,273.7
2007-07-01,7,Chiapas,19.9,25.5,31.2,279.3
2007-07-01,8,Chihuahua,16.7,23.6,30.6,117.2
2007-07-01,9,Ciudad de México,12.5,18.0,23.6,191.0
2007-07-01,10,Durango,14.9,21.8,28.6,138.5
2007-07-01,11,Guanajuato,14.4,20.9,27.5,258.2
2007-07-01,12,Guerrero,19.7,25.8,31.8,242.4
2007-07-01,13,Hidalgo,13.6,19.5,25.5,127.5
2007-07-01,14,Jalisco,16.6,22.3,28.0,242.5
2007-07-01,15,Estado de México,9.7,15.8,22.0,206.8
2007-07-01,16,Michoacán,14.5,20.9,27.3,188.5
2007-07-01,17,Morelos,15.6,21.6,27.5,188.3
2007-07-01,18,Nayarit,21.7,27.4,33.2,296.3
2007-07-01,19,Nuevo León,20.5,26.2,32.0,114.6
2007-07-01,20,Oaxaca,20.3,25.5,30.8,267.6
2007-07-01,21,Puebla,12.3,18.6,25.0,190.5
2007-07-01,22,Querétaro,13.5,19.8,26.0,187.4
2007-07-01,23,Quintana Roo,24.2,28.8,33.4,39.1
2007-07-01,24,San Luis Potosí,19.0,24.9,30.9,182.3
2007-07-01,25,Sinaloa,23.4,29.5,35.5,146.8
2007-07-01,26,Sonora,22.6,29.1,35.7,103.8
2007-07-01,27,Tabasco,22.8,28.3,33.8,105.5
2007-07-01,28,Tamaulipas,22.6,27.7,32.9,236.2
2007-07-01,29,Tlaxcala,8.8,15.6,22.5,135.3
2007-07-01,30,Veracruz,19.5,24.8,30.1,131.6
2007-07-01,31,Yucatán,22.0,28.1,34.1,102.3
2007-07-01,32,Zacatecas,12.6,18.8,25.0,102.3
2007-08-01,0,Nacional,19.3,25.4,31.6,179.4
2007-08-01,1,Aguascalientes,13.2,20.0,26.9,57.6
2007-08-01,2,Baja California,20.7,27.4,34.2,0.0
2007-08-01,3,Baja California Sur,22.7,28.9,35.2,49.4
2007-08-01,4,Campeche,22.4,28.6,34.8,325.1
2007-08-01,5,Coahuila,20.8,27.3,33.8,25.9
2007-08-01,6,Colima,22.4,27.4,32.5,329.8
2007-08-01,7,Chiapas,20.3,25.8,31.3,459.1
2007-08-01,8,Chihuahua,16.7,23.4,30.2,120.5
2007-08-01,9,Ciudad de México,13.0,18.5,24.1,196.9
2007-08-01,10,Durango,14.9,21.6,28.3,67.6
2007-08-01,11,Guanajuato,14.0,20.5,27.1,137.6
2007-08-01,12,Guerrero,20.0,25.9,31.8,416.3
2007-08-01,13,Hidalgo,13.8,19.9,26.1,241.1
2007-08-01,14,Jalisco,16.4,22.4,28.4,171.5
2007-08-01,15,Estado de México,10.1,16.4,22.7,184.3
2007-08-01,16,Michoacán,14.7,21.2,27.7,235.1
2007-08-01,17,Morelos,17.0,23.1,29.2,175.5
2007-08-01,18,Nayarit,22.2,27.7,33.3,370.1
2007-08-01,19,Nuevo León,21.4,27.5,33.6,122.1
2007-08-01,20,Oaxaca,21.1,26.3,31.5,306.1
2007-08-01,21,Puebla,12.5,19.0,25.6,365.2
2007-08-01,22,Querétaro,14.2,20.4,26.5,100.9
2007-08-01,23,Quintana Roo,24.4,29.4,34.4,198.9
2007-08-01,24,San Luis Potosí,19.6,25.7,31.9,336.9
2007-08-01,25,Sinaloa,23.6,29.4,35.1,192.5
2007-08-01,26,Sonora,22.5,28.8,35.2,88.9
2007-08-01,27,Tabasco,23.2,28.3,33.5,469.2
2007-08-01,28,Tamaulipas,23.4,28.9,34.4,219.3
2007-08-01,29,Tlaxcala,9.0,16.4,23.9,139.9
2007-08-01,30,Veracruz,20.5,25.7,30.9,346.1
2007-08-01,31,Yucatán,22.5,28.6,34.7,208.9
2007-08-01,32,Zacatecas,12.6,19.0,25.4,60.1
2007-09-01,0,Nacional,18.2,24.2,30.2,146.2
2007-09-01,1,Aguascalientes,12.7,19.4,26.2,56.6
2007-09-01,2,Baja California,17.9,25.2,32.6,1.5
2007-09-01,3,Baja California Sur,22.4,28.3,34.2,122.3
2007-09-01,4,Campeche,22.4,28.1,33.7,221.5
2007-09-01,5,Coahuila,18.7,24.8,30.9,60.0
2007-09-01,6,Colima,22.4,27.2,32.0,203.8
2007-09-01,7,Chiapas,20.3,25.5,30.7,368.3
2007-09-01,8,Chihuahua,15.2,22.0,28.8,75.0
2007-09-01,9,Ciudad de México,11.9,17.4,23.0,193.7
2007-09-01,10,Durango,13.7,20.1,26.6,83.8
2007-09-01,11,Guanajuato,13.3,20.1,26.9,120.9
2007-09-01,12,Guerrero,20.0,25.7,31.4,194.9
2007-09-01,13,Hidalgo,12.7,18.4,24.1,137.7
2007-09-01,14,Jalisco,16.5,22.3,28.0,153.5
2007-09-01,15,Estado de México,9.8,15.7,21.6,163.9
2007-09-01,16,Michoacán,14.3,20.7,27.2,151.5
2007-09-01,17,Morelos,16.2,22.1,28.1,119.8
2007-09-01,18,Nayarit,22.2,27.6,33.0,192.5
2007-09-01,19,Nuevo León,19.2,25.0,30.8,105.2
2007-09-01,20,Oaxaca,20.9,25.8,30.6,190.0
2007-09-01,21,Puebla,12.6,18.5,24.5,310.4
2007-09-01,22,Querétaro,13.8,19.5,25.3,86.5
2007-09-01,23,Quintana Roo,24.1,28.9,33.8,107.0
2007-09-01,24,San Luis Potosí,18.3,23.9,29.5,233.1
2007-09-01,25,Sinaloa,23.2,28.9,34.6,171.3
2007-09-01,26,Sonora,20.9,27.8,34.8,157.0
2007-09-01,27,Tabasco,22.9,27.6,32.4,313.7
2007-09-01,28,Tamaulipas,21.7,27.0,32.2,149.3
2007-09-01,29,Tlaxcala,8.7,15.7,22.7,102.7
2007-09-01,30,Veracruz,20.1,24.6,29.2,304.2
2007-09-01,31,Yucatán,22.7,28.2,33.8,211.0
2007-09-01,32,Zacatecas,11.8,18.4,25.0,55.5
2007-10-01,0,Nacional,14.9,22.1,29.3,79.3
2007-10-01,1,Aguascalientes,9.4,18.0,26.6,11.5
2007-10-01,2,Baja California,14.0,21.8,29.7,0.2
2007-10-01,3,Baja California Sur,19.4,26.4,33.3,48.0
2007-10-01,4,Campeche,21.0,26.2,31.5,276.4
2007-10-01,5,Coahuila,14.6,22.1,29.7,4.2
2007-10-01,6,Colima,20.1,26.3,32.6,121.7
2007-10-01,7,Chiapas,19.4,24.3,29.2,503.2
2007-10-01,8,Chihuahua,10.5,19.4,28.4,14.0
2007-10-01,9,Ciudad de México,10.6,16.3,22.1,50.9
2007-10-01,10,Durango,9.3,17.9,26.5,12.7
2007-10-01,11,Guanajuato,10.8,18.6,26.5,21.0
2007-10-01,12,Guerrero,19.5,24.2,28.9,140.3
2007-10-01,13,Hidalgo,10.1,16.6,23.0,94.4
2007-10-01,14,Jalisco,14.3,21.3,28.4,37.0
2007-10-01,15,Estado de México,6.5,13.6,20.8,65.9
2007-10-01,16,Michoacán,11.9,19.6,27.3,40.8
2007-10-01,17,Morelos,14.1,21.2,28.3,48.9
2007-10-01,18,Nayarit,21.0,27.7,34.4,48.9
2007-10-01,19,Nuevo León,15.6,22.6,29.5,15.8
2007-10-01,20,Oaxaca,19.2,24.2,29.2,115.3
2007-10-01,21,Puebla,10.3,17.1,23.9,131.5
2007-10-01,22,Querétaro,10.3,17.2,24.2,29.9
2007-10-01,23,Quintana Roo,22.7,27.0,31.4,189.5
2007-10-01,24,San Luis Potosí,15.3,22.0,28.7,66.7
2007-10-01,25,Sinaloa,20.3,26.7,33.2,16.0
2007-10-01,26,Sonora,14.9,24.4,33.9,1.1
2007-10-01,27,Tabasco,21.8,25.8,29.8,802.5
2007-10-01,28,Tamaulipas,18.2,24.5,30.8,35.1
2007-10-01,29,Tlaxcala,6.2,14.5,22.8,23.8
2007-10-01,30,Veracruz,17.8,22.7,27.7,226.2
2007-10-01,31,Yucatán,21.1,26.3,31.5,136.8
2007-10-01,32,Zacatecas,8.2,16.6,25.0,12.1
2007-11-01,0,Nacional,11.2,19.0,26.9,23.9
2007-11-01,1,Aguascalientes,4.3,14.6,24.9,2.9
2007-11-01,2,Baja California,11.4,18.4,25.5,31.2
2007-11-01,3,Baja California Sur,15.5,22.4,29.3,0.0
2007-11-01,4,Campeche,17.8,23.8,29.8,26.9
2007-11-01,5,Coahuila,9.6,17.5,25.4,16.8
2007-11-01,6,Colima,19.4,26.1,32.8,3.2
2007-11-01,7,Chiapas,16.9,23.2,29.5,41.4
2007-11-01,8,Chihuahua,5.3,14.7,24.1,15.6
2007-11-01,9,Ciudad de México,8.0,15.1,22.2,6.6
2007-11-01,10,Durango,4.2,14.1,24.0,4.0
2007-11-01,11,Guanajuato,7.7,16.9,26.1,10.0
2007-11-01,12,Guerrero,16.9,24.2,31.6,2.0
2007-11-01,13,Hidalgo,7.8,15.2,22.6,30.3
2007-11-01,14,Jalisco,10.3,18.7,27.2,6.9
2007-11-01,15,Estado de México,3.2,12.1,21.0,8.8
2007-11-01,16,Michoacán,8.5,17.8,27.1,9.0
2007-11-01,17,Morelos,11.0,19.6,28.2,0.9
2007-11-01,18,Nayarit,17.0,25.3,33.6,3.4
2007-11-01,19,Nuevo León,11.4,18.4,25.3,10.8
2007-11-01,20,Oaxaca,16.7,22.8,29.0,17.5
2007-11-01,21,Puebla,7.7,15.5,23.4,46.4
2007-11-01,22,Querétaro,7.6,15.8,23.9,10.7
2007-11-01,23,Quintana Roo,19.4,24.6,29.9,99.3
2007-11-01,24,San Luis Potosí,12.2,19.2,26.2,22.1
2007-11-01,25,Sinaloa,15.8,24.3,32.8,18.2
2007-11-01,26,Sonora,10.9,19.9,28.9,28.2
2007-11-01,27,Tabasco,19.5,24.4,29.2,109.0
2007-11-01,28,Tamaulipas,14.5,20.7,26.9,22.8
2007-11-01,29,Tlaxcala,2.8,12.7,22.6,7.6
2007-11-01,30,Veracruz,15.1,20.4,25.8,105.9
2007-11-01,31,Yucatán,17.2,23.4,29.6,20.4
2007-11-01,32,Zacatecas,3.9,13.9,24.0,5.3
2007-12-01,0,Nacional,9.1,16.9,24.7,15.1
2007-12-01,1,Aguascalientes,3.4,13.7,24.1,0.4
2007-12-01,2,Baja California,7.4,13.4,19.3,21.6
2007-12-01,3,Baja California Sur,12.0,18.3,24.6,1.4
2007-12-01,4,Campeche,17.8,23.8,29.7,9.6
2007-12-01,5,Coahuila,6.6,14.8,23.1,0.8
2007-12-01,6,Colima,17.3,24.5,31.7,12.6
2007-12-01,7,Chiapas,15.8,22.4,29.0,19.2
2007-12-01,8,Chihuahua,2.5,11.6,20.7,32.6
2007-12-01,9,Ciudad de México,7.4,14.9,22.4,1.3
2007-12-01,10,Durango,2.5,12.5,22.4,2.2
2007-12-01,11,Guanajuato,7.2,16.4,25.7,2.2
2007-12-01,12,Guerrero,15.5,23.3,31.1,4.3
2007-12-01,13,Hidalgo,7.0,15.2,23.4,9.5
2007-12-01,14,Jalisco,8.8,17.6,26.5,3.2
2007-12-01,15,Estado de México,2.9,11.7,20.5,2.1
2007-12-01,16,Michoacán,5.8,15.8,25.8,8.4
2007-12-01,17,Morelos,11.1,19.4,27.6,0.7
2007-12-01,18,Nayarit,13.8,22.6,31.4,0.0
2007-12-01,19,Nuevo León,8.6,16.4,24.2,0.8
2007-12-01,20,Oaxaca,15.4,21.7,28.1,8.3
2007-12-01,21,Puebla,7.1,15.3,23.6,25.5
2007-12-01,22,Querétaro,6.9,15.5,24.2,1.0
2007-12-01,23,Quintana Roo,19.4,24.4,29.4,42.7
2007-12-01,24,San Luis Potosí,10.9,18.5,26.2,4.3
2007-12-01,25,Sinaloa,12.0,20.3,28.6,31.7
2007-12-01,26,Sonora,6.8,14.7,22.6,20.5
2007-12-01,27,Tabasco,19.2,24.2,29.1,59.4
2007-12-01,28,Tamaulipas,12.2,18.7,25.3,3.3
2007-12-01,29,Tlaxcala,2.2,12.5,22.8,5.6
2007-12-01,30,Veracruz,15.2,20.5,25.8,54.9
2007-12-01,31,Yucatán,17.2,23.5,29.8,6.6
2007-12-01,32,Zacatecas,3.0,13.2,23.3,1.2
2008-01-01,0,Nacional,8.3,16.2,24.1,21.2
2008-01-01,1,Aguascalientes,2.9,13.4,24.0,0.0
2008-01-01,2,Baja California,6.9,13.2,19.5,64.1
2008-01-01,3,Baja California Sur,10.6,17.8,24.9,12.7
2008-01-01,4,Campeche,17.4,23.4,29.5,25.2
2008-01-01,5,Coahuila,5.5,13.8,22.1,5.6
2008-01-01,6,Colima,17.3,24.6,31.9,0.0
2008-01-01,7,Chiapas,15.8,22.5,29.2,69.9
2008-01-01,8,Chihuahua,1.8,10.8,19.7,20.2
2008-01-01,9,Ciudad de México,7.1,14.4,21.7,0.1
2008-01-01,10,Durango,1.9,12.0,22.1,0.3
2008-01-01,11,Guanajuato,5.5,14.9,24.3,0.6
2008-01-01,12,Guerrero,16.0,23.7,31.4,0.0
2008-01-01,13,Hidalgo,6.4,14.5,22.6,13.3
2008-01-01,14,Jalisco,8.3,17.6,26.8,0.0
2008-01-01,15,Estado de México,2.7,11.3,19.9,0.2
2008-01-01,16,Michoacán,7.6,17.2,26.9,0.2
2008-01-01,17,Morelos,10.7,19.4,28.1,0.0
2008-01-01,18,Nayarit,12.8,22.2,31.7,0.0
2008-01-01,19,Nuevo León,6.9,14.5,22.2,29.4
2008-01-01,20,Oaxaca,15.1,21.5,27.9,28.2
2008-01-01,21,Puebla,6.6,14.7,22.7,35.8
2008-01-01,22,Querétaro,6.6,15.2,23.8,0.0
2008-01-01,23,Quintana Roo,19.0,23.9,28.9,62.5
2008-01-01,24,San Luis Potosí,9.8,17.4,25.0,10.7
2008-01-01,25,Sinaloa,10.5,19.5,28.6,0.3
2008-01-01,26,Sonora,6.3,14.6,22.9,11.0
2008-01-01,27,Tabasco,19.0,23.6,28.3,259.7
2008-01-01,28,Tamaulipas,11.1,17.6,24.0,22.0
2008-01-01,29,Tlaxcala,1.9,11.8,21.8,0.4
2008-01-01,30,Veracruz,14.2,19.3,24.4,50.2
2008-01-01,31,Yucatán,16.8,23.2,29.5,29.9
2008-01-01,32,Zacatecas,2.5,12.8,23.2,0.0
2008-02-01,0,Nacional,9.3,18.1,27.0,13.2
2008-02-01,1,Aguascalientes,3.6,15.1,26.6,3.1
2008-02-01,2,Baja California,6.6,13.4,20.3,35.3
2008-02-01,3,Baja California Sur,9.7,17.7,25.8,0.0
2008-02-01,4,Campeche,18.5,25.1,31.7,66.3
2008-02-01,5,Coahuila,8.3,17.5,26.6,0.1
2008-02-01,6,Colima,16.4,24.4,32.5,0.0
2008-02-01,7,Chiapas,16.6,23.6,30.7,50.6
2008-02-01,8,Chihuahua,2.7,13.1,23.5,1.4
2008-02-01,9,Ciudad de México,8.4,16.2,24.0,2.9
2008-02-01,10,Durango,2.9,13.9,24.8,1.2
2008-02-01,11,Guanajuato,6.7,17.0,27.2,2.5
2008-02-01,12,Guerrero,16.3,24.3,32.4,0.0
2008-02-01,13,Hidalgo,7.5,16.2,24.9,5.5
2008-02-01,14,Jalisco,9.0,18.2,27.3,0.8
2008-02-01,15,Estado de México,3.8,13.2,22.7,1.1
2008-02-01,16,Michoacán,7.3,17.4,27.6,0.8
2008-02-01,17,Morelos,11.4,21.1,30.9,0.4
2008-02-01,18,Nayarit,12.8,22.9,33.1,0.0
2008-02-01,19,Nuevo León,9.5,18.5,27.5,5.2
2008-02-01,20,Oaxaca,16.1,22.8,29.6,5.1
2008-02-01,21,Puebla,7.6,16.1,24.7,17.9
2008-02-01,22,Querétaro,7.5,16.7,25.9,6.3
2008-02-01,23,Quintana Roo,20.1,25.1,30.1,28.0
2008-02-01,24,San Luis Potosí,10.5,19.5,28.6,10.8
2008-02-01,25,Sinaloa,10.2,20.4,30.6,1.0
2008-02-01,26,Sonora,6.1,15.8,25.6,3.5
2008-02-01,27,Tabasco,19.7,25.1,30.4,115.8
2008-02-01,28,Tamaulipas,13.6,20.9,28.2,22.9
2008-02-01,29,Tlaxcala,2.9,13.3,23.8,4.7
2008-02-01,30,Veracruz,15.3,21.2,27.0,31.6
2008-02-01,31,Yucatán,17.5,24.6,31.6,87.1
2008-02-01,32,Zacatecas,3.2,14.3,25.4,4.0
2008-03-01,0,Nacional,10.9,19.7,28.5,7.9
2008-03-01,1,Aguascalientes,5.0,16.5,28.0,0.0
2008-03-01,2,Baja California,7.7,15.3,22.9,0.8
2008-03-01,3,Baja California Sur,12.2,19.7,27.3,0.8
2008-03-01,4,Campeche,18.2,25.6,32.9,28.7
2008-03-01,5,Coahuila,10.7,19.4,28.1,6.5
2008-03-01,6,Colima,16.5,24.3,32.2,0.0
2008-03-01,7,Chiapas,17.0,24.2,31.4,33.3
2008-03-01,8,Chihuahua,5.4,15.3,25.2,2.6
2008-03-01,9,Ciudad de México,9.8,17.4,25.1,3.1
2008-03-01,10,Durango,5.3,15.9,26.5,0.1
2008-03-01,11,Guanajuato,17.0,25.4,33.8,0.2
2008-03-01,12,Guerrero,17.8,24.1,30.5,0.1
2008-03-01,13,Hidalgo,8.1,17.2,26.4,15.9
2008-03-01,14,Jalisco,10.3,20.2,30.2,0.1
2008-03-01,15,Estado de México,5.4,14.6,23.8,1.9
2008-03-01,16,Michoacán,9.3,19.2,29.0,0.0
2008-03-01,17,Morelos,14.2,22.9,31.7,0.0
2008-03-01,18,Nayarit,13.8,23.7,33.6,0.4
2008-03-01,19,Nuevo León,11.4,20.0,28.7,7.5
2008-03-01,20,Oaxaca,16.6,23.8,31.0,8.0
2008-03-01,21,Puebla,8.6,17.3,25.9,12.7
2008-03-01,22,Querétaro,9.2,18.1,26.9,1.4
2008-03-01,23,Quintana Roo,20.6,25.7,30.8,46.1
2008-03-01,24,San Luis Potosí,12.5,21.5,30.4,5.7
2008-03-01,25,Sinaloa,11.9,21.7,31.5,1.6
2008-03-01,26,Sonora,8.4,18.3,28.2,0.4
2008-03-01,27,Tabasco,19.5,25.4,31.2,63.9
2008-03-01,28,Tamaulipas,14.8,22.0,29.2,3.3
2008-03-01,29,Tlaxcala,4.0,14.4,24.9,3.2
2008-03-01,30,Veracruz,15.9,22.0,28.2,17.9
2008-03-01,31,Yucatán,18.3,25.4,32.6,45.9
2008-03-01,32,Zacatecas,4.9,15.8,26.8,0.7
2008-04-01,0,Nacional,13.7,22.5,31.4,19.7
2008-04-01,1,Aguascalientes,8.0,19.4,30.9,13.2
2008-04-01,2,Baja California,9.8,17.6,25.4,0.0
2008-04-01,3,Baja California Sur,13.9,21.6,29.4,0.0
2008-04-01,4,Campeche,21.2,28.4,35.7,54.8
2008-04-01,5,Coahuila,15.0,23.5,32.0,15.5
2008-04-01,6,Colima,18.0,25.5,33.1,0.0
2008-04-01,7,Chiapas,19.2,26.4,33.6,90.8
2008-04-01,8,Chihuahua,8.3,18.4,28.6,0.3
2008-04-01,9,Ciudad de México,12.5,19.9,27.3,39.4
2008-04-01,10,Durango,7.7,18.8,29.9,2.1
2008-04-01,11,Guanajuato,19.8,27.6,35.5,3.8
2008-04-01,12,Guerrero,15.2,24.0,32.9,11.2
2008-04-01,13,Hidalgo,11.7,20.3,28.9,41.6
2008-04-01,14,Jalisco,12.3,22.4,32.5,5.0
2008-04-01,15,Estado de México,8.2,17.0,25.9,32.1
2008-04-01,16,Michoacán,12.0,22.0,32.0,11.2
2008-04-01,17,Morelos,15.9,24.8,33.7,13.9
2008-04-01,18,Nayarit,15.0,25.4,35.9,0.0
2008-04-01,19,Nuevo León,16.0,24.3,32.6,30.9
2008-04-01,20,Oaxaca,19.3,26.3,33.4,23.2
2008-04-01,21,Puebla,11.3,19.7,28.2,82.0
2008-04-01,22,Querétaro,12.3,21.0,29.7,3.4
2008-04-01,23,Quintana Roo,22.5,27.4,32.4,17.4
2008-04-01,24,San Luis Potosí,16.1,25.0,33.8,32.2
2008-04-01,25,Sinaloa,13.9,24.1,34.3,0.0
2008-04-01,26,Sonora,10.8,21.2,31.7,0.0
2008-04-01,27,Tabasco,21.9,28.0,34.1,146.3
2008-04-01,28,Tamaulipas,18.7,25.7,32.6,50.6
2008-04-01,29,Tlaxcala,6.6,16.6,26.7,30.6
2008-04-01,30,Veracruz,18.7,24.9,31.1,48.2
2008-04-01,31,Yucatán,20.0,27.7,35.4,24.0
2008-04-01,32,Zacatecas,7.6,18.6,29.7,7.1
2008-05-01,0,Nacional,16.9,24.8,32.8,39.5
2008-05-01,1,Aguascalientes,11.8,21.6,31.4,19.6
2008-05-01,2,Baja California,13.7,21.1,28.5,0.7
2008-05-01,3,Baja California Sur,17.2,24.2,31.1,0.0
2008-05-01,4,Campeche,23.1,30.2,37.2,126.5
2008-05-01,5,Coahuila,18.7,26.4,34.2,70.8
2008-05-01,6,Colima,20.3,27.1,33.9,1.4
2008-05-01,7,Chiapas,20.3,26.8,33.4,203.2
2008-05-01,8,Chihuahua,12.7,22.1,31.5,11.5
2008-05-01,9,Ciudad de México,13.2,19.9,26.7,42.6
2008-05-01,10,Durango,11.9,21.5,31.2,9.0
2008-05-01,11,Guanajuato,20.6,28.1,35.5,19.7
2008-05-01,12,Guerrero,21.9,27.4,32.9,15.4
2008-05-01,13,Hidalgo,13.2,20.8,28.5,52.6
2008-05-01,14,Jalisco,15.4,24.1,32.8,7.3
2008-05-01,15,Estado de México,9.2,16.9,24.7,25.9
2008-05-01,16,Michoacán,13.7,22.6,31.5,11.7
2008-05-01,17,Morelos,16.8,24.7,32.6,40.7
2008-05-01,18,Nayarit,19.1,27.6,36.2,0.1
2008-05-01,19,Nuevo León,19.6,27.0,34.4,53.6
2008-05-01,20,Oaxaca,20.7,26.8,32.9,70.3
2008-05-01,21,Puebla,12.5,19.8,27.1,63.6
2008-05-01,22,Querétaro,14.0,21.9,29.9,23.3
2008-05-01,23,Quintana Roo,24.1,28.9,33.8,91.9
2008-05-01,24,San Luis Potosí,18.9,26.9,34.8,55.0
2008-05-01,25,Sinaloa,18.3,27.1,35.9,0.1
2008-05-01,26,Sonora,15.4,25.3,35.2,0.8
2008-05-01,27,Tabasco,23.2,29.3,35.4,150.2
2008-05-01,28,Tamaulipas,22.0,27.5,33.0,50.2
2008-05-01,29,Tlaxcala,8.3,17.1,25.9,54.0
2008-05-01,30,Veracruz,20.3,26.4,32.5,72.8
2008-05-01,31,Yucatán,22.1,29.6,37.1,44.3
2008-05-01,32,Zacatecas,11.0,20.5,30.0,10.6
2008-06-01,0,Nacional,19.0,26.1,33.2,125.4
2008-06-01,1,Aguascalientes,14.5,22.5,30.5,72.2
2008-06-01,2,Baja California,15.7,23.3,30.9,0.0
2008-06-01,3,Baja California Sur,19.4,26.3,33.2,0.0
2008-06-01,4,Campeche,22.9,28.7,34.5,279.2
2008-06-01,5,Coahuila,21.6,29.1,36.5,20.3
2008-06-01,6,Colima,22.3,27.9,33.6,88.4
2008-06-01,7,Chiapas,20.1,25.5,30.9,431.3
2008-06-01,8,Chihuahua,17.3,25.7,34.2,30.7
2008-06-01,9,Ciudad de México,13.1,19.1,25.2,152.8
2008-06-01,10,Durango,15.2,23.7,32.2,35.3
2008-06-01,11,Guanajuato,14.4,21.6,28.9,140.3
2008-06-01,12,Guerrero,20.6,26.9,33.2,208.2
2008-06-01,13,Hidalgo,13.2,19.9,26.5,120.5
2008-06-01,14,Jalisco,17.0,24.1,31.3,186.6
2008-06-01,15,Estado de México,9.9,16.5,23.2,154.1
2008-06-01,16,Michoacán,14.3,21.8,29.4,150.7
2008-06-01,17,Morelos,16.4,23.1,29.8,259.7
2008-06-01,18,Nayarit,22.0,28.4,34.9,151.0
2008-06-01,19,Nuevo León,21.3,28.7,36.1,15.9
2008-06-01,20,Oaxaca,20.7,26.0,31.3,415.8
2008-06-01,21,Puebla,12.7,19.2,25.6,312.8
2008-06-01,22,Querétaro,14.4,21.5,28.6,96.3
2008-06-01,23,Quintana Roo,24.3,28.6,33.0,193.7
2008-06-01,24,San Luis Potosí,19.4,26.2,33.1,197.0
2008-06-01,25,Sinaloa,23.3,29.9,36.5,16.4
2008-06-01,26,Sonora,20.5,29.3,38.1,21.3
2008-06-01,27,Tabasco,23.1,28.1,33.2,308.4
2008-06-01,28,Tamaulipas,23.3,29.2,35.1,96.4
2008-06-01,29,Tlaxcala,8.7,16.2,23.7,168.2
2008-06-01,30,Veracruz,20.1,25.3,30.6,308.2
2008-06-01,31,Yucatán,22.5,28.5,34.5,208.1
2008-06-01,32,Zacatecas,13.6,21.4,29.2,66.9
2008-07-01,0,Nacional,18.5,24.9,31.3,197.8
2008-07-01,1,Aguascalientes,12.6,19.7,26.9,201.0
2008-07-01,2,Baja California,18.9,25.8,32.8,1.9
2008-07-01,3,Baja California Sur,22.1,28.4,34.7,5.1
2008-07-01,4,Campeche,21.5,27.7,33.9,104.0
2008-07-01,5,Coahuila,20.4,27.4,34.4,74.7
2008-07-01,6,Colima,21.2,26.6,32.1,342.5
2008-07-01,7,Chiapas,19.1,24.6,30.1,390.0
2008-07-01,8,Chihuahua,16.7,23.6,30.5,179.6
2008-07-01,9,Ciudad de México,12.1,17.9,23.7,164.0
2008-07-01,10,Durango,14.7,21.9,29.0,166.0
2008-07-01,11,Guanajuato,13.5,19.6,25.8,247.1
2008-07-01,12,Guerrero,19.0,24.9,30.9,296.5
2008-07-01,13,Hidalgo,12.9,18.8,24.8,168.4
2008-07-01,14,Jalisco,15.7,21.9,28.1,244.5
2008-07-01,15,Estado de México,9.4,15.5,21.6,158.7
2008-07-01,16,Michoacán,13.1,19.8,26.6,242.9
2008-07-01,17,Morelos,14.9,21.0,27.2,251.5
2008-07-01,18,Nayarit,21.0,26.5,32.1,486.4
2008-07-01,19,Nuevo León,20.3,27.2,34.1,147.3
2008-07-01,20,Oaxaca,19.2,24.6,29.9,393.2
2008-07-01,21,Puebla,11.8,18.2,24.6,266.2
2008-07-01,22,Querétaro,13.4,19.8,26.2,187.3
2008-07-01,23,Quintana Roo,23.3,28.0,32.7,123.1
2008-07-01,24,San Luis Potosí,18.2,24.7,31.2,380.2
2008-07-01,25,Sinaloa,22.9,28.9,34.9,236.2
2008-07-01,26,Sonora,22.3,29.0,35.6,123.5
2008-07-01,27,Tabasco,22.0,27.2,32.5,204.2
2008-07-01,28,Tamaulipas,22.3,28.1,33.9,347.0
2008-07-01,29,Tlaxcala,8.1,15.2,22.3,177.9
2008-07-01,30,Veracruz,18.9,24.1,29.3,249.7
2008-07-01,31,Yucatán,21.4,27.4,33.4,110.5
2008-07-01,32,Zacatecas,12.4,19.2,26.1,162.4
2008-08-01,0,Nacional,19.3,25.7,32.2,188.4
2008-08-01,1,Aguascalientes,13.3,20.8,28.3,262.7
2008-08-01,2,Baja California,20.0,27.0,34.1,12.6
2008-08-01,3,Baja California Sur,23.0,29.3,35.5,8.8
2008-08-01,4,Campeche,22.7,28.9,35.2,194.3
2008-08-01,5,Coahuila,21.5,28.3,35.1,208.3
2008-08-01,6,Colima,22.5,27.9,33.3,164.5
2008-08-01,7,Chiapas,20.2,25.8,31.4,315.8
2008-08-01,8,Chihuahua,16.9,23.5,30.2,163.4
2008-08-01,9,Ciudad de México,13.0,18.9,24.8,184.7
2008-08-01,10,Durango,15.1,22.0,28.8,232.2
2008-08-01,11,Guanajuato,14.3,20.7,27.0,208.4
2008-08-01,12,Guerrero,20.1,26.1,32.1,295.7
2008-08-01,13,Hidalgo,13.7,20.1,26.4,112.7
2008-08-01,14,Jalisco,16.1,22.6,29.2,212.1
2008-08-01,15,Estado de México,10.1,16.5,22.8,171.9
2008-08-01,16,Michoacán,13.8,20.8,27.9,211.6
2008-08-01,17,Morelos,16.3,22.8,29.2,221.1
2008-08-01,18,Nayarit,22.2,27.8,33.5,479.4
2008-08-01,19,Nuevo León,21.6,28.6,35.6,177.5
2008-08-01,20,Oaxaca,20.3,25.9,31.5,243.6
2008-08-01,21,Puebla,12.5,19.3,26.0,163.3
2008-08-01,22,Querétaro,14.2,20.9,27.5,213.8
2008-08-01,23,Quintana Roo,24.2,29.5,34.8,44.9
2008-08-01,24,San Luis Potosí,19.4,26.1,32.8,226.7
2008-08-01,25,Sinaloa,23.9,29.6,35.3,258.5
2008-08-01,26,Sonora,22.7,29.5,36.3,161.0
2008-08-01,27,Tabasco,23.2,28.6,34.0,221.7
2008-08-01,28,Tamaulipas,23.8,29.8,35.8,184.1
2008-08-01,29,Tlaxcala,8.9,16.6,24.3,116.7
2008-08-01,30,Veracruz,20.1,25.4,30.8,125.0
2008-08-01,31,Yucatán,22.6,29.0,35.5,67.4
2008-08-01,32,Zacatecas,12.9,19.7,26.6,199.9
2008-09-01,0,Nacional,18.3,24.3,30.3,188.2
2008-09-01,1,Aguascalientes,13.8,19.8,25.8,78.5
2008-09-01,2,Baja California,19.1,26.5,34.0,0.1
2008-09-01,3,Baja California Sur,22.7,28.7,34.7,98.9
2008-09-01,4,Campeche,22.8,28.6,34.4,426.7
2008-09-01,5,Coahuila,18.1,24.1,30.1,45.3
2008-09-01,6,Colima,22.7,27.6,32.5,255.0
2008-09-01,7,Chiapas,20.5,25.7,31.0,486.0
2008-09-01,8,Chihuahua,14.6,21.5,28.4,103.9
2008-09-01,9,Ciudad de México,13.3,18.0,22.8,113.6
2008-09-01,10,Durango,14.0,19.9,25.9,161.8
2008-09-01,11,Guanajuato,13.6,19.6,25.8,101.1
2008-09-01,12,Guerrero,20.1,25.8,31.5,251.3
2008-09-01,13,Hidalgo,13.9,18.9,23.9,169.2
2008-09-01,14,Jalisco,16.7,22.5,28.3,168.5
2008-09-01,15,Estado de México,10.3,15.6,20.9,99.4
2008-09-01,16,Michoacán,14.0,20.3,26.7,152.3
2008-09-01,17,Morelos,16.2,22.0,27.8,201.4
2008-09-01,18,Nayarit,22.5,28.0,33.6,326.2
2008-09-01,19,Nuevo León,19.1,24.7,30.3,281.1
2008-09-01,20,Oaxaca,20.3,25.2,30.1,353.2
2008-09-01,21,Puebla,13.2,18.7,24.3,264.6
2008-09-01,22,Querétaro,14.4,19.8,25.1,106.5
2008-09-01,23,Quintana Roo,24.1,29.3,34.5,128.4
2008-09-01,24,San Luis Potosí,18.6,24.0,29.5,307.7
2008-09-01,25,Sinaloa,23.6,29.6,35.7,190.3
2008-09-01,26,Sonora,20.6,28.2,35.8,107.3
2008-09-01,27,Tabasco,23.4,28.2,33.0,649.4
2008-09-01,28,Tamaulipas,21.7,26.9,32.2,199.6
2008-09-01,29,Tlaxcala,9.5,15.9,22.4,110.4
2008-09-01,30,Veracruz,20.3,24.7,29.1,387.1
2008-09-01,31,Yucatán,22.9,28.8,34.7,199.1
2008-09-01,32,Zacatecas,12.5,18.5,24.5,117.3
2008-10-01,0,Nacional,15.4,22.1,28.8,78.2
2008-10-01,1,Aguascalientes,10.5,18.2,25.9,6.4
2008-10-01,2,Baja California,13.1,20.9,28.7,0.2
2008-10-01,3,Baja California Sur,20.3,26.5,32.6,4.9
2008-10-01,4,Campeche,21.5,27.0,32.5,234.0
2008-10-01,5,Coahuila,14.8,21.8,28.8,8.9
2008-10-01,6,Colima,21.9,27.1,32.3,81.1
2008-10-01,7,Chiapas,19.4,24.6,29.8,224.2
2008-10-01,8,Chihuahua,10.8,18.8,26.9,33.9
2008-10-01,9,Ciudad de México,11.7,17.4,23.0,37.7
2008-10-01,10,Durango,10.4,18.1,25.7,34.2
2008-10-01,11,Guanajuato,18.4,24.8,31.1,8.6
2008-10-01,12,Guerrero,20.2,24.4,28.7,190.2
2008-10-01,13,Hidalgo,11.5,17.4,23.4,88.8
2008-10-01,14,Jalisco,14.6,21.4,28.3,43.4
2008-10-01,15,Estado de México,8.3,14.8,21.4,34.3
2008-10-01,16,Michoacán,11.7,19.1,26.5,43.1
2008-10-01,17,Morelos,14.7,21.5,28.3,34.0
2008-10-01,18,Nayarit,21.3,27.4,33.5,105.2
2008-10-01,19,Nuevo León,16.0,22.1,28.3,66.5
2008-10-01,20,Oaxaca,19.0,24.1,29.3,132.4
2008-10-01,21,Puebla,11.1,17.6,24.2,138.4
2008-10-01,22,Querétaro,12.0,18.5,25.0,3.4
2008-10-01,23,Quintana Roo,22.9,27.3,31.7,431.4
2008-10-01,24,San Luis Potosí,16.4,22.3,28.2,133.9
2008-10-01,25,Sinaloa,21.2,26.3,31.5,33.3
2008-10-01,26,Sonora,15.1,23.5,31.8,14.2
2008-10-01,27,Tabasco,22.4,26.8,31.3,317.5
2008-10-01,28,Tamaulipas,19.0,24.7,30.4,47.7
2008-10-01,29,Tlaxcala,6.9,14.8,22.7,12.7
2008-10-01,30,Veracruz,18.6,23.3,28.0,203.8
2008-10-01,31,Yucatán,21.4,26.9,32.5,67.6
2008-10-01,32,Zacatecas,9.3,17.0,24.8,11.1
2008-11-01,0,Nacional,10.8,18.6,26.3,10.1
2008-11-01,1,Aguascalientes,4.6,14.5,24.4,0.0
2008-11-01,2,Baja California,10.2,17.7,25.2,33.6
2008-11-01,3,Baja California Sur,15.1,22.2,29.3,23.6
2008-11-01,4,Campeche,18.3,24.1,29.9,4.9
2008-11-01,5,Coahuila,9.1,17.0,24.9,0.4
2008-11-01,6,Colima,19.2,26.0,32.9,0.2
2008-11-01,7,Chiapas,16.8,22.8,28.8,25.8
2008-11-01,8,Chihuahua,4.6,13.9,23.2,1.9
2008-11-01,9,Ciudad de México,8.3,15.2,22.1,0.0
2008-11-01,10,Durango,4.0,13.5,23.0,0.1
2008-11-01,11,Guanajuato,6.7,15.8,24.9,0.0
2008-11-01,12,Guerrero,17.3,24.3,31.4,3.8
2008-11-01,13,Hidalgo,8.1,15.1,22.2,11.9
2008-11-01,14,Jalisco,9.6,18.3,27.0,0.5
2008-11-01,15,Estado de México,4.1,12.3,20.5,0.0
2008-11-01,16,Michoacán,7.6,16.8,26.0,0.0
2008-11-01,17,Morelos,11.2,19.2,27.2,0.0
2008-11-01,18,Nayarit,16.6,24.9,33.1,1.8
2008-11-01,19,Nuevo León,10.5,17.8,25.2,6.2
2008-11-01,20,Oaxaca,16.2,22.3,28.3,20.4
2008-11-01,21,Puebla,8.1,15.5,22.9,24.9
2008-11-01,22,Querétaro,7.5,15.4,23.2,0.0
2008-11-01,23,Quintana Roo,19.5,24.8,30.1,10.2
2008-11-01,24,San Luis Potosí,12.1,18.8,25.6,12.8
2008-11-01,25,Sinaloa,16.2,24.4,32.6,0.2
2008-11-01,26,Sonora,10.4,19.4,28.4,12.7
2008-11-01,27,Tabasco,19.6,24.2,28.9,54.3
2008-11-01,28,Tamaulipas,14.1,20.5,26.9,20.8
2008-11-01,29,Tlaxcala,3.3,12.5,21.6,0.0
2008-11-01,30,Veracruz,15.0,20.1,25.2,53.8
2008-11-01,31,Yucatán,17.6,23.7,29.8,2.9
2008-11-01,32,Zacatecas,3.7,13.4,23.1,0.3
2008-12-01,0,Nacional,8.8,16.3,23.8,11.1
2008-12-01,1,Aguascalientes,3.2,13.2,23.1,0.2
2008-12-01,2,Baja California,7.4,13.4,19.4,111.9
2008-12-01,3,Baja California Sur,11.9,18.7,25.5,12.0
2008-12-01,4,Campeche,18.3,23.9,29.5,15.4
2008-12-01,5,Coahuila,5.8,13.3,20.8,2.6
2008-12-01,6,Colima,16.8,24.2,31.7,0.0
2008-12-01,7,Chiapas,15.8,22.0,28.3,34.0
2008-12-01,8,Chihuahua,1.9,10.7,19.6,0.7
2008-12-01,9,Ciudad de México,7.5,14.9,22.3,0.0
2008-12-01,10,Durango,1.9,11.6,21.3,0.3
2008-12-01,11,Guanajuato,5.2,14.8,24.7,0.5
2008-12-01,12,Guerrero,15.9,23.3,30.8,0.0
2008-12-01,13,Hidalgo,6.7,14.8,23.0,3.1
2008-12-01,14,Jalisco,9.2,17.4,25.7,0.0
2008-12-01,15,Estado de México,3.0,11.5,20.0,0.0
2008-12-01,16,Michoacán,6.4,15.8,25.1,0.2
2008-12-01,17,Morelos,10.7,18.9,27.1,0.0
2008-12-01,18,Nayarit,13.6,21.8,30.0,0.1
2008-12-01,19,Nuevo León,7.2,14.1,21.0,3.0
2008-12-01,20,Oaxaca,15.4,21.8,28.3,16.9
2008-12-01,21,Puebla,7.6,15.5,23.3,13.7
2008-12-01,22,Querétaro,6.4,14.9,23.3,0.0
2008-12-01,23,Quintana Roo,19.8,24.5,29.3,32.3
2008-12-01,24,San Luis Potosí,10.3,17.3,24.3,2.6
2008-12-01,25,Sinaloa,11.6,20.2,28.9,0.0
2008-12-01,26,Sonora,6.4,14.6,22.8,2.1
2008-12-01,27,Tabasco,19.2,23.7,28.3,125.9
2008-12-01,28,Tamaulipas,10.8,16.6,22.4,2.4
2008-12-01,29,Tlaxcala,2.9,12.3,21.8,1.0
2008-12-01,30,Veracruz,14.9,19.8,24.7,25.6
2008-12-01,31,Yucatán,17.9,23.7,29.6,12.5
2008-12-01,32,Zacatecas,2.7,12.4,22.0,0.1
2009-01-01,0,Nacional,8.1,15.9,23.8,13.5
2009-01-01,1,Aguascalientes,3.0,12.6,22.2,0.8
2009-01-01,2,Baja California,7.7,14.4,21.1,3.0
2009-01-01,3,Baja California Sur,11.0,18.2,25.4,0.6
2009-01-01,4,Campeche,16.5,22.3,28.2,31.9
2009-01-01,5,Coahuila,5.4,13.1,20.9,1.7
2009-01-01,6,Colima,17.2,24.2,31.2,2.0
2009-01-01,7,Chiapas,14.9,21.5,28.2,47.0
2009-01-01,8,Chihuahua,1.4,10.3,19.3,8.2
2009-01-01,9,Ciudad de México,7.0,13.7,20.4,13.2
2009-01-01,10,Durango,1.9,11.3,20.7,2.3
2009-01-01,11,Guanajuato,6.3,15.6,24.9,2.6
2009-01-01,12,Guerrero,16.2,23.2,30.2,0.6
2009-01-01,13,Hidalgo,6.2,13.7,21.2,21.0
2009-01-01,14,Jalisco,8.3,16.7,25.2,4.2
2009-01-01,15,Estado de México,2.8,10.2,17.7,10.0
2009-01-01,16,Michoacán,6.9,15.9,25.0,6.6
2009-01-01,17,Morelos,10.4,18.3,26.3,2.8
2009-01-01,18,Nayarit,13.4,22.0,30.6,0.0
2009-01-01,19,Nuevo León,6.9,14.1,21.3,13.5
2009-01-01,20,Oaxaca,14.3,20.7,27.0,19.0
2009-01-01,21,Puebla,6.5,13.6,20.7,23.5
2009-01-01,22,Querétaro,6.3,14.2,22.1,10.7
2009-01-01,23,Quintana Roo,17.9,23.0,28.2,66.4
2009-01-01,24,San Luis Potosí,9.3,16.2,23.2,12.3
2009-01-01,25,Sinaloa,11.3,20.1,28.9,2.5
2009-01-01,26,Sonora,6.1,14.6,23.2,7.8
2009-01-01,27,Tabasco,17.7,22.1,26.6,152.2
2009-01-01,28,Tamaulipas,10.7,16.9,23.2,6.6
2009-01-01,29,Tlaxcala,2.7,11.4,20.1,5.7
2009-01-01,30,Veracruz,13.1,18.0,22.9,38.5
2009-01-01,31,Yucatán,15.9,22.2,28.6,21.9
2009-01-01,32,Zacatecas,2.5,12.0,21.6,1.7
2009-02-01,0,Nacional,8.7,16.8,24.9,11.5
2009-02-01,1,Aguascalientes,3.9,13.7,23.5,0.0
2009-02-01,2,Baja California,7.2,13.6,20.1,56.1
2009-02-01,3,Baja California Sur,10.7,18.2,25.7,0.7
2009-02-01,4,Campeche,17.4,23.7,30.1,14.6
2009-02-01,5,Coahuila,6.9,14.9,23.0,1.5
2009-02-01,6,Colima,17.2,24.2,31.2,0.0
2009-02-01,7,Chiapas,16.4,23.1,29.9,18.5
2009-02-01,8,Chihuahua,2.4,11.8,21.3,0.7
2009-02-01,9,Ciudad de México,7.8,15.2,22.6,6.8
2009-02-01,10,Durango,2.4,12.3,22.2,0.3
2009-02-01,11,Guanajuato,6.9,16.9,27.0,0.1
2009-02-01,12,Guerrero,16.5,23.7,30.9,3.3
2009-02-01,13,Hidalgo,6.9,14.7,22.6,19.7
2009-02-01,14,Jalisco,9.4,17.1,24.7,0.0
2009-02-01,15,Estado de México,3.9,12.2,20.5,5.2
2009-02-01,16,Michoacán,7.0,15.9,24.8,1.1
2009-02-01,17,Morelos,11.5,20.1,28.7,4.2
2009-02-01,18,Nayarit,13.8,22.3,30.8,0.0
2009-02-01,19,Nuevo León,8.1,15.7,23.3,12.3
2009-02-01,20,Oaxaca,15.4,21.9,28.4,29.3
2009-02-01,21,Puebla,7.3,15.0,22.7,58.8
2009-02-01,22,Querétaro,7.4,15.2,23.1,0.8
2009-02-01,23,Quintana Roo,18.3,23.8,29.4,26.6
2009-02-01,24,San Luis Potosí,10.0,17.6,25.1,16.3
2009-02-01,25,Sinaloa,11.1,20.4,29.6,0.0
2009-02-01,26,Sonora,6.3,15.3,24.2,6.1
2009-02-01,27,Tabasco,18.8,23.6,28.5,48.3
2009-02-01,28,Tamaulipas,11.8,18.2,24.5,15.2
2009-02-01,29,Tlaxcala,2.9,12.2,21.5,0.6
2009-02-01,30,Veracruz,14.1,19.3,24.5,49.0
2009-02-01,31,Yucatán,16.2,23.1,30.0,7.7
2009-02-01,32,Zacatecas,3.2,12.8,22.4,0.2
2009-03-01,0,Nacional,10.6,19.1,27.7,8.3
2009-03-01,1,Aguascalientes,5.5,16.3,27.2,0.8
2009-03-01,2,Baja California,7.8,14.9,22.1,0.4
2009-03-01,3,Baja California Sur,12.6,19.8,26.9,0.0
2009-03-01,4,Campeche,18.0,25.1,32.2,13.5
2009-03-01,5,Coahuila,9.8,18.4,27.0,17.7
2009-03-01,6,Colima,17.1,24.4,31.6,0.0
2009-03-01,7,Chiapas,16.7,23.9,31.2,29.0
2009-03-01,8,Chihuahua,5.2,14.8,24.3,9.9
2009-03-01,9,Ciudad de México,9.8,17.9,26.0,8.6
2009-03-01,10,Durango,5.1,15.2,25.4,2.4
2009-03-01,11,Guanajuato,9.2,18.9,28.6,3.8
2009-03-01,12,Guerrero,17.3,25.0,32.7,0.1
2009-03-01,13,Hidalgo,8.5,17.3,26.2,8.6
2009-03-01,14,Jalisco,10.5,19.9,29.4,1.0
2009-03-01,15,Estado de México,5.4,14.5,23.7,9.8
2009-03-01,16,Michoacán,8.7,18.3,28.0,2.6
2009-03-01,17,Morelos,13.4,22.5,31.7,2.4
2009-03-01,18,Nayarit,14.7,23.7,32.8,0.0
2009-03-01,19,Nuevo León,10.4,18.7,27.0,7.9
2009-03-01,20,Oaxaca,16.2,23.4,30.6,2.9
2009-03-01,21,Puebla,8.6,17.1,25.6,12.8
2009-03-01,22,Querétaro,9.1,17.9,26.8,4.2
2009-03-01,23,Quintana Roo,18.6,24.4,30.3,22.3
2009-03-01,24,San Luis Potosí,11.7,20.3,28.9,16.4
2009-03-01,25,Sinaloa,12.7,22.0,31.4,1.0
2009-03-01,26,Sonora,8.4,17.8,27.2,4.8
2009-03-01,27,Tabasco,19.0,24.8,30.7,44.0
2009-03-01,28,Tamaulipas,13.5,20.6,27.7,6.6
2009-03-01,29,Tlaxcala,4.2,14.2,24.3,12.9
2009-03-01,30,Veracruz,15.2,21.0,26.9,9.3
2009-03-01,31,Yucatán,16.3,24.1,32.0,13.3
2009-03-01,32,Zacatecas,4.7,15.3,25.9,1.3
2009-04-01,0,Nacional,13.6,22.0,30.4,8.3
2009-04-01,1,Aguascalientes,7.9,18.7,29.6,1.1
2009-04-01,2,Baja California,9.3,16.5,23.7,6.0
2009-04-01,3,Baja California Sur,14.0,21.0,28.1,0.0
2009-04-01,4,Campeche,21.8,28.8,35.9,16.9
2009-04-01,5,Coahuila,14.8,22.9,31.0,18.6
2009-04-01,6,Colima,17.5,25.2,32.9,0.0
2009-04-01,7,Chiapas,19.3,26.4,33.5,27.0
2009-04-01,8,Chihuahua,8.6,18.1,27.6,0.1
2009-04-01,9,Ciudad de México,11.9,19.4,26.9,5.9
2009-04-01,10,Durango,7.9,18.2,28.5,1.8
2009-04-01,11,Guanajuato,11.2,21.0,30.7,4.3
2009-04-01,12,Guerrero,18.8,26.5,34.3,2.1
2009-04-01,13,Hidalgo,11.5,20.0,28.5,5.3
2009-04-01,14,Jalisco,11.7,21.5,31.2,1.3
2009-04-01,15,Estado de México,7.4,16.3,25.3,3.6
2009-04-01,16,Michoacán,11.0,20.7,30.4,1.9
2009-04-01,17,Morelos,15.0,24.0,33.0,4.1
2009-04-01,18,Nayarit,15.7,25.0,34.4,0.0
2009-04-01,19,Nuevo León,15.8,23.3,30.9,16.5
2009-04-01,20,Oaxaca,19.0,26.0,33.0,15.7
2009-04-01,21,Puebla,11.3,19.5,27.7,29.8
2009-04-01,22,Querétaro,12.1,20.7,29.3,1.2
2009-04-01,23,Quintana Roo,22.7,27.6,32.5,12.0
2009-04-01,24,San Luis Potosí,15.9,24.2,32.6,4.7
2009-04-01,25,Sinaloa,14.7,23.8,32.9,0.0
2009-04-01,26,Sonora,10.8,20.4,30.0,0.2
2009-04-01,27,Tabasco,22.5,28.3,34.2,72.8
2009-04-01,28,Tamaulipas,18.4,25.0,31.7,5.1
2009-04-01,29,Tlaxcala,6.5,16.2,25.9,1.4
2009-04-01,30,Veracruz,18.4,24.3,30.2,28.9
2009-04-01,31,Yucatán,20.5,27.9,35.4,6.3
2009-04-01,32,Zacatecas,7.3,17.9,28.5,2.7
2009-05-01,0,Nacional,16.7,24.8,32.9,46.7
2009-05-01,1,Aguascalientes,11.5,21.6,31.7,13.9
2009-05-01,2,Baja California,13.3,20.7,28.2,0.7
2009-05-01,3,Baja California Sur,16.9,24.1,31.4,0.1
2009-05-01,4,Campeche,23.5,30.0,36.6,28.2
2009-05-01,5,Coahuila,18.8,26.4,34.0,55.3
2009-05-01,6,Colima,19.7,26.6,33.6,8.2
2009-05-01,7,Chiapas,20.4,26.6,32.9,168.1
2009-05-01,8,Chihuahua,12.4,22.1,31.8,33.1
2009-05-01,9,Ciudad de México,13.4,20.4,27.5,41.7
2009-05-01,10,Durango,11.8,21.7,31.6,31.3
2009-05-01,11,Guanajuato,14.1,22.5,30.9,42.2
2009-05-01,12,Guerrero,20.3,27.4,34.6,60.1
2009-05-01,13,Hidalgo,12.8,20.8,28.9,74.6
2009-05-01,14,Jalisco,14.9,23.8,32.8,40.0
2009-05-01,15,Estado de México,9.3,17.3,25.4,57.3
2009-05-01,16,Michoacán,13.0,22.1,31.2,56.6
2009-05-01,17,Morelos,17.3,25.5,33.8,87.8
2009-05-01,18,Nayarit,19.0,27.3,35.6,15.5
2009-05-01,19,Nuevo León,19.4,26.6,33.7,43.9
2009-05-01,20,Oaxaca,20.6,27.1,33.7,72.2
2009-05-01,21,Puebla,12.5,20.1,27.8,91.7
2009-05-01,22,Querétaro,14.1,22.3,30.5,40.7
2009-05-01,23,Quintana Roo,23.9,28.7,33.5,86.5
2009-05-01,24,San Luis Potosí,18.7,26.4,34.1,65.9
2009-05-01,25,Sinaloa,18.2,27.2,36.1,11.6
2009-05-01,26,Sonora,14.7,25.0,35.4,11.1
2009-05-01,27,Tabasco,23.5,29.5,35.5,97.0
2009-05-01,28,Tamaulipas,21.7,28.0,34.3,92.9
2009-05-01,29,Tlaxcala,7.9,17.2,26.5,72.2
2009-05-01,30,Veracruz,20.1,26.0,31.9,63.3
2009-05-01,31,Yucatán,22.3,29.2,36.2,32.8
2009-05-01,32,Zacatecas,10.9,20.8,30.7,27.2
2009-06-01,0,Nacional,18.9,26.2,33.5,105.7
2009-06-01,1,Aguascalientes,13.7,22.4,31.1,86.0
2009-06-01,2,Baja California,16.0,23.1,30.2,1.1
2009-06-01,3,Baja California Sur,18.8,25.8,32.8,0.9
2009-06-01,4,Campeche,23.4,29.6,35.8,173.1
2009-06-01,5,Coahuila,21.4,28.7,36.1,34.9
2009-06-01,6,Colima,22.2,27.9,33.7,125.6
2009-06-01,7,Chiapas,20.7,26.2,31.8,369.0
2009-06-01,8,Chihuahua,16.8,25.3,33.8,69.6
2009-06-01,9,Ciudad de México,13.8,20.2,26.5,86.3
2009-06-01,10,Durango,15.1,23.6,32.0,76.5
2009-06-01,11,Guanajuato,14.7,22.7,30.7,137.3
2009-06-01,12,Guerrero,20.7,27.0,33.3,240.9
2009-06-01,13,Hidalgo,13.7,20.9,28.2,79.7
2009-06-01,14,Jalisco,16.8,24.4,32.1,129.4
2009-06-01,15,Estado de México,9.9,17.1,24.3,108.6
2009-06-01,16,Michoacán,14.3,22.1,30.0,134.3
2009-06-01,17,Morelos,16.9,24.0,31.2,190.0
2009-06-01,18,Nayarit,22.2,28.8,35.4,249.7
2009-06-01,19,Nuevo León,21.4,28.6,35.9,21.5
2009-06-01,20,Oaxaca,20.6,26.4,32.3,241.8
2009-06-01,21,Puebla,13.3,20.2,27.1,168.8
2009-06-01,22,Querétaro,14.9,22.4,30.0,88.3
2009-06-01,23,Quintana Roo,24.8,29.3,33.9,172.2
2009-06-01,24,San Luis Potosí,19.7,27.0,34.3,90.4
2009-06-01,25,Sinaloa,22.9,29.7,36.5,72.3
2009-06-01,26,Sonora,19.5,28.6,37.6,40.8
2009-06-01,27,Tabasco,24.0,29.6,35.2,176.8
2009-06-01,28,Tamaulipas,23.4,29.5,35.6,54.5
2009-06-01,29,Tlaxcala,9.0,17.0,25.0,124.9
2009-06-01,30,Veracruz,20.5,26.2,31.8,160.2
2009-06-01,31,Yucatán,23.0,29.3,35.7,111.1
2009-06-01,32,Zacatecas,13.4,21.8,30.2,86.9
2009-07-01,0,Nacional,18.9,25.3,31.6,101.3
2009-07-01,1,Aguascalientes,13.2,20.1,27.1,47.8
2009-07-01,2,Baja California,19.9,26.7,33.5,0.0
2009-07-01,3,Baja California Sur,21.6,28.1,34.5,4.1
2009-07-01,4,Campeche,22.2,28.1,34.1,163.6
2009-07-01,5,Coahuila,20.5,27.3,34.2,20.8
2009-07-01,6,Colima,21.5,26.9,32.2,154.8
2009-07-01,7,Chiapas,19.5,25.0,30.4,214.5
2009-07-01,8,Chihuahua,17.0,24.0,31.0,106.1
2009-07-01,9,Ciudad de México,12.8,18.3,23.9,103.6
2009-07-01,10,Durango,15.0,22.0,29.0,88.7
2009-07-01,11,Guanajuato,15.8,22.5,29.2,90.1
2009-07-01,12,Guerrero,19.4,25.2,31.0,158.1
2009-07-01,13,Hidalgo,13.2,19.0,24.8,46.8
2009-07-01,14,Jalisco,16.3,22.4,28.5,147.4
2009-07-01,15,Estado de México,9.9,15.7,21.5,98.6
2009-07-01,16,Michoacán,13.7,20.1,26.4,153.2
2009-07-01,17,Morelos,15.5,21.7,27.8,105.9
2009-07-01,18,Nayarit,21.5,26.9,32.4,251.1
2009-07-01,19,Nuevo León,21.0,27.6,34.2,32.2
2009-07-01,20,Oaxaca,19.2,24.7,30.1,201.8
2009-07-01,21,Puebla,12.6,18.8,25.1,153.0
2009-07-01,22,Querétaro,14.3,20.3,26.4,59.4
2009-07-01,23,Quintana Roo,23.6,28.2,32.9,65.3
2009-07-01,24,San Luis Potosí,18.9,25.2,31.5,55.8
2009-07-01,25,Sinaloa,23.3,29.4,35.4,153.1
2009-07-01,26,Sonora,22.8,29.9,37.1,108.0
2009-07-01,27,Tabasco,22.5,27.8,33.2,114.5
2009-07-01,28,Tamaulipas,22.7,28.5,34.3,22.4
2009-07-01,29,Tlaxcala,8.3,15.7,23.1,68.5
2009-07-01,30,Veracruz,19.4,24.6,29.7,165.5
2009-07-01,31,Yucatán,21.8,27.6,33.4,84.6
2009-07-01,32,Zacatecas,12.9,19.7,26.5,71.4
2009-08-01,0,Nacional,19.4,26.0,32.6,121.4
2009-08-01,1,Aguascalientes,13.2,21.1,29.0,95.5
2009-08-01,2,Baja California,20.7,27.8,34.9,1.0
2009-08-01,3,Baja California Sur,23.8,29.9,36.1,36.8
2009-08-01,4,Campeche,22.9,28.6,34.3,252.5
2009-08-01,5,Coahuila,21.5,28.7,35.9,22.6
2009-08-01,6,Colima,22.5,27.7,33.0,182.9
2009-08-01,7,Chiapas,20.2,25.4,30.6,333.7
2009-08-01,8,Chihuahua,17.1,24.4,31.7,95.0
2009-08-01,9,Ciudad de México,13.3,18.8,24.4,143.0
2009-08-01,10,Durango,15.1,22.4,29.7,121.4
2009-08-01,11,Guanajuato,14.2,21.6,29.0,78.9
2009-08-01,12,Guerrero,20.2,25.9,31.6,166.7
2009-08-01,13,Hidalgo,13.3,19.6,26.0,97.3
2009-08-01,14,Jalisco,16.7,23.1,29.4,142.8
2009-08-01,15,Estado de México,9.8,15.9,22.0,123.0
2009-08-01,16,Michoacán,13.7,20.5,27.3,133.6
2009-08-01,17,Morelos,15.9,22.3,28.8,202.6
2009-08-01,18,Nayarit,22.6,28.1,33.7,296.0
2009-08-01,19,Nuevo León,21.7,28.9,36.2,37.5
2009-08-01,20,Oaxaca,19.8,25.2,30.6,210.2
2009-08-01,21,Puebla,12.7,19.3,25.9,164.3
2009-08-01,22,Querétaro,14.2,21.0,27.8,77.4
2009-08-01,23,Quintana Roo,24.2,29.3,34.5,81.2
2009-08-01,24,San Luis Potosí,19.5,26.3,33.1,132.9
2009-08-01,25,Sinaloa,24.1,30.0,35.9,165.5
2009-08-01,26,Sonora,23.0,30.3,37.6,95.7
2009-08-01,27,Tabasco,23.3,28.3,33.3,248.2
2009-08-01,28,Tamaulipas,23.7,29.9,36.1,54.2
2009-08-01,29,Tlaxcala,8.4,16.0,23.6,88.6
2009-08-01,30,Veracruz,19.8,25.0,30.2,217.0
2009-08-01,31,Yucatán,22.4,28.5,34.6,124.6
2009-08-01,32,Zacatecas,12.8,20.3,27.9,101.7
2009-09-01,0,Nacional,18.7,24.7,30.7,153.4
2009-09-01,1,Aguascalientes,14.2,20.6,27.1,98.1
2009-09-01,2,Baja California,19.1,26.6,34.1,0.4
2009-09-01,3,Baja California Sur,22.6,28.7,34.7,100.0
2009-09-01,4,Campeche,23.0,28.5,34.0,190.6
2009-09-01,5,Coahuila,16.9,23.3,29.7,91.3
2009-09-01,6,Colima,21.4,26.3,31.2,159.6
2009-09-01,7,Chiapas,19.7,25.6,31.5,300.0
2009-09-01,8,Chihuahua,18.3,24.3,30.3,57.2
2009-09-01,9,Ciudad de México,13.4,18.1,22.9,227.8
2009-09-01,10,Durango,14.2,20.7,27.2,123.9
2009-09-01,11,Guanajuato,14.8,20.7,26.6,197.3
2009-09-01,12,Guerrero,19.6,24.5,29.4,214.3
2009-09-01,13,Hidalgo,13.8,19.2,24.6,247.3
2009-09-01,14,Jalisco,17.0,22.8,28.5,155.2
2009-09-01,15,Estado de México,9.8,15.2,20.6,216.1
2009-09-01,16,Michoacán,13.9,20.1,26.4,207.3
2009-09-01,17,Morelos,16.2,22.0,27.9,323.8
2009-09-01,18,Nayarit,22.5,27.9,33.4,215.3
2009-09-01,19,Nuevo León,20.1,25.6,31.1,167.1
2009-09-01,20,Oaxaca,19.7,24.7,29.7,264.6
2009-09-01,21,Puebla,13.1,18.7,24.4,349.9
2009-09-01,22,Querétaro,14.5,20.1,25.7,125.8
2009-09-01,23,Quintana Roo,24.0,29.0,34.1,117.8
2009-09-01,24,San Luis Potosí,21.3,26.8,32.3,305.7
2009-09-01,25,Sinaloa,21.5,27.4,33.4,84.5
2009-09-01,26,Sonora,20.9,28.6,36.3,70.8
2009-09-01,27,Tabasco,23.7,28.2,32.8,251.0
2009-09-01,28,Tamaulipas,22.2,27.4,32.7,211.9
2009-09-01,29,Tlaxcala,9.2,15.6,21.9,214.0
2009-09-01,30,Veracruz,20.4,24.8,29.3,358.2
2009-09-01,31,Yucatán,22.6,28.3,34.0,115.4
2009-09-01,32,Zacatecas,12.8,19.3,25.8,112.6
2009-10-01,0,Nacional,15.0,22.1,29.2,89.2
2009-10-01,1,Aguascalientes,9.9,18.3,26.8,51.1
2009-10-01,2,Baja California,14.0,20.8,27.6,0.7
2009-10-01,3,Baja California Sur,19.6,25.6,31.7,71.1
2009-10-01,4,Campeche,21.1,26.9,32.8,64.6
2009-10-01,5,Coahuila,14.7,22.2,29.7,26.5
2009-10-01,6,Colima,21.7,27.2,32.7,213.4
2009-10-01,7,Chiapas,18.9,24.5,30.2,245.9
2009-10-01,8,Chihuahua,10.3,18.6,26.9,66.5
2009-10-01,9,Ciudad de México,11.3,17.5,23.7,72.1
2009-10-01,10,Durango,9.6,18.0,26.5,54.6
2009-10-01,11,Guanajuato,12.7,19.4,26.1,53.5
2009-10-01,12,Guerrero,19.5,25.7,31.9,137.8
2009-10-01,13,Hidalgo,10.4,17.5,24.6,145.3
2009-10-01,14,Jalisco,13.9,21.2,28.5,66.3
2009-10-01,15,Estado de México,7.1,14.3,21.5,87.7
2009-10-01,16,Michoacán,11.0,18.8,26.6,61.7
2009-10-01,17,Morelos,14.7,21.9,29.1,102.1
2009-10-01,18,Nayarit,20.8,27.2,33.5,131.6
2009-10-01,19,Nuevo León,16.0,22.6,29.1,61.9
2009-10-01,20,Oaxaca,18.2,24.3,30.4,160.4
2009-10-01,21,Puebla,10.4,17.7,24.9,132.6
2009-10-01,22,Querétaro,11.6,18.9,26.2,63.0
2009-10-01,23,Quintana Roo,22.4,27.5,32.7,152.4
2009-10-01,24,San Luis Potosí,16.3,22.8,29.4,152.2
2009-10-01,25,Sinaloa,19.9,26.7,33.5,148.2
2009-10-01,26,Sonora,14.8,22.9,31.0,85.8
2009-10-01,27,Tabasco,22.4,27.1,31.9,158.7
2009-10-01,28,Tamaulipas,18.9,24.9,30.9,44.9
2009-10-01,29,Tlaxcala,6.2,14.6,23.1,66.8
2009-10-01,30,Veracruz,18.5,23.5,28.6,193.1
2009-10-01,31,Yucatán,20.6,26.7,32.7,39.9
2009-10-01,32,Zacatecas,8.5,17.1,25.7,38.2
2009-11-01,0,Nacional,10.4,18.4,26.4,37.2
2009-11-01,1,Aguascalientes,4.9,14.9,25.0,13.5
2009-11-01,2,Baja California,9.6,16.8,24.0,12.4
2009-11-01,3,Baja California Sur,13.5,21.0,28.6,0.3
2009-11-01,4,Campeche,19.5,24.9,30.4,137.3
2009-11-01,5,Coahuila,9.0,17.1,25.1,21.2
2009-11-01,6,Colima,18.5,25.6,32.8,0.0
2009-11-01,7,Chiapas,17.4,23.1,28.7,142.0
2009-11-01,8,Chihuahua,3.8,13.5,23.2,12.1
2009-11-01,9,Ciudad de México,8.2,15.3,22.3,0.7
2009-11-01,10,Durango,3.5,13.4,23.3,4.6
2009-11-01,11,Guanajuato,7.5,16.0,24.5,0.4
2009-11-01,12,Guerrero,17.3,24.3,31.3,6.3
2009-11-01,13,Hidalgo,7.3,15.0,22.7,18.4
2009-11-01,14,Jalisco,9.4,18.2,27.0,6.9
2009-11-01,15,Estado de México,3.8,12.2,20.6,1.7
2009-11-01,16,Michoacán,6.9,16.3,25.8,0.3
2009-11-01,17,Morelos,11.2,19.5,27.9,2.6
2009-11-01,18,Nayarit,15.7,24.3,33.0,47.2
2009-11-01,19,Nuevo León,9.9,17.9,26.0,48.1
2009-11-01,20,Oaxaca,16.5,22.7,29.0,16.4
2009-11-01,21,Puebla,8.0,15.7,23.4,30.8
2009-11-01,22,Querétaro,7.1,15.5,23.9,2.0
2009-11-01,23,Quintana Roo,20.0,25.5,30.9,243.3
2009-11-01,24,San Luis Potosí,11.8,19.1,26.5,30.9
2009-11-01,25,Sinaloa,14.2,23.3,32.4,9.4
2009-11-01,26,Sonora,8.8,18.1,27.5,5.9
2009-11-01,27,Tabasco,20.5,24.8,29.0,255.5
2009-11-01,28,Tamaulipas,14.0,20.8,27.7,45.6
2009-11-01,29,Tlaxcala,3.1,12.2,21.3,4.9
2009-11-01,30,Veracruz,15.8,21.0,26.1,107.2
2009-11-01,31,Yucatán,18.7,24.6,30.5,132.3
2009-11-01,32,Zacatecas,3.5,13.5,23.6,25.6
2009-12-01,0,Nacional,8.0,16.1,24.2,26.9
2009-12-01,1,Aguascalientes,2.9,13.0,23.0,6.3
2009-12-01,2,Baja California,7.7,14.3,21.0,33.6
2009-12-01,3,Baja California Sur,10.7,18.1,25.5,11.0
2009-12-01,4,Campeche,17.1,23.0,28.9,46.7
2009-12-01,5,Coahuila,5.2,13.1,21.0,18.7
2009-12-01,6,Colima,16.7,23.8,31.0,13.9
2009-12-01,7,Chiapas,15.7,22.0,28.3,58.4
2009-12-01,8,Chihuahua,1.0,10.8,20.6,10.4
2009-12-01,9,Ciudad de México,6.9,14.1,21.4,3.4
2009-12-01,10,Durango,1.0,11.2,21.5,11.6
2009-12-01,11,Guanajuato,6.9,15.1,23.4,12.7
2009-12-01,12,Guerrero,15.8,23.0,30.2,0.8
2009-12-01,13,Hidalgo,5.4,13.8,22.2,26.4
2009-12-01,14,Jalisco,8.8,17.5,26.3,9.2
2009-12-01,15,Estado de México,2.7,11.4,20.2,4.1
2009-12-01,16,Michoacán,5.9,15.3,24.7,6.4
2009-12-01,17,Morelos,10.3,18.7,27.1,3.3
2009-12-01,18,Nayarit,13.2,21.5,29.8,74.8
2009-12-01,19,Nuevo León,6.4,14.0,21.5,20.7
2009-12-01,20,Oaxaca,14.4,21.3,28.1,33.4
2009-12-01,21,Puebla,6.6,14.6,22.6,20.3
2009-12-01,22,Querétaro,5.8,14.3,22.9,16.5
2009-12-01,23,Quintana Roo,18.2,23.8,29.4,54.8
2009-12-01,24,San Luis Potosí,9.7,17.0,24.2,67.5
2009-12-01,25,Sinaloa,10.5,19.7,28.9,14.5
2009-12-01,26,Sonora,5.5,14.7,23.9,7.9
2009-12-01,27,Tabasco,18.7,23.1,27.6,111.5
2009-12-01,28,Tamaulipas,10.2,16.6,23.1,67.7
2009-12-01,29,Tlaxcala,1.9,11.4,20.9,6.9
2009-12-01,30,Veracruz,14.1,19.1,24.1,80.1
2009-12-01,31,Yucatán,16.3,22.4,28.6,46.4
2009-12-01,32,Zacatecas,1.8,11.9,22.0,18.1
2010-01-01,0,Nacional,7.5,15.6,23.8,40.1
2010-01-01,1,Aguascalientes,2.3,12.1,21.9,32.7
2010-01-01,2,Baja California,7.5,14.0,20.6,79.6
2010-01-01,3,Baja California Sur,9.6,17.2,24.7,6.4
2010-01-01,4,Campeche,16.5,22.5,28.6,51.3
2010-01-01,5,Coahuila,4.8,12.3,19.8,37.6
2010-01-01,6,Colima,15.4,23.1,30.9,26.7
2010-01-01,7,Chiapas,15.0,21.6,28.2,45.1
2010-01-01,8,Chihuahua,0.6,9.8,19.0,32.8
2010-01-01,9,Ciudad de México,6.9,13.9,20.8,25.8
2010-01-01,10,Durango,1.0,10.7,20.5,10.5
2010-01-01,11,Guanajuato,5.4,13.2,21.0,53.1
2010-01-01,12,Guerrero,15.5,22.7,30.0,36.4
2010-01-01,13,Hidalgo,6.1,13.8,21.6,61.7
2010-01-01,14,Jalisco,7.0,16.0,25.0,29.0
2010-01-01,15,Estado de México,3.0,10.6,18.2,35.1
2010-01-01,16,Michoacán,5.5,14.8,24.2,43.1
2010-01-01,17,Morelos,9.2,17.9,26.6,27.0
2010-01-01,18,Nayarit,11.4,20.5,29.7,19.6
2010-01-01,19,Nuevo León,6.3,13.3,20.3,29.1
2010-01-01,20,Oaxaca,14.2,20.8,27.3,19.4
2010-01-01,21,Puebla,6.4,13.4,20.5,59.8
2010-01-01,22,Querétaro,6.0,14.2,22.4,39.5
2010-01-01,23,Quintana Roo,17.7,23.3,28.9,76.8
2010-01-01,24,San Luis Potosí,9.4,16.2,23.0,52.5
2010-01-01,25,Sinaloa,9.6,19.0,28.3,15.9
2010-01-01,26,Sonora,4.9,13.8,22.7,59.8
2010-01-01,27,Tabasco,17.5,21.8,26.2,163.6
2010-01-01,28,Tamaulipas,10.1,16.3,22.5,23.9
2010-01-01,29,Tlaxcala,2.4,11.1,19.7,43.8
2010-01-01,30,Veracruz,13.2,18.1,23.0,80.4
2010-01-01,31,Yucatán,15.4,22.0,28.6,26.4
2010-01-01,32,Zacatecas,1.5,11.3,21.2,24.1
2010-02-01,0,Nacional,8.2,16.4,24.6,54.7
2010-02-01,1,Aguascalientes,4.1,13.7,23.3,109.0
2010-02-01,2,Baja California,6.4,12.5,18.6,57.0
2010-02-01,3,Baja California Sur,9.7,17.3,24.9,17.2
2010-02-01,4,Campeche,18.1,24.1,30.1,10.3
2010-02-01,5,Coahuila,5.9,14.1,22.3,31.4
2010-02-01,6,Colima,16.6,23.5,30.4,191.7
2010-02-01,7,Chiapas,16.7,23.2,29.8,17.8
2010-02-01,8,Chihuahua,1.2,11.0,20.9,21.1
2010-02-01,9,Ciudad de México,8.5,15.6,22.8,57.3
2010-02-01,10,Durango,1.9,12.0,22.1,38.7
2010-02-01,11,Guanajuato,6.8,14.1,21.4,151.6
2010-02-01,12,Guerrero,16.8,23.9,31.0,113.9
2010-02-01,13,Hidalgo,7.0,15.1,23.3,85.1
2010-02-01,14,Jalisco,8.6,17.4,26.2,122.3
2010-02-01,15,Estado de México,4.4,12.3,20.2,124.3
2010-02-01,16,Michoacán,7.0,15.8,24.6,179.1
2010-02-01,17,Morelos,11.3,19.7,28.2,100.9
2010-02-01,18,Nayarit,12.2,21.1,29.9,124.2
2010-02-01,19,Nuevo León,7.4,15.1,22.9,36.5
2010-02-01,20,Oaxaca,15.7,22.4,29.1,28.4
2010-02-01,21,Puebla,7.6,15.2,22.8,61.1
2010-02-01,22,Querétaro,7.2,15.2,23.2,139.9
2010-02-01,23,Quintana Roo,18.6,24.2,29.7,35.5
2010-02-01,24,San Luis Potosí,9.5,17.0,24.5,90.7
2010-02-01,25,Sinaloa,9.6,19.1,28.5,47.0
2010-02-01,26,Sonora,5.2,14.2,23.3,31.3
2010-02-01,27,Tabasco,18.8,23.3,27.8,52.6
2010-02-01,28,Tamaulipas,10.4,16.9,23.4,71.9
2010-02-01,29,Tlaxcala,3.8,12.7,21.6,67.7
2010-02-01,30,Veracruz,13.8,19.0,24.3,59.5
2010-02-01,31,Yucatán,16.7,23.3,29.9,14.3
2010-02-01,32,Zacatecas,3.2,12.7,22.2,87.4
2010-03-01,0,Nacional,10.8,19.6,28.4,7.1
2010-03-01,1,Aguascalientes,6.1,16.6,27.2,0.0
2010-03-01,2,Baja California,8.7,15.6,22.5,23.0
2010-03-01,3,Baja California Sur,11.3,19.3,27.4,1.9
2010-03-01,4,Campeche,18.9,25.6,32.3,3.6
2010-03-01,5,Coahuila,10.6,19.5,28.3,6.8
2010-03-01,6,Colima,16.7,23.9,31.1,0.0
2010-03-01,7,Chiapas,17.2,24.2,31.2,14.8
2010-03-01,8,Chihuahua,5.3,15.6,25.9,1.4
2010-03-01,9,Ciudad de México,9.7,17.7,25.8,1.6
2010-03-01,10,Durango,5.1,15.7,26.3,7.4
2010-03-01,11,Guanajuato,8.3,17.6,27.0,0.6
2010-03-01,12,Guerrero,17.5,24.9,32.4,0.0
2010-03-01,13,Hidalgo,8.0,17.2,26.5,5.3
2010-03-01,14,Jalisco,9.9,19.8,29.7,0.0
2010-03-01,15,Estado de México,5.3,14.4,23.4,0.4
2010-03-01,16,Michoacán,8.6,18.4,28.2,0.2
2010-03-01,17,Morelos,13.2,22.5,31.8,0.4
2010-03-01,18,Nayarit,13.6,22.9,32.3,0.3
2010-03-01,19,Nuevo León,11.4,20.0,28.5,14.3
2010-03-01,20,Oaxaca,16.6,24.0,31.4,17.7
2010-03-01,21,Puebla,8.9,17.2,25.6,15.4
2010-03-01,22,Querétaro,8.8,17.6,26.4,0.9
2010-03-01,23,Quintana Roo,19.0,24.8,30.6,10.9
2010-03-01,24,San Luis Potosí,12.9,21.4,30.0,4.4
2010-03-01,25,Sinaloa,11.9,21.9,31.9,1.9
2010-03-01,26,Sonora,8.2,18.2,28.2,6.4
2010-03-01,27,Tabasco,19.4,24.8,30.3,35.2
2010-03-01,28,Tamaulipas,14.4,21.7,28.9,6.0
2010-03-01,29,Tlaxcala,4.3,14.3,24.2,3.2
2010-03-01,30,Veracruz,15.4,21.5,27.7,19.7
2010-03-01,31,Yucatán,16.7,24.4,32.2,11.4
2010-03-01,32,Zacatecas,5.3,15.8,26.3,0.4
2010-04-01,0,Nacional,14.2,22.7,31.1,40.2
2010-04-01,1,Aguascalientes,8.7,19.4,30.2,0.6
2010-04-01,2,Baja California,10.1,17.0,24.0,30.3
2010-04-01,3,Baja California Sur,13.3,21.0,28.7,0.0
2010-04-01,4,Campeche,22.2,29.1,36.0,29.1
2010-04-01,5,Coahuila,15.7,24.1,32.6,80.2
2010-04-01,6,Colima,18.0,25.1,32.3,0.0
2010-04-01,7,Chiapas,19.7,26.4,33.2,70.4
2010-04-01,8,Chihuahua,9.6,19.5,29.4,13.0
2010-04-01,9,Ciudad de México,12.0,19.5,27.0,14.9
2010-04-01,10,Durango,8.4,19.0,29.7,3.8
2010-04-01,11,Guanajuato,11.0,20.0,29.1,5.5
2010-04-01,12,Guerrero,19.3,26.6,33.8,0.0
2010-04-01,13,Hidalgo,11.6,20.1,28.7,59.0
2010-04-01,14,Jalisco,12.1,21.8,31.5,0.8
2010-04-01,15,Estado de México,7.6,16.2,24.9,12.3
2010-04-01,16,Michoacán,13.0,22.4,31.8,1.7
2010-04-01,17,Morelos,15.1,24.1,33.2,9.6
2010-04-01,18,Nayarit,15.5,24.6,33.7,0.1
2010-04-01,19,Nuevo León,16.2,23.6,31.0,162.4
2010-04-01,20,Oaxaca,19.2,26.5,33.7,45.7
2010-04-01,21,Puebla,11.5,19.6,27.8,55.1
2010-04-01,22,Querétaro,12.5,20.8,29.1,22.1
2010-04-01,23,Quintana Roo,22.9,27.9,32.8,221.9
2010-04-01,24,San Luis Potosí,17.3,25.3,33.4,94.6
2010-04-01,25,Sinaloa,14.6,23.7,32.8,1.1
2010-04-01,26,Sonora,11.3,20.9,30.5,6.2
2010-04-01,27,Tabasco,22.7,28.5,34.3,37.2
2010-04-01,28,Tamaulipas,19.3,25.8,32.4,111.9
2010-04-01,29,Tlaxcala,7.0,16.6,26.2,58.5
2010-04-01,30,Veracruz,19.2,25.2,31.2,89.0
2010-04-01,31,Yucatán,20.7,28.2,35.7,53.8
2010-04-01,32,Zacatecas,8.0,18.6,29.3,1.6
2010-05-01,0,Nacional,16.4,24.8,33.2,35.3
2010-05-01,1,Aguascalientes,11.3,21.9,32.6,5.3
2010-05-01,2,Baja California,11.8,19.2,26.6,0.0
2010-05-01,3,Baja California Sur,15.0,22.9,30.9,0.0
2010-05-01,4,Campeche,23.7,30.3,36.9,107.4
2010-05-01,5,Coahuila,18.9,26.9,35.0,83.0
2010-05-01,6,Colima,20.3,26.8,33.4,0.1
2010-05-01,7,Chiapas,21.0,27.2,33.5,186.4
2010-05-01,8,Chihuahua,12.1,22.3,32.6,4.1
2010-05-01,9,Ciudad de México,13.8,21.1,28.4,27.3
2010-05-01,10,Durango,11.4,21.8,32.3,7.8
2010-05-01,11,Guanajuato,13.2,22.5,31.8,6.5
2010-05-01,12,Guerrero,21.2,28.0,34.9,7.4
2010-05-01,13,Hidalgo,13.2,21.5,29.9,32.7
2010-05-01,14,Jalisco,14.7,24.3,34.0,5.0
2010-05-01,15,Estado de México,9.7,18.1,26.5,22.8
2010-05-01,16,Michoacán,13.6,22.9,32.3,10.3
2010-05-01,17,Morelos,17.2,25.6,34.1,7.1
2010-05-01,18,Nayarit,18.4,27.0,35.5,0.2
2010-05-01,19,Nuevo León,20.0,27.2,34.5,49.9
2010-05-01,20,Oaxaca,21.0,27.9,34.9,25.0
2010-05-01,21,Puebla,12.9,20.9,29.0,37.2
2010-05-01,22,Querétaro,14.5,22.8,31.1,11.0
2010-05-01,23,Quintana Roo,24.2,29.0,33.7,187.9
2010-05-01,24,San Luis Potosí,19.4,27.3,35.2,49.3
2010-05-01,25,Sinaloa,17.1,26.4,35.7,0.6
2010-05-01,26,Sonora,13.3,23.7,34.0,0.0
2010-05-01,27,Tabasco,23.8,29.7,35.6,73.0
2010-05-01,28,Tamaulipas,21.9,28.2,34.5,76.3
2010-05-01,29,Tlaxcala,8.3,17.8,27.3,35.6
2010-05-01,30,Veracruz,20.6,26.7,32.8,23.7
2010-05-01,31,Yucatán,22.3,29.3,36.3,96.6
2010-05-01,32,Zacatecas,10.8,21.4,32.0,2.7
2010-06-01,0,Nacional,18.8,26.1,33.4,109.2
2010-06-01,1,Aguascalientes,13.5,22.2,30.9,56.4
2010-06-01,2,Baja California,16.1,23.6,31.1,0.0
2010-06-01,3,Baja California Sur,18.2,25.2,32.2,0.0
2010-06-01,4,Campeche,23.2,28.9,34.7,327.7
2010-06-01,5,Coahuila,21.0,28.4,35.8,74.1
2010-06-01,6,Colima,21.9,27.3,32.7,83.2
2010-06-01,7,Chiapas,20.6,25.9,31.3,507.5
2010-06-01,8,Chihuahua,17.2,26.2,35.2,36.9
2010-06-01,9,Ciudad de México,13.6,19.7,25.9,94.3
2010-06-01,10,Durango,15.1,24.0,33.0,59.4
2010-06-01,11,Guanajuato,15.0,23.1,31.1,79.5
2010-06-01,12,Guerrero,20.8,26.6,32.4,201.7
2010-06-01,13,Hidalgo,13.0,20.3,27.6,48.8
2010-06-01,14,Jalisco,16.6,24.2,31.9,125.4
2010-06-01,15,Estado de México,9.5,16.6,23.8,89.7
2010-06-01,16,Michoacán,14.5,22.0,29.5,131.4
2010-06-01,17,Morelos,16.7,23.8,30.9,182.8
2010-06-01,18,Nayarit,22.2,28.5,34.8,54.0
2010-06-01,19,Nuevo León,21.3,28.2,35.2,209.6
2010-06-01,20,Oaxaca,20.3,25.9,31.6,241.1
2010-06-01,21,Puebla,12.9,19.8,26.8,117.1
2010-06-01,22,Querétaro,14.3,21.3,28.3,86.2
2010-06-01,23,Quintana Roo,24.3,28.6,32.9,120.9
2010-06-01,24,San Luis Potosí,19.6,26.8,34.0,85.4
2010-06-01,25,Sinaloa,23.0,29.3,35.7,3.1
2010-06-01,26,Sonora,19.6,28.8,38.1,5.1
2010-06-01,27,Tabasco,23.4,28.7,34.0,319.8
2010-06-01,28,Tamaulipas,23.0,29.0,35.1,131.6
2010-06-01,29,Tlaxcala,8.6,16.7,24.9,80.3
2010-06-01,30,Veracruz,20.4,25.9,31.5,131.9
2010-06-01,31,Yucatán,22.8,28.6,34.4,180.0
2010-06-01,32,Zacatecas,13.1,21.8,30.5,36.6
2010-07-01,0,Nacional,19.5,25.5,31.5,244.2
2010-07-01,1,Aguascalientes,14.1,20.6,27.1,138.7
2010-07-01,2,Baja California,19.7,26.3,33.0,0.4
2010-07-01,3,Baja California Sur,21.8,28.1,34.5,0.8
2010-07-01,4,Campeche,23.0,28.4,33.9,266.0
2010-07-01,5,Coahuila,20.9,27.5,34.1,177.8
2010-07-01,6,Colima,22.1,26.8,31.5,238.7
2010-07-01,7,Chiapas,20.2,25.3,30.4,395.1
2010-07-01,8,Chihuahua,17.8,24.7,31.6,180.1
2010-07-01,9,Ciudad de México,13.0,18.1,23.1,203.3
2010-07-01,10,Durango,15.4,22.4,29.4,199.0
2010-07-01,11,Guanajuato,15.1,20.6,26.2,243.0
2010-07-01,12,Guerrero,20.0,25.1,30.3,318.4
2010-07-01,13,Hidalgo,13.4,18.8,24.2,337.9
2010-07-01,14,Jalisco,17.0,22.7,28.4,282.8
2010-07-01,15,Estado de México,10.1,15.5,20.9,243.7
2010-07-01,16,Michoacán,14.9,20.7,26.4,330.1
2010-07-01,17,Morelos,16.3,22.2,28.0,304.7
2010-07-01,18,Nayarit,22.3,27.4,32.5,471.2
2010-07-01,19,Nuevo León,21.6,27.3,33.1,352.7
2010-07-01,20,Oaxaca,20.0,25.0,30.1,371.3
2010-07-01,21,Puebla,13.2,18.9,24.6,354.4
2010-07-01,22,Querétaro,15.2,20.6,26.0,204.4
2010-07-01,23,Quintana Roo,24.2,28.5,32.9,292.1
2010-07-01,24,San Luis Potosí,19.9,25.3,30.7,563.6
2010-07-01,25,Sinaloa,23.9,29.7,35.6,154.0
2010-07-01,26,Sonora,23.0,30.1,37.3,130.7
2010-07-01,27,Tabasco,22.9,27.8,32.7,310.1
2010-07-01,28,Tamaulipas,23.1,28.2,33.3,327.7
2010-07-01,29,Tlaxcala,9.3,15.9,22.4,237.3
2010-07-01,30,Veracruz,20.3,24.9,29.6,432.2
2010-07-01,31,Yucatán,22.5,27.7,33.0,228.7
2010-07-01,32,Zacatecas,13.5,20.0,26.4,160.0
2010-08-01,0,Nacional,19.1,25.7,32.2,194.6
2010-08-01,1,Aguascalientes,13.0,20.7,28.4,70.6
2010-08-01,2,Baja California,20.3,27.3,34.3,2.9
2010-08-01,3,Baja California Sur,23.1,29.2,35.4,6.7
2010-08-01,4,Campeche,22.6,28.2,33.8,279.2
2010-08-01,5,Coahuila,21.1,28.5,36.0,16.3
2010-08-01,6,Colima,21.9,26.8,31.7,356.2
2010-08-01,7,Chiapas,19.7,24.9,30.0,756.7
2010-08-01,8,Chihuahua,17.0,24.6,32.3,76.3
2010-08-01,9,Ciudad de México,13.0,18.5,24.0,174.5
2010-08-01,10,Durango,14.9,22.6,30.2,75.6
2010-08-01,11,Guanajuato,14.4,21.0,27.6,125.8
2010-08-01,12,Guerrero,19.7,24.9,30.1,518.2
2010-08-01,13,Hidalgo,12.8,19.1,25.5,100.9
2010-08-01,14,Jalisco,16.2,22.6,28.9,216.9
2010-08-01,15,Estado de México,9.3,15.3,21.3,161.5
2010-08-01,16,Michoacán,14.2,20.5,26.8,232.7
2010-08-01,17,Morelos,15.5,21.8,28.1,316.0
2010-08-01,18,Nayarit,22.1,27.6,33.0,507.4
2010-08-01,19,Nuevo León,21.4,28.6,35.8,45.5
2010-08-01,20,Oaxaca,19.4,24.7,30.0,679.3
2010-08-01,21,Puebla,12.7,19.0,25.3,279.2
2010-08-01,22,Querétaro,14.0,20.4,26.9,79.4
2010-08-01,23,Quintana Roo,23.9,28.8,33.8,130.2
2010-08-01,24,San Luis Potosí,19.5,26.0,32.5,107.1
2010-08-01,25,Sinaloa,23.6,29.3,35.1,191.7
2010-08-01,26,Sonora,22.6,29.8,36.9,117.9
2010-08-01,27,Tabasco,22.6,27.5,32.3,664.8
2010-08-01,28,Tamaulipas,23.2,29.1,35.1,44.5
2010-08-01,29,Tlaxcala,8.7,16.1,23.5,164.6
2010-08-01,30,Veracruz,20.0,25.1,30.2,395.6
2010-08-01,31,Yucatán,21.9,27.8,33.7,219.0
2010-08-01,32,Zacatecas,12.6,20.1,27.7,79.6
2010-09-01,0,Nacional,18.5,24.8,31.1,197.0
2010-09-01,1,Aguascalientes,12.9,20.1,27.3,77.6
2010-09-01,2,Baja California,18.5,25.7,32.9,3.9
2010-09-01,3,Baja California Sur,22.8,28.8,34.8,73.7
2010-09-01,4,Campeche,22.9,27.9,33.0,237.5
2010-09-01,5,Coahuila,17.2,24.6,32.0,81.9
2010-09-01,6,Colima,21.2,25.8,30.4,301.1
2010-09-01,7,Chiapas,19.4,25.0,30.6,559.5
2010-09-01,8,Chihuahua,18.6,25.0,31.4,100.2
2010-09-01,9,Ciudad de México,12.7,17.8,22.9,93.7
2010-09-01,10,Durango,13.5,20.9,28.4,154.0
2010-09-01,11,Guanajuato,19.9,24.9,29.9,131.3
2010-09-01,12,Guerrero,19.5,24.1,28.7,310.0
2010-09-01,13,Hidalgo,12.3,18.4,24.6,174.2
2010-09-01,14,Jalisco,16.2,22.4,28.5,156.9
2010-09-01,15,Estado de México,8.6,14.6,20.6,114.3
2010-09-01,16,Michoacán,13.8,20.3,26.8,152.7
2010-09-01,17,Morelos,15.8,21.8,27.8,249.3
2010-09-01,18,Nayarit,22.6,27.8,32.9,462.5
2010-09-01,19,Nuevo León,20.1,26.7,33.3,322.2
2010-09-01,20,Oaxaca,19.4,24.2,29.1,460.5
2010-09-01,21,Puebla,12.4,18.4,24.4,273.6
2010-09-01,22,Querétaro,13.0,19.5,25.9,130.7
2010-09-01,23,Quintana Roo,23.8,28.7,33.6,217.9
2010-09-01,24,San Luis Potosí,20.8,27.0,33.1,284.9
2010-09-01,25,Sinaloa,21.6,27.4,33.2,175.5
2010-09-01,26,Sonora,21.2,28.9,36.6,80.0
2010-09-01,27,Tabasco,22.8,27.0,31.2,551.7
2010-09-01,28,Tamaulipas,22.1,27.9,33.7,207.3
2010-09-01,29,Tlaxcala,8.7,15.4,22.1,125.3
2010-09-01,30,Veracruz,19.8,24.5,29.2,397.2
2010-09-01,31,Yucatán,22.4,27.6,32.9,182.5
2010-09-01,32,Zacatecas,12.1,19.1,26.2,115.5
2010-10-01,0,Nacional,14.3,21.9,29.6,17.8
2010-10-01,1,Aguascalientes,8.1,17.4,26.8,2.2
2010-10-01,2,Baja California,14.8,21.6,28.3,29.7
2010-10-01,3,Baja California Sur,19.1,25.9,32.7,2.1
2010-10-01,4,Campeche,20.6,25.9,31.2,56.0
2010-10-01,5,Coahuila,14.1,22.3,30.6,2.0
2010-10-01,6,Colima,21.4,27.0,32.6,3.1
2010-10-01,7,Chiapas,18.2,23.4,28.7,58.4
2010-10-01,8,Chihuahua,9.7,19.1,28.4,3.7
2010-10-01,9,Ciudad de México,9.8,16.4,23.0,3.7
2010-10-01,10,Durango,8.9,18.3,27.7,2.9
2010-10-01,11,Guanajuato,8.9,17.9,26.9,0.7
2010-10-01,12,Guerrero,18.9,25.2,31.5,9.0
2010-10-01,13,Hidalgo,8.2,16.1,24.0,20.4
2010-10-01,14,Jalisco,12.8,20.5,28.3,1.2
2010-10-01,15,Estado de México,5.4,13.1,20.8,3.8
2010-10-01,16,Michoacán,10.3,18.7,27.1,2.9
2010-10-01,17,Morelos,13.3,20.9,28.6,1.8
2010-10-01,18,Nayarit,20.8,27.2,33.7,10.3
2010-10-01,19,Nuevo León,15.1,22.5,29.9,8.4
2010-10-01,20,Oaxaca,17.1,23.3,29.5,18.3
2010-10-01,21,Puebla,9.0,16.7,24.5,62.5
2010-10-01,22,Querétaro,9.6,17.7,25.8,2.9
2010-10-01,23,Quintana Roo,21.4,26.5,31.6,63.8
2010-10-01,24,San Luis Potosí,14.8,22.3,29.8,22.6
2010-10-01,25,Sinaloa,19.5,27.3,35.2,5.5
2010-10-01,26,Sonora,14.7,23.9,33.1,10.7
2010-10-01,27,Tabasco,21.4,25.6,29.8,91.6
2010-10-01,28,Tamaulipas,17.5,24.3,31.1,9.9
2010-10-01,29,Tlaxcala,4.8,13.8,22.8,7.8
2010-10-01,30,Veracruz,17.2,22.5,27.9,87.0
2010-10-01,31,Yucatán,19.6,25.1,30.6,39.8
2010-10-01,32,Zacatecas,7.4,16.6,25.8,1.1
2010-11-01,0,Nacional,10.4,18.4,26.5,15.2
2010-11-01,1,Aguascalientes,4.9,15.1,25.4,0.0
2010-11-01,2,Baja California,9.4,15.7,22.1,8.9
2010-11-01,3,Baja California Sur,13.6,20.7,27.8,0.0
2010-11-01,4,Campeche,19.5,24.9,30.3,48.0
2010-11-01,5,Coahuila,9.3,17.6,26.0,0.9
2010-11-01,6,Colima,18.4,25.1,31.8,0.0
2010-11-01,7,Chiapas,17.1,23.0,28.9,89.9
2010-11-01,8,Chihuahua,3.7,13.4,23.1,0.2
2010-11-01,9,Ciudad de México,8.2,15.2,22.2,1.4
2010-11-01,10,Durango,3.7,13.9,24.1,0.0
2010-11-01,11,Guanajuato,6.0,15.8,25.7,0.0
2010-11-01,12,Guerrero,17.4,24.3,31.2,6.0
2010-11-01,13,Hidalgo,6.8,15.0,23.2,9.2
2010-11-01,14,Jalisco,9.6,18.2,26.9,0.0
2010-11-01,15,Estado de México,4.0,12.3,20.6,1.8
2010-11-01,16,Michoacán,7.5,16.9,26.2,2.1
2010-11-01,17,Morelos,11.4,20.0,28.5,7.3
2010-11-01,18,Nayarit,15.7,24.0,32.4,0.0
2010-11-01,19,Nuevo León,10.4,18.5,26.6,0.0
2010-11-01,20,Oaxaca,15.9,22.6,29.3,26.9
2010-11-01,21,Puebla,8.0,15.8,23.6,43.0
2010-11-01,22,Querétaro,7.0,15.8,24.7,0.0
2010-11-01,23,Quintana Roo,19.9,25.4,30.8,130.7
2010-11-01,24,San Luis Potosí,12.1,19.8,27.5,2.4
2010-11-01,25,Sinaloa,13.2,22.3,31.5,0.0
2010-11-01,26,Sonora,8.1,17.1,26.1,0.0
2010-11-01,27,Tabasco,20.1,24.5,28.9,207.6
2010-11-01,28,Tamaulipas,14.0,21.1,28.1,0.1
2010-11-01,29,Tlaxcala,3.3,12.6,22.0,5.0
2010-11-01,30,Veracruz,15.7,21.1,26.5,47.5
2010-11-01,31,Yucatán,18.3,24.1,30.0,16.8
2010-11-01,32,Zacatecas,3.4,13.9,24.3,0.0
2010-12-01,0,Nacional,7.5,16.2,24.9,6.7
2010-12-01,1,Aguascalientes,3.0,13.4,23.8,0.0
2010-12-01,2,Baja California,5.9,12.9,20.0,61.7
2010-12-01,3,Baja California Sur,10.7,17.5,24.4,0.5
2010-12-01,4,Campeche,16.5,22.5,28.4,9.1
2010-12-01,5,Coahuila,5.4,13.4,21.4,0.0
2010-12-01,6,Colima,16.5,23.5,30.5,0.0
2010-12-01,7,Chiapas,14.7,21.2,27.8,28.7
2010-12-01,8,Chihuahua,0.9,10.7,20.5,0.2
2010-12-01,9,Ciudad de México,5.6,13.4,21.3,0.1
2010-12-01,10,Durango,1.0,11.5,22.0,0.2
2010-12-01,11,Guanajuato,3.4,13.7,24.0,0.1
2010-12-01,12,Guerrero,15.0,22.4,29.7,0.0
2010-12-01,13,Hidalgo,4.6,13.5,22.4,3.5
2010-12-01,14,Jalisco,7.9,17.4,26.8,0.0
2010-12-01,15,Estado de México,2.1,11.3,20.5,0.0
2010-12-01,16,Michoacán,5.5,15.6,25.6,0.0
2010-12-01,17,Morelos,8.8,17.9,27.1,0.0
2010-12-01,18,Nayarit,12.5,21.2,29.9,0.0
2010-12-01,19,Nuevo León,6.5,14.4,22.2,0.6
2010-12-01,20,Oaxaca,13.3,20.6,28.0,6.5
2010-12-01,21,Puebla,5.7,14.2,22.7,6.7
2010-12-01,22,Querétaro,5.7,15.0,24.3,0.1
2010-12-01,23,Quintana Roo,17.4,23.3,29.1,15.2
2010-12-01,24,San Luis Potosí,8.5,16.8,25.2,2.5
2010-12-01,25,Sinaloa,9.5,18.7,27.9,0.1
2010-12-01,26,Sonora,5.1,13.8,22.6,4.9
2010-12-01,27,Tabasco,16.8,21.8,26.9,54.7
2010-12-01,28,Tamaulipas,10.6,17.4,24.3,0.1
2010-12-01,29,Tlaxcala,0.9,11.3,21.7,0.0
2010-12-01,30,Veracruz,13.2,18.6,24.0,27.4
2010-12-01,31,Yucatán,15.2,21.6,28.0,2.3
2010-12-01,32,Zacatecas,1.7,12.5,23.2,0.0
2011-01-01,0,Nacional,8.1,16.3,24.6,16.5
2011-01-01,1,Aguascalientes,2.6,12.9,23.3,0.5
2011-01-01,2,Baja California,8.5,14.9,21.2,5.0
2011-01-01,3,Baja California Sur,9.4,17.1,24.8,0.1
2011-01-01,4,Campeche,18.0,23.8,29.6,65.8
2011-01-01,5,Coahuila,5.8,13.9,22.1,7.6
2011-01-01,6,Colima,15.7,23.3,30.9,0.0
2011-01-01,7,Chiapas,16.2,22.8,29.4,46.0
2011-01-01,8,Chihuahua,0.9,10.8,20.8,2.9
2011-01-01,9,Ciudad de México,7.0,14.3,21.7,0.1
2011-01-01,10,Durango,1.5,11.8,22.2,0.9
2011-01-01,11,Guanajuato,5.2,14.7,24.2,1.9
2011-01-01,12,Guerrero,16.0,23.4,30.7,0.0
2011-01-01,13,Hidalgo,6.1,14.4,22.6,13.5
2011-01-01,14,Jalisco,7.5,16.6,25.7,0.6
2011-01-01,15,Estado de México,3.0,11.2,19.5,0.7
2011-01-01,16,Michoacán,6.1,15.6,25.2,0.6
2011-01-01,17,Morelos,9.3,18.7,28.1,0.0
2011-01-01,18,Nayarit,11.1,20.7,30.3,0.7
2011-01-01,19,Nuevo León,7.2,15.0,22.7,23.8
2011-01-01,20,Oaxaca,14.7,21.6,28.6,35.6
2011-01-01,21,Puebla,7.0,15.0,23.0,15.8
2011-01-01,22,Querétaro,6.4,15.1,23.9,0.1
2011-01-01,23,Quintana Roo,18.9,24.2,29.5,40.1
2011-01-01,24,San Luis Potosí,10.5,17.6,24.7,16.0
2011-01-01,25,Sinaloa,9.0,18.9,28.9,0.1
2011-01-01,26,Sonora,5.0,14.6,24.2,0.7
2011-01-01,27,Tabasco,17.1,22.1,27.0,159.1
2011-01-01,28,Tamaulipas,11.6,17.7,23.9,33.7
2011-01-01,29,Tlaxcala,1.9,11.5,21.2,0.0
2011-01-01,30,Veracruz,14.2,19.2,24.3,76.4
2011-01-01,31,Yucatán,16.3,22.7,29.1,48.0
2011-01-01,32,Zacatecas,1.7,12.1,22.5,0.1
2011-02-01,0,Nacional,9.2,17.1,25.1,10.1
2011-02-01,1,Aguascalientes,5.2,14.5,23.8,0.0
2011-02-01,2,Baja California,5.8,12.1,18.5,75.2
2011-02-01,3,Baja California Sur,9.2,16.7,24.1,0.4
2011-02-01,4,Campeche,19.2,25.0,30.7,10.0
2011-02-01,5,Coahuila,7.5,15.5,23.5,0.5
2011-02-01,6,Colima,17.1,23.7,30.3,0.0
2011-02-01,7,Chiapas,17.2,23.2,29.3,37.1
2011-02-01,8,Chihuahua,2.1,12.0,22.0,0.3
2011-02-01,9,Ciudad de México,9.2,15.8,22.5,0.7
2011-02-01,10,Durango,2.8,13.1,23.5,0.0
2011-02-01,11,Guanajuato,7.1,16.8,26.4,0.0
2011-02-01,12,Guerrero,17.3,24.1,31.0,0.0
2011-02-01,13,Hidalgo,7.9,15.6,23.3,4.5
2011-02-01,14,Jalisco,9.6,17.9,26.3,0.0
2011-02-01,15,Estado de México,5.2,12.8,20.5,0.3
2011-02-01,16,Michoacán,8.3,16.8,25.3,0.0
2011-02-01,17,Morelos,11.9,20.2,28.5,0.0
2011-02-01,18,Nayarit,12.3,21.1,29.9,0.0
2011-02-01,19,Nuevo León,9.3,16.5,23.7,0.0
2011-02-01,20,Oaxaca,16.4,23.1,29.8,6.3
2011-02-01,21,Puebla,8.5,16.0,23.6,7.4
2011-02-01,22,Querétaro,8.5,16.5,24.5,0.1
2011-02-01,23,Quintana Roo,19.2,24.4,29.7,91.2
2011-02-01,24,San Luis Potosí,11.6,18.5,25.4,2.8
2011-02-01,25,Sinaloa,9.1,18.9,28.6,0.0
2011-02-01,26,Sonora,4.9,14.3,23.7,1.7
2011-02-01,27,Tabasco,19.4,23.7,28.0,120.9
2011-02-01,28,Tamaulipas,12.4,18.4,24.3,0.3
2011-02-01,29,Tlaxcala,4.4,13.3,22.2,0.0
2011-02-01,30,Veracruz,14.8,20.0,25.2,18.5
2011-02-01,31,Yucatán,17.8,24.1,30.4,34.4
2011-02-01,32,Zacatecas,4.4,13.7,23.1,0.4
2011-03-01,0,Nacional,11.8,20.3,28.8,11.8
2011-03-01,1,Aguascalientes,7.4,18.0,28.6,0.0
2011-03-01,2,Baja California,8.0,15.3,22.7,29.9
2011-03-01,3,Baja California Sur,11.4,19.3,27.2,0.6
2011-03-01,4,Campeche,20.6,27.1,33.6,16.4
2011-03-01,5,Coahuila,12.7,21.4,30.0,2.5
2011-03-01,6,Colima,17.4,24.2,31.0,0.0
2011-03-01,7,Chiapas,17.7,24.5,31.4,84.3
2011-03-01,8,Chihuahua,6.2,16.7,27.2,0.0
2011-03-01,9,Ciudad de México,9.6,17.4,25.3,8.1
2011-03-01,10,Durango,6.3,17.3,28.3,0.0
2011-03-01,11,Guanajuato,8.8,18.7,28.6,0.1
2011-03-01,12,Guerrero,18.1,25.5,32.9,0.7
2011-03-01,13,Hidalgo,8.4,17.5,26.7,6.4
2011-03-01,14,Jalisco,10.5,20.4,30.3,0.2
2011-03-01,15,Estado de México,5.6,14.5,23.4,2.2
2011-03-01,16,Michoacán,9.8,19.5,29.3,1.1
2011-03-01,17,Morelos,13.1,22.4,31.8,1.8
2011-03-01,18,Nayarit,13.7,23.1,32.6,0.0
2011-03-01,19,Nuevo León,13.8,21.7,29.7,12.1
2011-03-01,20,Oaxaca,17.1,24.7,32.4,3.8
2011-03-01,21,Puebla,9.5,17.9,26.3,26.6
2011-03-01,22,Querétaro,9.7,18.7,27.7,8.4
2011-03-01,23,Quintana Roo,21.1,26.3,31.5,100.9
2011-03-01,24,San Luis Potosí,15.2,23.1,31.0,14.3
2011-03-01,25,Sinaloa,11.3,21.8,32.2,0.0
2011-03-01,26,Sonora,7.9,18.4,28.9,0.1
2011-03-01,27,Tabasco,20.5,26.2,31.8,106.9
2011-03-01,28,Tamaulipas,16.9,23.5,30.1,7.7
2011-03-01,29,Tlaxcala,4.3,14.7,25.1,7.0
2011-03-01,30,Veracruz,16.7,22.9,29.1,21.8
2011-03-01,31,Yucatán,18.6,26.1,33.6,24.6
2011-03-01,32,Zacatecas,6.7,18.9,31.1,0.1
2011-04-01,0,Nacional,14.4,23.0,31.7,8.5
2011-04-01,1,Aguascalientes,8.8,19.5,30.3,0.4
2011-04-01,2,Baja California,10.7,17.8,25.0,10.5
2011-04-01,3,Baja California Sur,13.4,21.1,28.8,0.4
2011-04-01,4,Campeche,22.0,28.9,35.8,17.1
2011-04-01,5,Coahuila,17.0,25.1,33.2,4.7
2011-04-01,6,Colima,14.6,22.7,30.8,0.1
2011-04-01,7,Chiapas,18.0,24.8,31.6,74.2
2011-04-01,8,Chihuahua,13.8,23.0,32.1,0.0
2011-04-01,9,Ciudad de México,11.7,19.0,26.3,39.8
2011-04-01,10,Durango,9.2,20.1,31.0,0.2
2011-04-01,11,Guanajuato,12.2,21.8,31.5,7.4
2011-04-01,12,Guerrero,17.1,24.6,32.1,9.6
2011-04-01,13,Hidalgo,11.0,19.8,28.6,36.6
2011-04-01,14,Jalisco,11.9,21.8,31.6,2.7
2011-04-01,15,Estado de México,7.2,15.6,24.0,20.8
2011-04-01,16,Michoacán,13.0,22.7,32.4,5.9
2011-04-01,17,Morelos,14.9,23.8,32.8,8.1
2011-04-01,18,Nayarit,14.7,24.0,33.3,0.0
2011-04-01,19,Nuevo León,16.7,24.5,32.4,4.3
2011-04-01,20,Oaxaca,18.5,26.0,33.6,16.6
2011-04-01,21,Puebla,11.0,19.4,27.8,39.1
2011-04-01,22,Querétaro,12.4,21.0,29.6,3.7
2011-04-01,23,Quintana Roo,22.8,27.7,32.6,3.2
2011-04-01,24,San Luis Potosí,16.2,25.4,34.6,5.0
2011-04-01,25,Sinaloa,15.4,24.0,32.6,0.1
2011-04-01,26,Sonora,11.6,21.7,31.8,1.6
2011-04-01,27,Tabasco,20.3,26.2,32.2,25.9
2011-04-01,28,Tamaulipas,20.1,26.5,33.0,0.3
2011-04-01,29,Tlaxcala,6.3,16.0,25.7,32.0
2011-04-01,30,Veracruz,19.1,25.4,31.8,14.6
2011-04-01,31,Yucatán,20.4,27.8,35.2,4.8
2011-04-01,32,Zacatecas,8.1,19.0,29.8,0.1
2011-05-01,0,Nacional,16.8,25.0,33.3,18.8
2011-05-01,1,Aguascalientes,11.7,22.0,32.4,0.5
2011-05-01,2,Baja California,13.0,20.9,28.8,7.1
2011-05-01,3,Baja California Sur,15.7,23.4,31.2,0.5
2011-05-01,4,Campeche,23.5,30.1,36.8,35.1
2011-05-01,5,Coahuila,19.1,27.0,35.0,9.3
2011-05-01,6,Colima,21.2,27.2,33.2,3.7
2011-05-01,7,Chiapas,20.8,27.0,33.2,149.5
2011-05-01,8,Chihuahua,13.4,23.2,33.0,1.1
2011-05-01,9,Ciudad de México,13.0,20.3,27.5,28.0
2011-05-01,10,Durango,12.2,22.2,32.3,0.7
2011-05-01,11,Guanajuato,14.4,23.8,33.2,4.6
2011-05-01,12,Guerrero,21.6,27.9,34.2,33.9
2011-05-01,13,Hidalgo,13.0,21.3,29.6,11.1
2011-05-01,14,Jalisco,15.1,24.4,33.7,5.0
2011-05-01,15,Estado de México,9.5,17.6,25.7,24.7
2011-05-01,16,Michoacán,14.5,23.5,32.4,13.6
2011-05-01,17,Morelos,16.5,24.5,32.6,50.0
2011-05-01,18,Nayarit,19.2,27.4,35.6,0.0
2011-05-01,19,Nuevo León,19.7,27.2,34.7,13.2
2011-05-01,20,Oaxaca,21.0,27.7,34.4,30.9
2011-05-01,21,Puebla,12.6,20.4,28.2,71.3
2011-05-01,22,Querétaro,14.6,22.9,31.3,7.5
2011-05-01,23,Quintana Roo,24.1,28.9,33.7,14.9
2011-05-01,24,San Luis Potosí,19.7,27.5,35.3,34.6
2011-05-01,25,Sinaloa,18.0,27.1,36.2,0.0
2011-05-01,26,Sonora,14.7,24.9,35.2,0.1
2011-05-01,27,Tabasco,23.5,29.1,34.8,93.9
2011-05-01,28,Tamaulipas,22.2,28.3,34.5,20.1
2011-05-01,29,Tlaxcala,8.3,17.5,26.7,61.2
2011-05-01,30,Veracruz,20.5,26.5,32.5,35.0
2011-05-01,31,Yucatán,22.0,29.1,36.2,10.1
2011-05-01,32,Zacatecas,11.1,21.4,31.8,10.8
2011-06-01,0,Nacional,18.9,26.0,33.1,105.1
2011-06-01,1,Aguascalientes,13.4,21.8,30.3,48.1
2011-06-01,2,Baja California,16.4,23.8,31.3,0.0
2011-06-01,3,Baja California Sur,18.8,25.7,32.5,0.0
2011-06-01,4,Campeche,22.9,28.1,33.3,201.9
2011-06-01,5,Coahuila,21.2,28.6,36.0,19.0
2011-06-01,6,Colima,22.1,26.9,31.7,174.8
2011-06-01,7,Chiapas,20.3,25.4,30.5,300.6
2011-06-01,8,Chihuahua,17.9,26.7,35.4,11.6
2011-06-01,9,Ciudad de México,13.1,18.9,24.8,129.8
2011-06-01,10,Durango,15.1,24.1,33.0,3.1
2011-06-01,11,Guanajuato,14.5,21.8,29.0,72.0
2011-06-01,12,Guerrero,20.9,26.2,31.4,278.7
2011-06-01,13,Hidalgo,12.8,19.7,26.7,245.7
2011-06-01,14,Jalisco,16.4,23.6,30.9,97.8
2011-06-01,15,Estado de México,9.6,16.0,22.5,131.9
2011-06-01,16,Michoacán,14.9,21.9,29.0,125.4
2011-06-01,17,Morelos,16.3,22.9,29.6,190.2
2011-06-01,18,Nayarit,22.2,28.1,34.0,91.2
2011-06-01,19,Nuevo León,20.7,27.8,35.0,85.1
2011-06-01,20,Oaxaca,20.4,25.8,31.2,248.3
2011-06-01,21,Puebla,12.5,19.2,25.9,225.8
2011-06-01,22,Querétaro,13.9,20.4,27.0,131.8
2011-06-01,23,Quintana Roo,23.8,27.9,32.0,277.4
2011-06-01,24,San Luis Potosí,19.7,26.7,33.6,276.7
2011-06-01,25,Sinaloa,23.3,29.6,35.9,3.8
2011-06-01,26,Sonora,20.4,29.4,38.3,7.0
2011-06-01,27,Tabasco,22.6,27.5,32.4,155.0
2011-06-01,28,Tamaulipas,23.0,28.9,34.9,234.6
2011-06-01,29,Tlaxcala,9.1,16.5,23.9,134.1
2011-06-01,30,Veracruz,20.2,25.5,30.9,206.7
2011-06-01,31,Yucatán,22.3,27.7,33.2,223.7
2011-06-01,32,Zacatecas,13.0,21.4,29.9,28.6
2011-07-01,0,Nacional,19.4,25.6,31.8,180.4
2011-07-01,1,Aguascalientes,13.5,20.5,27.4,32.4
2011-07-01,2,Baja California,18.2,24.9,31.6,9.7
2011-07-01,3,Baja California Sur,22.5,28.6,34.8,6.8
2011-07-01,4,Campeche,22.7,28.1,33.5,187.9
2011-07-01,5,Coahuila,21.5,28.5,35.5,32.7
2011-07-01,6,Colima,22.5,27.2,32.0,392.8
2011-07-01,7,Chiapas,20.0,25.3,30.6,458.5
2011-07-01,8,Chihuahua,17.9,24.8,31.6,101.0
2011-07-01,9,Ciudad de México,12.5,17.8,23.2,230.5
2011-07-01,10,Durango,15.3,22.7,30.1,106.8
2011-07-01,11,Guanajuato,15.0,21.1,27.3,89.3
2011-07-01,12,Guerrero,20.2,25.4,30.6,312.2
2011-07-01,13,Hidalgo,13.4,19.0,24.7,199.8
2011-07-01,14,Jalisco,16.3,22.4,28.5,203.8
2011-07-01,15,Estado de México,10.0,15.7,21.4,221.0
2011-07-01,16,Michoacán,15.0,21.0,27.0,270.6
2011-07-01,17,Morelos,15.6,21.8,28.0,222.5
2011-07-01,18,Nayarit,22.3,27.7,33.0,390.7
2011-07-01,19,Nuevo León,21.2,27.8,34.5,79.1
2011-07-01,20,Oaxaca,20.3,25.7,31.0,453.1
2011-07-01,21,Puebla,12.7,18.7,24.8,290.5
2011-07-01,22,Querétaro,14.4,20.2,26.1,62.3
2011-07-01,23,Quintana Roo,24.1,28.8,33.4,180.1
2011-07-01,24,San Luis Potosí,20.1,25.8,31.5,372.0
2011-07-01,25,Sinaloa,23.6,29.5,35.5,250.9
2011-07-01,26,Sonora,22.7,29.6,36.5,117.0
2011-07-01,27,Tabasco,22.5,27.4,32.4,478.5
2011-07-01,28,Tamaulipas,23.2,28.6,34.1,119.2
2011-07-01,29,Tlaxcala,9.3,15.7,22.2,172.6
2011-07-01,30,Veracruz,19.9,24.7,29.5,374.2
2011-07-01,31,Yucatán,22.0,27.5,33.1,163.8
2011-07-01,32,Zacatecas,13.2,20.0,26.9,73.4
2011-08-01,0,Nacional,19.3,25.8,32.4,133.8
2011-08-01,1,Aguascalientes,12.9,20.5,28.1,58.6
2011-08-01,2,Baja California,20.3,27.1,34.0,2.7
2011-08-01,3,Baja California Sur,22.6,28.9,35.3,16.5
2011-08-01,4,Campeche,22.3,28.0,33.7,194.8
2011-08-01,5,Coahuila,21.8,29.3,36.9,25.2
2011-08-01,6,Colima,22.0,27.1,32.1,215.0
2011-08-01,7,Chiapas,19.8,25.2,30.6,433.7
2011-08-01,8,Chihuahua,17.5,24.9,32.4,76.4
2011-08-01,9,Ciudad de México,13.1,18.4,23.8,158.9
2011-08-01,10,Durango,14.8,22.6,30.5,66.5
2011-08-01,11,Guanajuato,13.2,20.3,27.5,78.9
2011-08-01,12,Guerrero,19.8,25.2,30.5,298.5
2011-08-01,13,Hidalgo,13.4,19.5,25.7,58.7
2011-08-01,14,Jalisco,15.9,22.3,28.6,137.4
2011-08-01,15,Estado de México,9.8,15.8,21.7,116.9
2011-08-01,16,Michoacán,14.4,20.7,27.0,145.1
2011-08-01,17,Morelos,15.3,21.6,28.0,265.2
2011-08-01,18,Nayarit,22.0,27.5,33.1,436.4
2011-08-01,19,Nuevo León,21.2,28.8,36.4,29.9
2011-08-01,20,Oaxaca,19.8,25.4,31.0,292.5
2011-08-01,21,Puebla,12.7,19.0,25.3,261.1
2011-08-01,22,Querétaro,13.8,20.1,26.5,74.5
2011-08-01,23,Quintana Roo,23.8,28.8,33.8,112.9
2011-08-01,24,San Luis Potosí,19.8,26.2,32.6,64.7
2011-08-01,25,Sinaloa,23.4,29.1,34.9,222.6
2011-08-01,26,Sonora,22.6,29.6,36.7,103.6
2011-08-01,27,Tabasco,22.7,27.6,32.6,242.5
2011-08-01,28,Tamaulipas,23.3,29.3,35.4,49.4
2011-08-01,29,Tlaxcala,9.1,16.1,23.1,152.0
2011-08-01,30,Veracruz,19.9,25.0,30.2,247.0
2011-08-01,31,Yucatán,22.0,27.8,33.5,119.7
2011-08-01,32,Zacatecas,12.7,20.0,27.4,79.4
2011-09-01,0,Nacional,18.1,24.7,31.3,99.7
2011-09-01,1,Aguascalientes,11.7,19.2,26.7,90.6
2011-09-01,2,Baja California,19.0,25.8,32.6,3.5
2011-09-01,3,Baja California Sur,23.5,29.1,34.8,21.2
2011-09-01,4,Campeche,22.1,27.3,32.4,191.2
2011-09-01,5,Coahuila,19.2,26.5,33.9,19.5
2011-09-01,6,Colima,22.6,27.3,32.0,197.7
2011-09-01,7,Chiapas,19.9,25.0,30.1,422.3
2011-09-01,8,Chihuahua,14.8,22.6,30.4,23.9
2011-09-01,9,Ciudad de México,12.0,17.6,23.3,101.9
2011-09-01,10,Durango,12.7,20.6,28.5,57.5
2011-09-01,11,Guanajuato,12.3,19.6,26.9,87.3
2011-09-01,12,Guerrero,20.2,25.3,30.5,158.0
2011-09-01,13,Hidalgo,12.0,18.4,24.8,72.9
2011-09-01,14,Jalisco,15.1,21.6,28.1,76.4
2011-09-01,15,Estado de México,9.3,15.5,21.8,63.5
2011-09-01,16,Michoacán,14.1,20.7,27.4,76.9
2011-09-01,17,Morelos,15.2,21.6,28.0,136.1
2011-09-01,18,Nayarit,22.6,27.8,33.1,181.3
2011-09-01,19,Nuevo León,19.6,26.8,34.1,36.8
2011-09-01,20,Oaxaca,20.0,25.3,30.6,186.5
2011-09-01,21,Puebla,12.3,18.7,25.1,167.9
2011-09-01,22,Querétaro,12.7,19.6,26.4,56.7
2011-09-01,23,Quintana Roo,23.8,28.7,33.7,125.5
2011-09-01,24,San Luis Potosí,18.9,25.2,31.6,61.7
2011-09-01,25,Sinaloa,23.5,29.4,35.3,64.5
2011-09-01,26,Sonora,20.8,28.3,35.9,38.5
2011-09-01,27,Tabasco,22.3,27.0,31.7,445.5
2011-09-01,28,Tamaulipas,22.1,28.2,34.4,65.9
2011-09-01,29,Tlaxcala,8.8,15.8,22.8,86.2
2011-09-01,30,Veracruz,19.5,24.5,29.5,264.4
2011-09-01,31,Yucatán,22.0,27.6,33.2,189.8
2011-09-01,32,Zacatecas,11.3,18.6,25.9,95.4
2011-10-01,0,Nacional,15.0,22.4,29.8,65.3
2011-10-01,1,Aguascalientes,8.9,18.0,27.1,25.6
2011-10-01,2,Baja California,14.2,21.6,29.1,4.2
2011-10-01,3,Baja California Sur,19.4,26.0,32.6,1.6
2011-10-01,4,Campeche,21.2,26.2,31.2,177.2
2011-10-01,5,Coahuila,15.3,23.0,30.6,25.6
2011-10-01,6,Colima,22.3,27.4,32.5,382.0
2011-10-01,7,Chiapas,18.9,23.8,28.8,273.7
2011-10-01,8,Chihuahua,10.6,19.6,28.7,9.2
2011-10-01,9,Ciudad de México,10.3,16.9,23.4,62.0
2011-10-01,10,Durango,9.8,19.0,28.2,4.9
2011-10-01,11,Guanajuato,8.7,17.4,26.1,36.7
2011-10-01,12,Guerrero,19.2,25.0,30.9,100.0
2011-10-01,13,Hidalgo,9.3,16.8,24.4,19.6
2011-10-01,14,Jalisco,13.4,20.6,27.8,78.2
2011-10-01,15,Estado de México,6.5,14.0,21.5,59.1
2011-10-01,16,Michoacán,12.4,20.2,28.1,43.9
2011-10-01,17,Morelos,13.3,20.7,28.2,80.1
2011-10-01,18,Nayarit,21.7,27.5,33.4,28.4
2011-10-01,19,Nuevo León,15.9,23.1,30.3,55.9
2011-10-01,20,Oaxaca,18.7,24.4,30.2,64.6
2011-10-01,21,Puebla,9.8,17.2,24.7,85.9
2011-10-01,22,Querétaro,10.4,18.5,26.5,24.4
2011-10-01,23,Quintana Roo,21.8,26.6,31.4,382.5
2011-10-01,24,San Luis Potosí,15.8,23.0,30.1,39.8
2011-10-01,25,Sinaloa,20.0,27.5,35.0,6.8
2011-10-01,26,Sonora,14.9,24.2,33.5,3.5
2011-10-01,27,Tabasco,21.5,25.8,30.1,401.5
2011-10-01,28,Tamaulipas,18.4,24.9,31.5,33.1
2011-10-01,29,Tlaxcala,5.7,14.5,23.3,60.9
2011-10-01,30,Veracruz,17.6,22.8,28.1,149.0
2011-10-01,31,Yucatán,20.3,25.5,30.6,100.7
2011-10-01,32,Zacatecas,8.6,17.6,26.5,25.0
2011-11-01,0,Nacional,11.4,18.9,26.4,30.7
2011-11-01,1,Aguascalientes,6.3,15.5,24.8,1.1
2011-11-01,2,Baja California,9.4,16.0,22.6,39.2
2011-11-01,3,Baja California Sur,15.1,21.6,28.0,18.8
2011-11-01,4,Campeche,18.7,24.2,29.7,56.2
2011-11-01,5,Coahuila,10.5,18.1,25.7,12.7
2011-11-01,6,Colima,20.2,25.9,31.7,0.0
2011-11-01,7,Chiapas,16.8,22.8,28.7,58.8
2011-11-01,8,Chihuahua,5.5,14.4,23.3,22.0
2011-11-01,9,Ciudad de México,8.9,15.3,21.7,21.9
2011-11-01,10,Durango,5.5,15.1,24.7,4.6
2011-11-01,11,Guanajuato,6.9,16.1,25.4,0.3
2011-11-01,12,Guerrero,17.9,24.3,30.8,2.5
2011-11-01,13,Hidalgo,8.0,15.3,22.6,32.2
2011-11-01,14,Jalisco,10.4,18.6,26.8,0.2
2011-11-01,15,Estado de México,5.3,12.7,20.2,16.2
2011-11-01,16,Michoacán,9.4,17.9,26.3,6.2
2011-11-01,17,Morelos,11.9,19.9,27.9,13.1
2011-11-01,18,Nayarit,17.8,25.1,32.4,0.5
2011-11-01,19,Nuevo León,12.1,18.8,25.5,6.5
2011-11-01,20,Oaxaca,16.2,22.7,29.2,29.8
2011-11-01,21,Puebla,8.6,15.9,23.3,59.8
2011-11-01,22,Querétaro,8.8,16.4,24.1,2.8
2011-11-01,23,Quintana Roo,19.2,24.6,30.1,93.8
2011-11-01,24,San Luis Potosí,13.7,20.0,26.4,24.4
2011-11-01,25,Sinaloa,14.9,23.3,31.7,40.8
2011-11-01,26,Sonora,9.8,18.4,27.0,61.7
2011-11-01,27,Tabasco,19.2,24.1,29.1,162.4
2011-11-01,28,Tamaulipas,15.0,21.2,27.5,17.8
2011-11-01,29,Tlaxcala,4.4,13.3,22.1,15.0
2011-11-01,30,Veracruz,15.7,20.6,25.6,102.4
2011-11-01,31,Yucatán,17.2,23.1,29.1,36.4
2011-11-01,32,Zacatecas,5.2,14.7,24.2,1.0
2011-12-01,0,Nacional,8.8,16.9,24.9,16.5
2011-12-01,1,Aguascalientes,4.4,14.2,24.0,0.0
2011-12-01,2,Baja California,5.6,12.2,18.9,19.8
2011-12-01,3,Baja California Sur,11.8,17.9,24.1,2.5
2011-12-01,4,Campeche,18.6,24.3,30.0,27.3
2011-12-01,5,Coahuila,6.9,14.3,21.6,16.7
2011-12-01,6,Colima,18.3,24.8,31.3,0.0
2011-12-01,7,Chiapas,15.7,22.1,28.5,42.9
2011-12-01,8,Chihuahua,1.8,10.5,19.3,12.1
2011-12-01,9,Ciudad de México,7.1,14.8,22.5,0.9
2011-12-01,10,Durango,2.6,12.3,22.1,0.4
2011-12-01,11,Guanajuato,5.6,15.4,25.2,0.2
2011-12-01,12,Guerrero,16.4,23.4,30.4,0.3
2011-12-01,13,Hidalgo,6.2,14.8,23.3,4.1
2011-12-01,14,Jalisco,8.5,17.3,26.0,0.0
2011-12-01,15,Estado de México,3.6,12.3,21.1,0.3
2011-12-01,16,Michoacán,7.7,17.0,26.3,0.5
2011-12-01,17,Morelos,10.0,19.0,27.9,0.5
2011-12-01,18,Nayarit,14.3,22.0,29.6,0.0
2011-12-01,19,Nuevo León,8.3,15.3,22.2,24.1
2011-12-01,20,Oaxaca,14.9,22.1,29.2,20.6
2011-12-01,21,Puebla,7.2,15.5,23.9,28.8
2011-12-01,22,Querétaro,7.5,16.3,25.0,0.0
2011-12-01,23,Quintana Roo,19.6,24.7,29.8,53.8
2011-12-01,24,San Luis Potosí,10.6,18.0,25.5,10.3
2011-12-01,25,Sinaloa,10.7,18.9,27.2,5.7
2011-12-01,26,Sonora,5.1,13.2,21.4,24.6
2011-12-01,27,Tabasco,18.0,23.3,28.6,104.4
2011-12-01,28,Tamaulipas,12.5,18.5,24.6,21.2
2011-12-01,29,Tlaxcala,3.0,12.9,22.9,2.3
2011-12-01,30,Veracruz,14.6,19.9,25.1,43.5
2011-12-01,31,Yucatán,17.3,23.5,29.7,16.8
2011-12-01,32,Zacatecas,3.4,13.3,23.3,0.2
2012-01-01,0,Nacional,8.4,16.3,24.2,18.6
2012-01-01,1,Aguascalientes,4.1,13.1,22.2,11.1
2012-01-01,2,Baja California,7.5,14.0,20.6,4.0
2012-01-01,3,Baja California Sur,9.6,17.2,24.7,0.0
2012-01-01,4,Campeche,18.2,23.7,29.3,24.0
2012-01-01,5,Coahuila,5.6,13.6,21.7,7.2
2012-01-01,6,Colima,17.8,24.5,31.2,0.0
2012-01-01,7,Chiapas,17.1,23.3,29.5,53.3
2012-01-01,8,Chihuahua,0.7,10.1,19.6,2.5
2012-01-01,9,Ciudad de México,7.3,14.6,21.9,6.9
2012-01-01,10,Durango,1.9,11.6,21.4,2.4
2012-01-01,11,Guanajuato,5.6,14.6,23.8,6.4
2012-01-01,12,Guerrero,17.1,24.1,31.2,2.3
2012-01-01,13,Hidalgo,6.2,14.0,21.8,12.1
2012-01-01,14,Jalisco,8.8,17.0,25.3,0.6
2012-01-01,15,Estado de México,3.9,11.8,19.7,3.6
2012-01-01,16,Michoacán,8.0,16.6,25.2,1.9
2012-01-01,17,Morelos,10.6,19.2,27.9,3.1
2012-01-01,18,Nayarit,13.3,21.8,30.4,0.5
2012-01-01,19,Nuevo León,7.7,15.4,23.1,4.9
2012-01-01,20,Oaxaca,14.7,21.5,28.2,52.4
2012-01-01,21,Puebla,7.6,15.5,23.4,44.7
2012-01-01,22,Querétaro,7.3,15.5,23.8,6.7
2012-01-01,23,Quintana Roo,20.0,24.7,29.3,54.8
2012-01-01,24,San Luis Potosí,9.7,16.8,23.9,20.1
2012-01-01,25,Sinaloa,9.7,19.0,28.3,0.6
2012-01-01,26,Sonora,4.7,14.1,23.5,2.9
2012-01-01,27,Tabasco,17.9,22.9,28.0,215.9
2012-01-01,28,Tamaulipas,12.1,18.3,24.5,22.9
2012-01-01,29,Tlaxcala,2.9,12.0,21.1,4.2
2012-01-01,30,Veracruz,14.2,19.3,24.3,87.4
2012-01-01,31,Yucatán,17.4,23.6,29.8,65.8
2012-01-01,32,Zacatecas,2.9,12.2,21.6,6.2
2012-02-01,0,Nacional,9.7,17.4,25.1,30.8
2012-02-01,1,Aguascalientes,5.7,14.6,23.4,51.9
2012-02-01,2,Baja California,6.4,13.2,20.0,27.5
2012-02-01,3,Baja California Sur,9.9,17.0,24.1,9.4
2012-02-01,4,Campeche,19.1,24.9,30.7,22.7
2012-02-01,5,Coahuila,8.0,15.6,23.1,19.3
2012-02-01,6,Colima,17.4,23.8,30.2,76.1
2012-02-01,7,Chiapas,17.7,23.8,29.9,38.6
2012-02-01,8,Chihuahua,2.6,11.7,20.7,7.4
2012-02-01,9,Ciudad de México,8.9,16.2,23.5,28.2
2012-02-01,10,Durango,3.9,13.4,22.9,9.6
2012-02-01,11,Guanajuato,8.9,15.9,22.4,59.5
2012-02-01,12,Guerrero,17.5,24.5,31.6,6.1
2012-02-01,13,Hidalgo,7.6,15.6,23.6,49.6
2012-02-01,14,Jalisco,9.9,18.2,26.6,63.7
2012-02-01,15,Estado de México,5.2,13.3,21.4,33.6
2012-02-01,16,Michoacán,8.8,17.4,25.9,59.5
2012-02-01,17,Morelos,12.1,20.6,29.2,20.1
2012-02-01,18,Nayarit,14.1,22.1,30.0,30.3
2012-02-01,19,Nuevo León,10.5,17.3,24.1,71.0
2012-02-01,20,Oaxaca,16.3,23.1,29.8,21.8
2012-02-01,21,Puebla,8.7,16.7,24.7,57.5
2012-02-01,22,Querétaro,9.1,17.4,25.6,53.8
2012-02-01,23,Quintana Roo,20.0,25.0,30.0,58.1
2012-02-01,24,San Luis Potosí,12.4,19.3,26.2,48.3
2012-02-01,25,Sinaloa,10.1,19.1,28.1,5.7
2012-02-01,26,Sonora,5.1,14.3,23.4,8.5
2012-02-01,27,Tabasco,19.9,24.6,29.3,149.0
2012-02-01,28,Tamaulipas,14.4,20.1,25.8,79.9
2012-02-01,29,Tlaxcala,4.8,13.7,22.6,30.5
2012-02-01,30,Veracruz,15.8,21.0,26.2,47.3
2012-02-01,31,Yucatán,18.2,24.7,31.1,15.6
2012-02-01,32,Zacatecas,4.8,13.8,22.9,36.2
2012-03-01,0,Nacional,11.2,19.7,28.1,14.0
2012-03-01,1,Aguascalientes,6.5,16.9,27.3,1.1
2012-03-01,2,Baja California,8.0,15.8,23.6,37.6
2012-03-01,3,Baja California Sur,12.1,19.8,27.5,1.4
2012-03-01,4,Campeche,19.3,26.0,32.7,29.8
2012-03-01,5,Coahuila,11.1,19.8,28.6,24.3
2012-03-01,6,Colima,17.6,24.7,31.8,0.0
2012-03-01,7,Chiapas,17.7,24.5,31.3,58.2
2012-03-01,8,Chihuahua,5.4,15.6,25.9,3.6
2012-03-01,9,Ciudad de México,9.5,17.3,25.2,26.5
2012-03-01,10,Durango,5.4,16.2,27.0,0.4
2012-03-01,11,Guanajuato,9.1,18.3,28.1,7.1
2012-03-01,12,Guerrero,18.2,25.8,33.4,2.5
2012-03-01,13,Hidalgo,8.4,17.1,25.9,22.9
2012-03-01,14,Jalisco,10.1,19.8,29.5,1.4
2012-03-01,15,Estado de México,5.8,14.7,23.6,14.4
2012-03-01,16,Michoacán,10.0,19.1,28.3,10.6
2012-03-01,17,Morelos,12.7,21.9,31.2,3.4
2012-03-01,18,Nayarit,14.2,23.6,32.9,0.0
2012-03-01,19,Nuevo León,12.1,20.3,28.4,24.0
2012-03-01,20,Oaxaca,16.5,23.8,31.2,22.8
2012-03-01,21,Puebla,9.7,17.9,26.2,29.3
2012-03-01,22,Querétaro,9.6,18.7,27.7,10.0
2012-03-01,23,Quintana Roo,20.2,25.6,30.9,25.0
2012-03-01,24,San Luis Potosí,14.0,21.8,29.6,17.3
2012-03-01,25,Sinaloa,11.2,21.7,32.1,0.1
2012-03-01,26,Sonora,8.3,18.7,29.0,2.7
2012-03-01,27,Tabasco,19.8,25.8,31.8,35.2
2012-03-01,28,Tamaulipas,15.8,22.6,29.4,18.9
2012-03-01,29,Tlaxcala,4.7,14.4,24.1,27.7
2012-03-01,30,Veracruz,16.0,22.1,28.2,25.9
2012-03-01,31,Yucatán,17.7,25.2,32.7,6.7
2012-03-01,32,Zacatecas,5.9,17.8,29.8,1.1
2012-04-01,0,Nacional,13.9,22.5,31.1,22.1
2012-04-01,1,Aguascalientes,8.2,19.0,29.7,0.0
2012-04-01,2,Baja California,10.7,18.2,25.8,17.6
2012-04-01,3,Baja California Sur,13.6,21.0,28.4,0.2
2012-04-01,4,Campeche,21.4,28.4,35.4,28.2
2012-04-01,5,Coahuila,15.7,23.4,31.1,19.2
2012-04-01,6,Colima,14.1,22.5,31.0,0.1
2012-04-01,7,Chiapas,18.3,25.2,32.1,57.8
2012-04-01,8,Chihuahua,12.8,21.9,31.0,6.5
2012-04-01,9,Ciudad de México,11.5,19.0,26.5,15.1
2012-04-01,10,Durango,8.8,19.5,30.2,4.3
2012-04-01,11,Guanajuato,10.2,22.5,32.6,1.7
2012-04-01,12,Guerrero,17.1,25.0,32.9,4.9
2012-04-01,13,Hidalgo,11.0,19.9,28.8,23.2
2012-04-01,14,Jalisco,11.6,21.6,31.5,0.1
2012-04-01,15,Estado de México,7.2,15.9,24.7,9.0
2012-04-01,16,Michoacán,11.4,20.7,30.0,0.9
2012-04-01,17,Morelos,14.5,23.7,32.8,6.4
2012-04-01,18,Nayarit,15.6,24.6,33.6,0.2
2012-04-01,19,Nuevo León,15.8,23.6,31.5,23.4
2012-04-01,20,Oaxaca,18.1,25.4,32.8,44.0
2012-04-01,21,Puebla,11.5,19.7,27.9,42.1
2012-04-01,22,Querétaro,12.1,21.3,30.5,4.9
2012-04-01,23,Quintana Roo,22.8,27.7,32.5,97.1
2012-04-01,24,San Luis Potosí,15.5,24.4,33.2,63.2
2012-04-01,25,Sinaloa,15.3,23.8,32.4,0.2
2012-04-01,26,Sonora,11.3,21.5,31.7,0.5
2012-04-01,27,Tabasco,20.3,26.2,32.2,52.2
2012-04-01,28,Tamaulipas,18.9,25.3,31.8,51.4
2012-04-01,29,Tlaxcala,6.9,16.1,25.2,22.4
2012-04-01,30,Veracruz,18.3,24.3,30.4,59.8
2012-04-01,31,Yucatán,20.4,27.6,34.9,112.4
2012-04-01,32,Zacatecas,7.5,18.4,29.2,1.8
2012-05-01,0,Nacional,16.5,24.6,32.8,39.4
2012-05-01,1,Aguascalientes,11.9,21.5,31.1,5.4
2012-05-01,2,Baja California,14.1,22.3,30.5,0.0
2012-05-01,3,Baja California Sur,16.3,23.9,31.5,0.0
2012-05-01,4,Campeche,22.9,29.3,35.8,106.4
2012-05-01,5,Coahuila,18.2,25.9,33.6,23.8
2012-05-01,6,Colima,20.1,26.4,32.7,39.3
2012-05-01,7,Chiapas,20.7,26.6,32.5,181.1
2012-05-01,8,Chihuahua,13.0,22.4,31.8,5.4
2012-05-01,9,Ciudad de México,12.2,19.7,27.2,16.3
2012-05-01,10,Durango,11.9,21.7,31.5,7.8
2012-05-01,11,Guanajuato,13.4,22.4,31.5,12.4
2012-05-01,12,Guerrero,20.8,27.6,34.4,38.4
2012-05-01,13,Hidalgo,12.6,20.8,29.0,28.6
2012-05-01,14,Jalisco,15.2,24.2,33.3,9.2
2012-05-01,15,Estado de México,9.1,17.3,25.5,20.1
2012-05-01,16,Michoacán,14.3,22.8,31.3,20.3
2012-05-01,17,Morelos,16.0,24.2,32.3,50.6
2012-05-01,18,Nayarit,19.5,27.5,35.5,3.0
2012-05-01,19,Nuevo León,18.5,25.7,32.9,48.5
2012-05-01,20,Oaxaca,19.8,26.4,32.9,56.7
2012-05-01,21,Puebla,12.5,20.3,28.2,60.5
2012-05-01,22,Querétaro,14.2,22.8,31.4,20.4
2012-05-01,23,Quintana Roo,23.7,28.5,33.2,202.6
2012-05-01,24,San Luis Potosí,18.9,26.4,33.8,59.7
2012-05-01,25,Sinaloa,18.2,27.1,36.0,0.3
2012-05-01,26,Sonora,15.7,25.6,35.5,1.2
2012-05-01,27,Tabasco,23.2,28.7,34.1,152.9
2012-05-01,28,Tamaulipas,21.4,27.4,33.5,46.4
2012-05-01,29,Tlaxcala,8.4,17.3,26.3,32.5
2012-05-01,30,Veracruz,19.8,25.6,31.4,91.8
2012-05-01,31,Yucatán,21.6,28.6,35.6,71.0
2012-05-01,32,Zacatecas,11.1,21.1,31.1,9.1
2012-06-01,0,Nacional,19.3,26.3,33.4,104.3
2012-06-01,1,Aguascalientes,13.4,21.9,30.3,60.0
2012-06-01,2,Baja California,16.8,24.5,32.2,0.1
2012-06-01,3,Baja California Sur,19.7,26.5,33.3,0.0
2012-06-01,4,Campeche,22.8,28.0,33.2,268.8
2012-06-01,5,Coahuila,21.4,28.5,35.7,13.5
2012-06-01,6,Colima,22.4,27.5,32.5,255.2
2012-06-01,7,Chiapas,20.7,25.6,30.6,264.0
2012-06-01,8,Chihuahua,18.1,26.7,35.3,12.2
2012-06-01,9,Ciudad de México,12.8,19.1,25.4,96.0
2012-06-01,10,Durango,15.3,24.1,32.9,17.1
2012-06-01,11,Guanajuato,14.6,22.0,29.5,85.8
2012-06-01,12,Guerrero,20.9,26.4,32.0,217.1
2012-06-01,13,Hidalgo,13.8,20.7,27.7,87.7
2012-06-01,14,Jalisco,16.9,24.2,31.6,123.8
2012-06-01,15,Estado de México,10.5,17.1,23.7,130.1
2012-06-01,16,Michoacán,15.9,22.6,29.3,142.6
2012-06-01,17,Morelos,16.2,22.8,29.4,159.3
2012-06-01,18,Nayarit,22.5,28.5,34.5,208.1
2012-06-01,19,Nuevo León,20.7,27.9,35.1,59.4
2012-06-01,20,Oaxaca,19.9,25.4,30.9,349.2
2012-06-01,21,Puebla,13.1,19.9,26.6,231.1
2012-06-01,22,Querétaro,14.8,21.9,29.0,110.5
2012-06-01,23,Quintana Roo,24.4,28.4,32.4,215.8
2012-06-01,24,San Luis Potosí,20.5,27.1,33.7,143.1
2012-06-01,25,Sinaloa,23.3,29.9,36.6,57.5
2012-06-01,26,Sonora,21.5,30.4,39.3,20.2
2012-06-01,27,Tabasco,23.1,27.8,32.6,270.0
2012-06-01,28,Tamaulipas,23.3,29.3,35.3,123.6
2012-06-01,29,Tlaxcala,9.6,16.7,23.9,202.3
2012-06-01,30,Veracruz,20.3,25.6,31.0,228.0
2012-06-01,31,Yucatán,22.1,27.8,33.5,168.8
2012-06-01,32,Zacatecas,13.3,21.7,30.1,38.1
2012-07-01,0,Nacional,19.2,25.4,31.6,129.6
2012-07-01,1,Aguascalientes,13.0,19.8,26.5,144.5
2012-07-01,2,Baja California,18.3,25.0,31.6,4.3
2012-07-01,3,Baja California Sur,22.5,28.4,34.3,2.3
2012-07-01,4,Campeche,22.3,27.7,33.1,176.2
2012-07-01,5,Coahuila,20.8,27.6,34.3,47.7
2012-07-01,6,Colima,22.7,27.8,32.8,118.7
2012-07-01,7,Chiapas,20.0,25.3,30.6,211.8
2012-07-01,8,Chihuahua,17.7,24.2,30.8,133.7
2012-07-01,9,Ciudad de México,12.1,18.1,24.1,160.5
2012-07-01,10,Durango,15.0,22.0,29.1,134.5
2012-07-01,11,Guanajuato,14.2,20.4,26.6,190.5
2012-07-01,12,Guerrero,20.2,26.0,31.8,150.9
2012-07-01,13,Hidalgo,13.5,19.7,25.8,116.3
2012-07-01,14,Jalisco,16.0,22.1,28.2,202.2
2012-07-01,15,Estado de México,10.5,16.5,22.6,180.7
2012-07-01,16,Michoacán,15.1,21.0,26.9,186.0
2012-07-01,17,Morelos,15.1,21.5,27.9,225.4
2012-07-01,18,Nayarit,22.5,27.9,33.2,253.8
2012-07-01,19,Nuevo León,20.9,27.6,34.3,25.2
2012-07-01,20,Oaxaca,19.5,25.2,30.8,140.0
2012-07-01,21,Puebla,12.7,19.3,25.8,273.7
2012-07-01,22,Querétaro,14.2,20.6,27.0,138.0
2012-07-01,23,Quintana Roo,24.0,28.6,33.2,108.1
2012-07-01,24,San Luis Potosí,20.1,26.0,32.0,157.2
2012-07-01,25,Sinaloa,23.5,29.5,35.5,181.4
2012-07-01,26,Sonora,23.0,29.6,36.2,122.7
2012-07-01,27,Tabasco,22.8,27.8,32.8,171.8
2012-07-01,28,Tamaulipas,23.2,28.8,34.4,73.1
2012-07-01,29,Tlaxcala,8.9,15.7,22.5,197.1
2012-07-01,30,Veracruz,19.7,24.9,30.1,205.6
2012-07-01,31,Yucatán,21.4,27.4,33.4,110.7
2012-07-01,32,Zacatecas,13.2,19.8,26.4,126.7
2012-08-01,0,Nacional,19.3,25.8,32.2,164.8
2012-08-01,1,Aguascalientes,12.9,20.1,27.3,89.4
2012-08-01,2,Baja California,20.0,26.8,33.7,7.8
2012-08-01,3,Baja California Sur,22.7,28.9,35.1,104.5
2012-08-01,4,Campeche,22.4,27.9,33.4,199.7
2012-08-01,5,Coahuila,21.6,28.8,36.0,39.1
2012-08-01,6,Colima,22.5,27.6,32.7,204.9
2012-08-01,7,Chiapas,20.3,25.4,30.5,418.1
2012-08-01,8,Chihuahua,17.3,24.5,31.7,120.7
2012-08-01,9,Ciudad de México,12.7,18.2,23.7,108.4
2012-08-01,10,Durango,14.5,22.0,29.5,97.0
2012-08-01,11,Guanajuato,14.1,20.5,27.0,99.7
2012-08-01,12,Guerrero,20.3,25.9,31.5,243.9
2012-08-01,13,Hidalgo,13.6,19.8,26.0,195.4
2012-08-01,14,Jalisco,16.0,22.3,28.6,158.7
2012-08-01,15,Estado de México,10.6,16.6,22.6,130.9
2012-08-01,16,Michoacán,14.7,20.7,26.7,192.4
2012-08-01,17,Morelos,15.5,21.8,28.2,207.5
2012-08-01,18,Nayarit,22.6,28.1,33.5,325.5
2012-08-01,19,Nuevo León,20.9,28.2,35.5,83.3
2012-08-01,20,Oaxaca,19.5,25.1,30.6,315.4
2012-08-01,21,Puebla,13.1,19.5,25.8,333.3
2012-08-01,22,Querétaro,14.1,20.5,26.9,113.8
2012-08-01,23,Quintana Roo,24.2,28.8,33.4,202.8
2012-08-01,24,San Luis Potosí,19.9,26.1,32.4,195.0
2012-08-01,25,Sinaloa,23.5,29.5,35.4,239.1
2012-08-01,26,Sonora,22.8,29.9,37.0,117.9
2012-08-01,27,Tabasco,23.1,28.0,32.8,385.1
2012-08-01,28,Tamaulipas,23.5,29.4,35.3,86.0
2012-08-01,29,Tlaxcala,9.2,15.9,22.6,174.6
2012-08-01,30,Veracruz,19.8,25.0,30.2,406.8
2012-08-01,31,Yucatán,22.0,27.8,33.7,122.3
2012-08-01,32,Zacatecas,12.9,20.0,27.1,111.2
2012-09-01,0,Nacional,18.4,24.4,30.4,126.1
2012-09-01,1,Aguascalientes,12.5,19.3,26.1,64.6
2012-09-01,2,Baja California,19.3,26.1,32.9,11.1
2012-09-01,3,Baja California Sur,23.0,28.3,33.7,107.5
2012-09-01,4,Campeche,22.1,27.1,32.2,174.6
2012-09-01,5,Coahuila,19.2,25.7,32.3,82.8
2012-09-01,6,Colima,22.6,27.1,31.6,169.3
2012-09-01,7,Chiapas,20.1,25.1,30.0,321.3
2012-09-01,8,Chihuahua,15.0,22.0,29.0,104.1
2012-09-01,9,Ciudad de México,11.9,17.6,23.2,83.4
2012-09-01,10,Durango,13.3,20.2,27.1,87.0
2012-09-01,11,Guanajuato,13.1,19.9,26.9,86.2
2012-09-01,12,Guerrero,19.9,25.2,30.5,185.4
2012-09-01,13,Hidalgo,13.5,19.2,24.8,74.0
2012-09-01,14,Jalisco,15.6,21.4,27.3,69.1
2012-09-01,15,Estado de México,11.1,16.8,22.6,78.2
2012-09-01,16,Michoacán,14.8,20.6,26.5,81.0
2012-09-01,17,Morelos,15.5,21.6,27.6,128.9
2012-09-01,18,Nayarit,22.6,27.6,32.6,194.0
2012-09-01,19,Nuevo León,19.4,25.6,31.8,105.4
2012-09-01,20,Oaxaca,19.7,24.8,29.9,219.5
2012-09-01,21,Puebla,13.2,19.1,25.0,201.7
2012-09-01,22,Querétaro,14.2,20.4,26.7,94.4
2012-09-01,23,Quintana Roo,24.0,28.3,32.7,105.2
2012-09-01,24,San Luis Potosí,19.6,25.0,30.4,176.5
2012-09-01,25,Sinaloa,22.9,28.6,34.3,122.7
2012-09-01,26,Sonora,20.7,28.0,35.2,72.2
2012-09-01,27,Tabasco,23.0,27.7,32.3,293.2
2012-09-01,28,Tamaulipas,22.4,27.6,32.8,142.8
2012-09-01,29,Tlaxcala,9.9,15.9,22.0,111.7
2012-09-01,30,Veracruz,19.9,24.6,29.3,258.1
2012-09-01,31,Yucatán,21.6,27.3,33.0,141.4
2012-09-01,32,Zacatecas,12.2,18.9,25.5,79.5
2012-10-01,0,Nacional,15.5,22.6,29.7,52.0
2012-10-01,1,Aguascalientes,9.8,18.5,27.1,6.4
2012-10-01,2,Baja California,13.9,21.6,29.2,1.9
2012-10-01,3,Baja California Sur,18.9,25.2,31.5,65.8
2012-10-01,4,Campeche,21.7,26.8,32.0,81.0
2012-10-01,5,Coahuila,15.6,22.7,29.8,20.3
2012-10-01,6,Colima,22.8,27.9,33.1,66.7
2012-10-01,7,Chiapas,19.9,24.8,29.7,194.4
2012-10-01,8,Chihuahua,10.5,19.3,28.0,33.4
2012-10-01,9,Ciudad de México,11.4,17.8,24.3,14.9
2012-10-01,10,Durango,10.2,19.0,27.7,26.0
2012-10-01,11,Guanajuato,10.8,19.7,28.5,5.7
2012-10-01,12,Guerrero,19.8,25.6,31.3,98.8
2012-10-01,13,Hidalgo,10.9,18.2,25.5,12.8
2012-10-01,14,Jalisco,14.2,21.1,28.0,22.0
2012-10-01,15,Estado de México,8.1,15.4,22.7,14.8
2012-10-01,16,Michoacán,14.1,21.0,27.9,25.4
2012-10-01,17,Morelos,14.3,21.3,28.3,31.1
2012-10-01,18,Nayarit,22.2,28.0,33.7,37.7
2012-10-01,19,Nuevo León,16.3,23.1,29.9,41.6
2012-10-01,20,Oaxaca,19.1,24.6,30.1,93.8
2012-10-01,21,Puebla,11.3,18.4,25.5,63.2
2012-10-01,22,Querétaro,11.8,19.5,27.2,7.0
2012-10-01,23,Quintana Roo,23.1,27.7,32.2,179.1
2012-10-01,24,San Luis Potosí,16.7,23.3,29.9,37.2
2012-10-01,25,Sinaloa,19.8,27.1,34.3,44.4
2012-10-01,26,Sonora,14.3,23.4,32.6,4.2
2012-10-01,27,Tabasco,22.5,27.1,31.7,203.1
2012-10-01,28,Tamaulipas,19.4,25.4,31.4,34.0
2012-10-01,29,Tlaxcala,7.2,15.3,23.4,36.2
2012-10-01,30,Veracruz,18.6,23.7,28.9,164.7
2012-10-01,31,Yucatán,20.8,26.5,32.1,100.6
2012-10-01,32,Zacatecas,9.7,18.3,26.9,9.9
2012-11-01,0,Nacional,12.3,19.2,26.1,22.4
2012-11-01,1,Aguascalientes,7.8,15.8,23.8,4.2
2012-11-01,2,Baja California,10.5,17.4,24.4,5.6
2012-11-01,3,Baja California Sur,15.9,22.1,28.4,1.7
2012-11-01,4,Campeche,19.6,24.9,30.1,4.4
2012-11-01,5,Coahuila,10.2,16.9,23.6,22.9
2012-11-01,6,Colima,21.2,26.6,31.9,36.1
2012-11-01,7,Chiapas,17.7,23.1,28.5,29.0
2012-11-01,8,Chihuahua,6.5,14.6,22.6,20.6
2012-11-01,9,Ciudad de México,9.3,15.5,21.8,12.7
2012-11-01,10,Durango,6.8,15.2,23.7,9.4
2012-11-01,11,Guanajuato,8.0,16.4,24.7,14.9
2012-11-01,12,Guerrero,18.3,24.5,30.8,10.7
2012-11-01,13,Hidalgo,9.1,15.7,22.3,26.1
2012-11-01,14,Jalisco,11.7,19.0,26.2,6.1
2012-11-01,15,Estado de México,5.8,13.0,20.3,12.5
2012-11-01,16,Michoacán,11.1,18.5,25.9,28.4
2012-11-01,17,Morelos,12.5,19.9,27.4,4.4
2012-11-01,18,Nayarit,19.5,25.8,32.2,2.3
2012-11-01,19,Nuevo León,12.1,17.9,23.7,73.6
2012-11-01,20,Oaxaca,16.3,22.3,28.4,30.3
2012-11-01,21,Puebla,9.3,16.4,23.4,42.2
2012-11-01,22,Querétaro,10.1,16.8,23.6,27.9
2012-11-01,23,Quintana Roo,20.4,25.3,30.1,43.9
2012-11-01,24,San Luis Potosí,14.1,19.7,25.3,53.9
2012-11-01,25,Sinaloa,16.8,24.3,31.7,5.2
2012-11-01,26,Sonora,11.3,19.8,28.2,1.7
2012-11-01,27,Tabasco,20.0,24.9,29.7,18.6
2012-11-01,28,Tamaulipas,15.1,20.7,26.4,45.2
2012-11-01,29,Tlaxcala,5.2,13.2,21.3,6.6
2012-11-01,30,Veracruz,15.7,20.5,25.3,89.2
2012-11-01,31,Yucatán,18.1,23.9,29.8,17.5
2012-11-01,32,Zacatecas,7.2,15.3,23.4,5.4
2012-12-01,0,Nacional,9.7,17.1,24.5,18.2
2012-12-01,1,Aguascalientes,4.7,14.0,23.4,9.1
2012-12-01,2,Baja California,8.1,14.4,20.7,32.8
2012-12-01,3,Baja California Sur,12.7,18.9,25.0,13.1
2012-12-01,4,Campeche,19.8,25.3,30.7,25.4
2012-12-01,5,Coahuila,6.6,14.3,22.0,3.5
2012-12-01,6,Colima,19.8,25.7,31.7,24.2
2012-12-01,7,Chiapas,16.8,22.8,28.8,57.7
2012-12-01,8,Chihuahua,2.6,11.1,19.6,21.4
2012-12-01,9,Ciudad de México,8.2,15.6,22.9,0.0
2012-12-01,10,Durango,3.7,12.9,22.1,10.7
2012-12-01,11,Guanajuato,6.5,15.7,24.9,3.4
2012-12-01,12,Guerrero,17.2,23.9,30.6,0.5
2012-12-01,13,Hidalgo,7.2,15.2,23.3,3.7
2012-12-01,14,Jalisco,9.0,17.2,25.3,12.2
2012-12-01,15,Estado de México,4.5,12.9,21.4,0.6
2012-12-01,16,Michoacán,8.6,16.9,25.3,5.8
2012-12-01,17,Morelos,11.4,19.7,27.9,0.2
2012-12-01,18,Nayarit,16.4,23.3,30.1,4.7
2012-12-01,19,Nuevo León,8.5,15.7,22.9,2.1
2012-12-01,20,Oaxaca,15.1,21.8,28.5,14.1
2012-12-01,21,Puebla,8.2,16.2,24.1,11.2
2012-12-01,22,Querétaro,7.5,15.6,23.6,2.5
2012-12-01,23,Quintana Roo,21.0,25.6,30.2,45.6
2012-12-01,24,San Luis Potosí,11.8,18.4,24.9,2.9
2012-12-01,25,Sinaloa,13.0,20.7,28.5,40.0
2012-12-01,26,Sonora,6.5,14.8,23.0,27.4
2012-12-01,27,Tabasco,19.9,24.7,29.5,122.8
2012-12-01,28,Tamaulipas,12.5,18.6,24.6,3.1
2012-12-01,29,Tlaxcala,3.8,13.0,22.1,3.3
2012-12-01,30,Veracruz,14.8,20.1,25.5,31.3
2012-12-01,31,Yucatán,18.4,24.4,30.4,15.4
2012-12-01,32,Zacatecas,4.2,13.5,22.8,5.6
2013-01-01,0,Nacional,8.2,15.9,23.6,26.4
2013-01-01,1,Aguascalientes,4.9,13.1,21.3,51.6
2013-01-01,2,Baja California,5.5,12.5,19.4,28.9
2013-01-01,3,Baja California Sur,9.4,16.7,24.0,8.6
2013-01-01,4,Campeche,17.6,23.3,29.0,113.7
2013-01-01,5,Coahuila,4.5,12.5,20.4,15.4
2013-01-01,6,Colima,18.4,25.1,31.8,98.0
2013-01-01,7,Chiapas,17.4,23.3,29.2,59.0
2013-01-01,8,Chihuahua,0.4,9.1,17.7,18.5
2013-01-01,9,Ciudad de México,7.4,15.2,23.0,2.2
2013-01-01,10,Durango,1.8,11.1,20.4,4.6
2013-01-01,11,Guanajuato,7.3,15.7,24.1,11.4
2013-01-01,12,Guerrero,17.2,24.4,31.7,7.0
2013-01-01,13,Hidalgo,6.2,14.2,22.1,7.7
2013-01-01,14,Jalisco,9.0,17.3,25.7,46.0
2013-01-01,15,Estado de México,4.6,12.8,21.0,4.1
2013-01-01,16,Michoacán,9.0,17.1,25.3,17.7
2013-01-01,17,Morelos,11.1,19.5,27.9,0.8
2013-01-01,18,Nayarit,14.5,22.4,30.3,18.7
2013-01-01,19,Nuevo León,7.5,15.0,22.4,28.0
2013-01-01,20,Oaxaca,14.6,21.2,27.8,11.4
2013-01-01,21,Puebla,7.7,15.7,23.8,8.3
2013-01-01,22,Querétaro,7.8,16.0,24.2,4.9
2013-01-01,23,Quintana Roo,20.5,25.0,29.5,51.3
2013-01-01,24,San Luis Potosí,8.6,16.0,23.4,22.5
2013-01-01,25,Sinaloa,9.8,18.4,27.1,4.0
2013-01-01,26,Sonora,4.1,13.0,21.9,19.1
2013-01-01,27,Tabasco,19.7,24.3,29.0,185.9
2013-01-01,28,Tamaulipas,11.7,18.2,24.6,30.9
2013-01-01,29,Tlaxcala,3.6,12.5,21.4,4.1
2013-01-01,30,Veracruz,14.2,19.6,24.9,28.7
2013-01-01,31,Yucatán,17.6,24.2,30.8,56.7
2013-01-01,32,Zacatecas,3.6,12.2,20.8,27.0
2013-02-01,0,Nacional,9.4,17.8,26.3,6.4
2013-02-01,1,Aguascalientes,5.0,15.3,25.6,0.0
2013-02-01,2,Baja California,6.3,13.3,20.2,12.2
2013-02-01,3,Baja California Sur,9.5,17.0,24.4,0.5
2013-02-01,4,Campeche,18.7,25.0,31.3,15.7
2013-02-01,5,Coahuila,7.5,15.9,24.3,1.8
2013-02-01,6,Colima,16.9,24.1,31.3,0.0
2013-02-01,7,Chiapas,17.4,24.3,31.3,16.9
2013-02-01,8,Chihuahua,1.8,11.2,20.7,1.9
2013-02-01,9,Ciudad de México,8.5,17.4,26.4,1.4
2013-02-01,10,Durango,4.0,13.8,23.7,0.1
2013-02-01,11,Guanajuato,7.7,17.9,28.1,0.2
2013-02-01,12,Guerrero,17.4,25.4,33.3,0.1
2013-02-01,13,Hidalgo,7.0,16.6,26.3,8.5
2013-02-01,14,Jalisco,8.7,19.0,29.3,0.1
2013-02-01,15,Estado de México,4.7,14.4,24.0,0.9
2013-02-01,16,Michoacán,8.7,18.4,28.0,0.9
2013-02-01,17,Morelos,11.6,21.3,30.9,0.3
2013-02-01,18,Nayarit,14.3,23.0,31.6,0.5
2013-02-01,19,Nuevo León,10.6,18.6,26.7,2.5
2013-02-01,20,Oaxaca,15.8,23.1,30.4,11.9
2013-02-01,21,Puebla,8.3,17.4,26.6,11.7
2013-02-01,22,Querétaro,8.4,18.3,28.1,3.8
2013-02-01,23,Quintana Roo,21.1,25.9,30.8,40.7
2013-02-01,24,San Luis Potosí,11.2,19.8,28.4,4.8
2013-02-01,25,Sinaloa,9.7,18.9,28.1,0.1
2013-02-01,26,Sonora,4.6,14.0,23.5,5.1
2013-02-01,27,Tabasco,20.0,25.5,31.1,34.3
2013-02-01,28,Tamaulipas,15.0,21.7,28.4,3.2
2013-02-01,29,Tlaxcala,4.5,14.5,24.6,7.5
2013-02-01,30,Veracruz,16.2,22.2,28.3,29.3
2013-02-01,31,Yucatán,18.0,25.3,32.6,12.8
2013-02-01,32,Zacatecas,4.2,14.5,24.9,0.4
2013-03-01,0,Nacional,10.9,19.8,28.7,7.1
2013-03-01,1,Aguascalientes,5.0,15.8,26.6,0.4
2013-03-01,2,Baja California,9.2,17.3,25.3,6.3
2013-03-01,3,Baja California Sur,12.6,20.6,28.6,0.8
2013-03-01,4,Campeche,18.2,24.9,31.7,7.0
2013-03-01,5,Coahuila,9.7,18.8,27.8,1.7
2013-03-01,6,Colima,17.4,24.9,32.4,6.6
2013-03-01,7,Chiapas,17.4,24.3,31.2,15.7
2013-03-01,8,Chihuahua,5.3,15.7,26.2,1.1
2013-03-01,9,Ciudad de México,9.0,17.0,25.1,2.3
2013-03-01,10,Durango,5.0,15.7,26.5,0.1
2013-03-01,11,Guanajuato,8.0,17.5,27.1,2.4
2013-03-01,12,Guerrero,17.9,25.7,33.5,7.5
2013-03-01,13,Hidalgo,8.2,17.0,25.7,8.7
2013-03-01,14,Jalisco,9.3,19.4,29.4,2.2
2013-03-01,15,Estado de México,5.5,14.8,24.1,7.7
2013-03-01,16,Michoacán,9.6,18.2,26.9,10.3
2013-03-01,17,Morelos,12.3,21.6,30.8,8.9
2013-03-01,18,Nayarit,14.5,23.9,33.3,0.5
2013-03-01,19,Nuevo León,10.6,19.4,28.2,6.6
2013-03-01,20,Oaxaca,15.8,22.9,30.1,12.1
2013-03-01,21,Puebla,9.3,17.8,26.2,16.3
2013-03-01,22,Querétaro,8.5,17.6,26.7,5.9
2013-03-01,23,Quintana Roo,19.2,24.7,30.2,39.1
2013-03-01,24,San Luis Potosí,12.8,21.2,29.6,10.0
2013-03-01,25,Sinaloa,11.7,22.3,32.8,0.2
2013-03-01,26,Sonora,9.7,20.0,30.4,2.2
2013-03-01,27,Tabasco,18.9,25.2,31.4,48.7
2013-03-01,28,Tamaulipas,14.5,22.1,29.7,9.6
2013-03-01,29,Tlaxcala,4.6,13.9,23.2,8.0
2013-03-01,30,Veracruz,15.0,21.4,27.8,30.8
2013-03-01,31,Yucatán,16.5,24.2,32.0,10.7
2013-03-01,32,Zacatecas,4.8,15.5,26.1,0.4
2013-04-01,0,Nacional,13.8,22.6,31.3,9.0
2013-04-01,1,Aguascalientes,8.3,19.4,30.6,0.2
2013-04-01,2,Baja California,11.1,18.9,26.7,0.4
2013-04-01,3,Baja California Sur,13.5,21.0,28.5,0.1
2013-04-01,4,Campeche,21.6,28.7,35.7,19.5
2013-04-01,5,Coahuila,13.9,22.5,31.2,12.3
2013-04-01,6,Colima,17.6,24.8,31.9,0.1
2013-04-01,7,Chiapas,20.0,26.9,33.8,29.6
2013-04-01,8,Chihuahua,8.5,18.7,28.9,0.5
2013-04-01,9,Ciudad de México,12.0,20.2,28.5,15.6
2013-04-01,10,Durango,8.3,19.2,30.1,0.3
2013-04-01,11,Guanajuato,11.3,21.2,31.1,1.0
2013-04-01,12,Guerrero,19.9,27.6,35.4,7.1
2013-04-01,13,Hidalgo,12.0,21.2,30.3,9.8
2013-04-01,14,Jalisco,12.0,22.2,32.5,0.1
2013-04-01,15,Estado de México,7.8,17.2,26.6,11.9
2013-04-01,16,Michoacán,12.4,21.0,29.5,0.9
2013-04-01,17,Morelos,15.2,24.5,33.7,6.5
2013-04-01,18,Nayarit,16.5,25.4,34.4,1.0
2013-04-01,19,Nuevo León,14.6,22.9,31.3,27.2
2013-04-01,20,Oaxaca,18.7,25.9,33.0,13.6
2013-04-01,21,Puebla,12.6,20.8,29.1,20.5
2013-04-01,22,Querétaro,12.5,22.0,31.4,7.4
2013-04-01,23,Quintana Roo,23.4,28.2,33.0,18.6
2013-04-01,24,San Luis Potosí,17.3,25.3,33.3,2.7
2013-04-01,25,Sinaloa,14.0,23.5,33.1,0.2
2013-04-01,26,Sonora,11.4,21.5,31.7,1.0
2013-04-01,27,Tabasco,22.5,28.6,34.7,37.1
2013-04-01,28,Tamaulipas,17.9,25.0,32.1,28.2
2013-04-01,29,Tlaxcala,8.4,17.3,26.2,16.3
2013-04-01,30,Veracruz,18.4,24.6,30.8,19.1
2013-04-01,31,Yucatán,20.7,28.5,36.4,37.0
2013-04-01,32,Zacatecas,7.6,18.7,29.8,0.8
2013-05-01,0,Nacional,16.4,24.4,32.5,43.9
2013-05-01,1,Aguascalientes,12.0,21.4,30.8,18.9
2013-05-01,2,Baja California,14.6,22.5,30.4,3.4
2013-05-01,3,Baja California Sur,16.2,23.7,31.1,1.2
2013-05-01,4,Campeche,22.5,29.1,35.7,119.7
2013-05-01,5,Coahuila,17.5,25.3,33.1,44.1
2013-05-01,6,Colima,19.6,26.1,32.6,2.8
2013-05-01,7,Chiapas,21.0,26.9,32.9,214.6
2013-05-01,8,Chihuahua,12.1,21.6,31.1,7.6
2013-05-01,9,Ciudad de México,12.6,20.4,28.2,52.8
2013-05-01,10,Durango,11.4,21.3,31.1,4.7
2013-05-01,11,Guanajuato,13.8,22.6,31.4,27.0
2013-05-01,12,Guerrero,20.3,27.8,35.3,69.6
2013-05-01,13,Hidalgo,13.2,21.3,29.3,53.2
2013-05-01,14,Jalisco,15.1,24.4,33.6,18.4
2013-05-01,15,Estado de México,9.4,17.9,26.3,56.9
2013-05-01,16,Michoacán,13.9,22.2,30.4,24.8
2013-05-01,17,Morelos,15.8,24.1,32.5,144.5
2013-05-01,18,Nayarit,19.2,27.4,35.6,5.1
2013-05-01,19,Nuevo León,18.2,25.1,32.1,76.0
2013-05-01,20,Oaxaca,19.4,25.8,32.3,73.9
2013-05-01,21,Puebla,12.7,20.6,28.5,92.5
2013-05-01,22,Querétaro,14.1,22.6,31.1,41.2
2013-05-01,23,Quintana Roo,23.5,28.5,33.5,77.9
2013-05-01,24,San Luis Potosí,18.8,26.2,33.5,42.8
2013-05-01,25,Sinaloa,17.5,26.4,35.2,1.2
2013-05-01,26,Sonora,15.7,25.2,34.7,0.9
2013-05-01,27,Tabasco,23.3,28.8,34.3,141.3
2013-05-01,28,Tamaulipas,20.8,26.9,33.1,55.2
2013-05-01,29,Tlaxcala,9.0,17.6,26.2,69.1
2013-05-01,30,Veracruz,19.6,25.5,31.4,120.3
2013-05-01,31,Yucatán,21.3,28.8,36.2,72.5
2013-05-01,32,Zacatecas,11.3,21.3,31.2,14.2
2013-06-01,0,Nacional,19.4,26.6,33.7,103.2
2013-06-01,1,Aguascalientes,13.6,22.0,30.5,75.4
2013-06-01,2,Baja California,16.9,25.1,33.2,3.8
2013-06-01,3,Baja California Sur,19.8,26.7,33.6,4.1
2013-06-01,4,Campeche,22.7,28.1,33.5,248.8
2013-06-01,5,Coahuila,21.2,28.2,35.2,52.4
2013-06-01,6,Colima,22.8,28.2,33.7,124.2
2013-06-01,7,Chiapas,20.9,25.9,30.9,339.3
2013-06-01,8,Chihuahua,18.2,26.8,35.5,52.1
2013-06-01,9,Ciudad de México,12.6,19.3,26.1,107.1
2013-06-01,10,Durango,15.7,24.6,33.4,26.7
2013-06-01,11,Guanajuato,15.0,22.5,30.1,94.6
2013-06-01,12,Guerrero,20.7,26.7,32.8,195.7
2013-06-01,13,Hidalgo,14.0,21.0,28.1,100.0
2013-06-01,14,Jalisco,17.6,25.1,32.6,114.4
2013-06-01,15,Estado de México,10.9,17.9,24.8,124.2
2013-06-01,16,Michoacán,16.5,22.9,29.4,122.9
2013-06-01,17,Morelos,16.0,22.5,29.1,262.5
2013-06-01,18,Nayarit,22.8,28.9,35.1,151.4
2013-06-01,19,Nuevo León,20.9,28.0,35.2,47.5
2013-06-01,20,Oaxaca,19.4,25.1,30.8,187.9
2013-06-01,21,Puebla,13.5,20.4,27.3,204.5
2013-06-01,22,Querétaro,15.0,22.5,30.0,89.2
2013-06-01,23,Quintana Roo,24.4,28.6,32.7,254.7
2013-06-01,24,San Luis Potosí,20.9,27.4,33.9,87.5
2013-06-01,25,Sinaloa,23.2,30.0,36.7,35.7
2013-06-01,26,Sonora,22.0,31.0,40.0,9.7
2013-06-01,27,Tabasco,23.2,28.1,33.0,266.1
2013-06-01,28,Tamaulipas,23.4,29.4,35.4,100.8
2013-06-01,29,Tlaxcala,9.2,16.7,24.1,117.7
2013-06-01,30,Veracruz,20.3,25.8,31.2,254.6
2013-06-01,31,Yucatán,21.8,28.0,34.1,216.9
2013-06-01,32,Zacatecas,13.8,22.3,30.7,54.6
2013-07-01,0,Nacional,19.4,25.5,31.6,152.6
2013-07-01,1,Aguascalientes,13.3,19.9,26.5,205.7
2013-07-01,2,Baja California,19.0,25.6,32.1,30.6
2013-07-01,3,Baja California Sur,22.6,28.3,34.0,18.3
2013-07-01,4,Campeche,22.3,27.7,33.1,215.1
2013-07-01,5,Coahuila,20.5,27.0,33.6,76.5
2013-07-01,6,Colima,22.8,27.9,33.0,239.1
2013-07-01,7,Chiapas,20.4,25.4,30.4,248.4
2013-07-01,8,Chihuahua,17.8,24.4,30.9,204.9
2013-07-01,9,Ciudad de México,11.8,18.6,25.3,113.8
2013-07-01,10,Durango,15.1,22.0,28.8,147.4
2013-07-01,11,Guanajuato,14.2,20.7,27.3,214.8
2013-07-01,12,Guerrero,20.1,26.2,32.3,154.4
2013-07-01,13,Hidalgo,13.6,20.1,26.7,100.5
2013-07-01,14,Jalisco,16.1,22.2,28.2,223.6
2013-07-01,15,Estado de México,10.6,17.0,23.3,161.1
2013-07-01,16,Michoacán,15.2,21.0,26.7,234.6
2013-07-01,17,Morelos,15.2,21.5,27.9,254.0
2013-07-01,18,Nayarit,22.9,28.1,33.3,216.7
2013-07-01,19,Nuevo León,21.0,27.5,34.0,72.1
2013-07-01,20,Oaxaca,18.8,24.5,30.1,133.5
2013-07-01,21,Puebla,13.2,19.9,26.6,203.2
2013-07-01,22,Querétaro,14.6,21.4,28.1,159.3
2013-07-01,23,Quintana Roo,24.2,28.3,32.5,208.7
2013-07-01,24,San Luis Potosí,20.2,26.3,32.3,102.1
2013-07-01,25,Sinaloa,23.7,29.6,35.5,169.4
2013-07-01,26,Sonora,23.5,30.2,36.8,148.3
2013-07-01,27,Tabasco,23.0,28.0,32.9,230.1
2013-07-01,28,Tamaulipas,23.4,29.0,34.5,94.4
2013-07-01,29,Tlaxcala,8.7,15.8,22.8,161.0
2013-07-01,30,Veracruz,19.9,25.3,30.7,158.7
2013-07-01,31,Yucatán,21.4,27.5,33.6,154.7
2013-07-01,32,Zacatecas,13.4,19.8,26.3,158.5
2013-08-01,0,Nacional,19.1,25.6,32.0,135.8
2013-08-01,1,Aguascalientes,12.8,20.1,27.4,80.1
2013-08-01,2,Baja California,18.4,25.7,33.0,31.6
2013-08-01,3,Baja California Sur,23.2,28.9,34.7,65.8
2013-08-01,4,Campeche,22.6,28.0,33.4,259.0
2013-08-01,5,Coahuila,21.0,28.1,35.2,28.0
2013-08-01,6,Colima,22.5,27.6,32.7,300.0
2013-08-01,7,Chiapas,20.3,25.3,30.4,309.9
2013-08-01,8,Chihuahua,17.0,24.1,31.3,99.1
2013-08-01,9,Ciudad de México,12.1,18.2,24.3,130.3
2013-08-01,10,Durango,14.4,21.7,29.1,89.4
2013-08-01,11,Guanajuato,13.9,20.7,27.4,107.1
2013-08-01,12,Guerrero,20.2,26.0,31.9,156.3
2013-08-01,13,Hidalgo,12.9,19.5,26.1,116.7
2013-08-01,14,Jalisco,16.0,22.4,28.8,153.9
2013-08-01,15,Estado de México,10.4,16.7,23.0,133.0
2013-08-01,16,Michoacán,15.0,20.8,26.6,160.9
2013-08-01,17,Morelos,15.2,21.7,28.2,256.3
2013-08-01,18,Nayarit,22.8,28.3,33.7,289.9
2013-08-01,19,Nuevo León,20.7,27.9,35.1,51.3
2013-08-01,20,Oaxaca,18.7,24.3,30.0,204.2
2013-08-01,21,Puebla,13.2,19.9,26.6,227.9
2013-08-01,22,Querétaro,14.2,20.9,27.6,116.6
2013-08-01,23,Quintana Roo,24.1,28.4,32.8,220.7
2013-08-01,24,San Luis Potosí,19.9,26.1,32.4,134.8
2013-08-01,25,Sinaloa,23.4,29.4,35.5,197.2
2013-08-01,26,Sonora,22.8,30.1,37.4,97.3
2013-08-01,27,Tabasco,22.9,27.9,32.9,297.5
2013-08-01,28,Tamaulipas,23.3,29.2,35.1,132.9
2013-08-01,29,Tlaxcala,8.8,15.9,23.0,96.2
2013-08-01,30,Veracruz,19.8,25.2,30.5,265.2
2013-08-01,31,Yucatán,21.4,27.6,33.8,205.6
2013-08-01,32,Zacatecas,12.8,20.1,27.4,79.6
2013-09-01,0,Nacional,18.6,24.3,30.1,227.3
2013-09-01,1,Aguascalientes,13.4,19.6,25.8,154.3
2013-09-01,2,Baja California,19.3,26.0,32.7,33.5
2013-09-01,3,Baja California Sur,22.3,27.8,33.2,54.1
2013-09-01,4,Campeche,22.8,27.5,32.3,216.6
2013-09-01,5,Coahuila,19.1,25.3,31.5,121.2
2013-09-01,6,Colima,22.6,26.9,31.2,731.1
2013-09-01,7,Chiapas,20.5,25.0,29.6,394.9
2013-09-01,8,Chihuahua,15.5,22.1,28.8,103.0
2013-09-01,9,Ciudad de México,12.0,17.6,23.2,169.7
2013-09-01,10,Durango,14.0,20.3,26.6,138.5
2013-09-01,11,Guanajuato,14.7,20.4,26.0,185.9
2013-09-01,12,Guerrero,19.8,25.1,30.5,535.2
2013-09-01,13,Hidalgo,14.1,19.3,24.5,218.9
2013-09-01,14,Jalisco,16.4,21.8,27.2,304.8
2013-09-01,15,Estado de México,11.2,16.7,22.1,221.9
2013-09-01,16,Michoacán,15.1,20.3,25.5,359.4
2013-09-01,17,Morelos,16.0,21.5,27.1,393.9
2013-09-01,18,Nayarit,23.0,27.7,32.3,324.2
2013-09-01,19,Nuevo León,19.4,25.0,30.6,291.3
2013-09-01,20,Oaxaca,18.9,23.7,28.5,409.4
2013-09-01,21,Puebla,13.8,19.3,24.8,349.1
2013-09-01,22,Querétaro,14.9,20.7,26.6,203.0
2013-09-01,23,Quintana Roo,24.2,28.0,31.9,377.4
2013-09-01,24,San Luis Potosí,19.9,24.8,29.7,260.9
2013-09-01,25,Sinaloa,23.0,28.4,33.9,298.6
2013-09-01,26,Sonora,21.0,28.4,35.8,81.0
2013-09-01,27,Tabasco,23.5,27.8,32.1,276.3
2013-09-01,28,Tamaulipas,22.6,27.2,31.9,402.8
2013-09-01,29,Tlaxcala,10.7,15.9,21.2,202.8
2013-09-01,30,Veracruz,20.1,24.6,29.2,408.6
2013-09-01,31,Yucatán,21.5,27.0,32.6,270.1
2013-09-01,32,Zacatecas,13.2,19.3,25.4,144.5
2013-10-01,0,Nacional,15.4,22.4,29.3,77.6
2013-10-01,1,Aguascalientes,10.5,18.3,26.2,45.3
2013-10-01,2,Baja California,13.2,20.8,28.5,13.4
2013-10-01,3,Baja California Sur,18.4,24.8,31.2,56.3
2013-10-01,4,Campeche,22.2,27.2,32.2,171.5
2013-10-01,5,Coahuila,15.3,22.1,28.9,40.1
2013-10-01,6,Colima,22.9,27.9,32.9,124.6
2013-10-01,7,Chiapas,20.4,25.1,29.8,299.5
2013-10-01,8,Chihuahua,9.7,18.6,27.4,33.9
2013-10-01,9,Ciudad de México,11.9,18.1,24.3,64.3
2013-10-01,10,Durango,10.5,18.9,27.4,19.3
2013-10-01,11,Guanajuato,12.1,19.6,27.0,47.3
2013-10-01,12,Guerrero,20.0,25.8,31.6,103.2
2013-10-01,13,Hidalgo,11.7,18.5,25.4,79.4
2013-10-01,14,Jalisco,14.9,21.5,28.1,60.2
2013-10-01,15,Estado de México,8.9,15.7,22.6,71.7
2013-10-01,16,Michoacán,14.7,20.8,27.0,74.1
2013-10-01,17,Morelos,14.8,21.3,27.8,114.5
2013-10-01,18,Nayarit,22.7,28.3,33.8,32.9
2013-10-01,19,Nuevo León,16.2,22.6,29.0,29.7
2013-10-01,20,Oaxaca,18.2,23.6,29.1,98.1
2013-10-01,21,Puebla,12.3,19.0,25.8,125.2
2013-10-01,22,Querétaro,12.5,19.6,26.7,64.3
2013-10-01,23,Quintana Roo,24.1,28.2,32.4,235.8
2013-10-01,24,San Luis Potosí,16.7,23.0,29.3,61.5
2013-10-01,25,Sinaloa,19.9,27.1,34.3,16.1
2013-10-01,26,Sonora,13.6,22.8,32.0,25.1
2013-10-01,27,Tabasco,23.1,27.6,32.0,378.4
2013-10-01,28,Tamaulipas,19.5,25.2,30.8,43.2
2013-10-01,29,Tlaxcala,8.3,15.6,22.9,81.3
2013-10-01,30,Veracruz,19.2,24.2,29.3,225.6
2013-10-01,31,Yucatán,20.9,26.8,32.7,177.1
2013-10-01,32,Zacatecas,10.4,18.3,26.3,48.9
2013-11-01,0,Nacional,12.6,19.1,25.5,76.2
2013-11-01,1,Aguascalientes,8.4,15.8,23.2,35.2
2013-11-01,2,Baja California,10.8,17.7,24.6,17.4
2013-11-01,3,Baja California Sur,15.9,22.0,28.0,12.8
2013-11-01,4,Campeche,21.8,26.3,30.8,189.0
2013-11-01,5,Coahuila,9.1,15.5,22.0,33.1
2013-11-01,6,Colima,21.6,26.8,32.1,176.5
2013-11-01,7,Chiapas,18.9,23.7,28.4,193.2
2013-11-01,8,Chihuahua,6.3,13.7,21.2,45.9
2013-11-01,9,Ciudad de México,9.8,16.1,22.4,36.1
2013-11-01,10,Durango,7.0,14.6,22.3,59.9
2013-11-01,11,Guanajuato,10.0,17.5,24.9,32.5
2013-11-01,12,Guerrero,18.8,25.1,31.3,29.9
2013-11-01,13,Hidalgo,9.6,16.1,22.6,66.7
2013-11-01,14,Jalisco,12.7,19.2,25.7,60.0
2013-11-01,15,Estado de México,6.4,13.5,20.6,42.1
2013-11-01,16,Michoacán,12.1,19.0,25.9,37.6
2013-11-01,17,Morelos,13.4,20.3,27.2,70.4
2013-11-01,18,Nayarit,20.3,26.0,31.7,91.4
2013-11-01,19,Nuevo León,10.8,16.9,22.9,50.0
2013-11-01,20,Oaxaca,15.9,21.9,27.8,61.8
2013-11-01,21,Puebla,10.2,17.0,23.8,104.9
2013-11-01,22,Querétaro,10.6,17.1,23.7,55.4
2013-11-01,23,Quintana Roo,22.6,26.6,30.5,246.0
2013-11-01,24,San Luis Potosí,13.9,19.4,24.9,75.0
2013-11-01,25,Sinaloa,17.6,24.3,31.0,91.1
2013-11-01,26,Sonora,11.8,19.8,27.8,28.6
2013-11-01,27,Tabasco,21.2,25.4,29.7,455.8
2013-11-01,28,Tamaulipas,14.4,20.2,25.9,88.6
2013-11-01,29,Tlaxcala,6.0,13.4,20.8,42.4
2013-11-01,30,Veracruz,15.8,20.6,25.5,243.7
2013-11-01,31,Yucatán,20.3,25.5,30.8,135.6
2013-11-01,32,Zacatecas,8.1,15.4,22.7,37.6
2013-12-01,0,Nacional,9.7,16.7,23.8,55.1
2013-12-01,1,Aguascalientes,4.6,13.7,22.7,89.3
2013-12-01,2,Baja California,8.6,14.8,21.1,12.3
2013-12-01,3,Baja California Sur,12.5,18.8,25.0,6.3
2013-12-01,4,Campeche,20.8,25.5,30.2,123.1
2013-12-01,5,Coahuila,5.5,12.9,20.3,17.0
2013-12-01,6,Colima,20.3,26.0,31.6,74.1
2013-12-01,7,Chiapas,17.0,22.4,27.7,157.8
2013-12-01,8,Chihuahua,2.4,10.4,18.5,49.6
2013-12-01,9,Ciudad de México,8.6,15.6,22.6,2.5
2013-12-01,10,Durango,4.0,12.7,21.5,22.9
2013-12-01,11,Guanajuato,7.1,15.2,23.4,37.9
2013-12-01,12,Guerrero,17.2,23.9,30.5,4.4
2013-12-01,13,Hidalgo,7.6,15.2,22.9,26.8
2013-12-01,14,Jalisco,9.4,17.2,24.9,79.0
2013-12-01,15,Estado de México,4.7,12.7,20.7,7.6
2013-12-01,16,Michoacán,9.3,17.1,24.8,32.1
2013-12-01,17,Morelos,12.0,19.8,27.5,2.1
2013-12-01,18,Nayarit,17.2,23.6,30.1,77.3
2013-12-01,19,Nuevo León,7.8,14.7,21.7,74.5
2013-12-01,20,Oaxaca,14.0,20.6,27.1,19.9
2013-12-01,21,Puebla,8.8,16.4,24.0,26.0
2013-12-01,22,Querétaro,7.4,15.1,22.7,29.3
2013-12-01,23,Quintana Roo,22.2,26.1,29.9,127.6
2013-12-01,24,San Luis Potosí,11.3,17.6,23.9,70.9
2013-12-01,25,Sinaloa,13.4,21.0,28.6,32.9
2013-12-01,26,Sonora,7.0,15.0,23.0,28.4
2013-12-01,27,Tabasco,20.2,24.4,28.7,460.5
2013-12-01,28,Tamaulipas,11.5,17.3,23.1,100.9
2013-12-01,29,Tlaxcala,3.9,12.6,21.3,17.4
2013-12-01,30,Veracruz,14.0,19.4,24.7,77.0
2013-12-01,31,Yucatán,19.3,24.7,30.1,69.1
2013-12-01,32,Zacatecas,4.8,13.5,22.3,64.1
2014-01-01,0,Nacional,8.1,16.1,24.0,16.9
2014-01-01,1,Aguascalientes,3.1,12.1,21.1,5.8
2014-01-01,2,Baja California,9.6,16.7,23.8,3.6
2014-01-01,3,Baja California Sur,11.3,18.8,26.3,2.3
2014-01-01,4,Campeche,17.7,22.9,28.2,83.3
2014-01-01,5,Coahuila,3.6,11.9,20.3,4.6
2014-01-01,6,Colima,18.3,25.0,31.7,3.8
2014-01-01,7,Chiapas,15.2,21.2,27.2,67.3
2014-01-01,8,Chihuahua,1.5,10.9,20.3,1.2
2014-01-01,9,Ciudad de México,6.9,14.1,21.3,0.4
2014-01-01,10,Durango,1.9,11.4,21.0,5.3
2014-01-01,11,Guanajuato,5.4,14.1,22.9,4.4
2014-01-01,12,Guerrero,15.9,23.5,31.0,1.8
2014-01-01,13,Hidalgo,5.0,13.3,21.7,9.6
2014-01-01,14,Jalisco,7.8,15.9,24.0,6.3
2014-01-01,15,Estado de México,2.3,10.9,19.5,3.1
2014-01-01,16,Michoacán,8.5,16.5,24.6,4.5
2014-01-01,17,Morelos,10.2,18.7,27.2,0.3
2014-01-01,18,Nayarit,15.0,22.5,29.9,9.2
2014-01-01,19,Nuevo León,4.8,13.0,21.3,7.0
2014-01-01,20,Oaxaca,12.6,19.6,26.5,7.8
2014-01-01,21,Puebla,6.3,14.5,22.7,11.2
2014-01-01,22,Querétaro,5.6,14.2,22.8,6.2
2014-01-01,23,Quintana Roo,19.1,23.7,28.3,112.1
2014-01-01,24,San Luis Potosí,8.7,16.3,23.8,17.5
2014-01-01,25,Sinaloa,12.4,21.1,29.9,1.4
2014-01-01,26,Sonora,6.9,16.5,26.1,0.5
2014-01-01,27,Tabasco,17.7,22.1,26.4,177.7
2014-01-01,28,Tamaulipas,8.5,15.7,23.0,10.8
2014-01-01,29,Tlaxcala,1.7,10.8,19.8,3.5
2014-01-01,30,Veracruz,11.6,17.6,23.6,33.4
2014-01-01,31,Yucatán,16.1,22.3,28.4,92.3
2014-01-01,32,Zacatecas,2.8,11.9,21.0,10.4
2014-02-01,0,Nacional,10.1,18.7,27.4,6.0
2014-02-01,1,Aguascalientes,4.8,15.4,26.1,0.3
2014-02-01,2,Baja California,9.6,16.5,23.3,14.3
2014-02-01,3,Baja California Sur,12.0,19.7,27.4,0.5
2014-02-01,4,Campeche,19.9,26.1,32.2,27.7
2014-02-01,5,Coahuila,7.4,16.3,25.2,2.3
2014-02-01,6,Colima,18.3,25.4,32.6,0.1
2014-02-01,7,Chiapas,17.3,23.9,30.5,19.6
2014-02-01,8,Chihuahua,3.9,14.1,24.3,0.6
2014-02-01,9,Ciudad de México,9.4,17.1,24.8,1.4
2014-02-01,10,Durango,4.5,15.4,26.4,0.6
2014-02-01,11,Guanajuato,7.4,17.6,27.7,0.3
2014-02-01,12,Guerrero,17.3,25.1,32.8,0.2
2014-02-01,13,Hidalgo,7.8,17.2,26.5,4.6
2014-02-01,14,Jalisco,8.7,18.6,28.5,0.0
2014-02-01,15,Estado de México,3.9,13.6,23.4,2.9
2014-02-01,16,Michoacán,9.3,18.6,27.9,0.6
2014-02-01,17,Morelos,12.4,21.6,30.9,0.1
2014-02-01,18,Nayarit,15.3,23.9,32.5,0.2
2014-02-01,19,Nuevo León,8.3,16.7,25.0,8.1
2014-02-01,20,Oaxaca,14.8,22.2,29.7,4.3
2014-02-01,21,Puebla,8.6,17.6,26.5,5.8
2014-02-01,22,Querétaro,8.4,17.9,27.3,1.6
2014-02-01,23,Quintana Roo,21.7,26.3,30.9,34.9
2014-02-01,24,San Luis Potosí,11.8,19.6,27.4,4.2
2014-02-01,25,Sinaloa,12.1,21.8,31.5,0.2
2014-02-01,26,Sonora,8.0,18.1,28.2,0.7
2014-02-01,27,Tabasco,20.3,25.2,30.1,38.8
2014-02-01,28,Tamaulipas,11.9,18.7,25.5,10.8
2014-02-01,29,Tlaxcala,3.5,13.9,24.3,1.2
2014-02-01,30,Veracruz,14.2,20.4,26.5,10.7
2014-02-01,31,Yucatán,18.0,24.9,31.7,31.0
2014-02-01,32,Zacatecas,4.5,15.4,26.2,0.4
2014-03-01,0,Nacional,12.1,20.3,28.4,14.3
2014-03-01,1,Aguascalientes,6.6,16.9,27.3,2.2
2014-03-01,2,Baja California,12.0,19.1,26.2,9.6
2014-03-01,3,Baja California Sur,13.9,21.0,28.1,1.8
2014-03-01,4,Campeche,21.2,27.8,34.5,24.3
2014-03-01,5,Coahuila,10.0,18.1,26.2,7.9
2014-03-01,6,Colima,17.8,25.4,33.0,0.2
2014-03-01,7,Chiapas,18.8,25.3,31.9,37.9
2014-03-01,8,Chihuahua,6.5,15.4,24.4,11.0
2014-03-01,9,Ciudad de México,11.3,18.7,26.1,10.9
2014-03-01,10,Durango,6.4,16.5,26.7,4.9
2014-03-01,11,Guanajuato,9.5,19.1,28.7,4.3
2014-03-01,12,Guerrero,18.8,26.5,34.2,1.0
2014-03-01,13,Hidalgo,10.2,18.9,27.7,19.9
2014-03-01,14,Jalisco,10.4,19.8,29.1,1.3
2014-03-01,15,Estado de México,6.0,15.2,24.5,6.1
2014-03-01,16,Michoacán,10.7,19.3,28.0,1.4
2014-03-01,17,Morelos,14.6,23.5,32.4,2.3
2014-03-01,18,Nayarit,16.2,24.8,33.3,1.1
2014-03-01,19,Nuevo León,10.9,18.3,25.7,24.9
2014-03-01,20,Oaxaca,16.6,24.0,31.4,10.6
2014-03-01,21,Puebla,10.6,19.0,27.4,33.7
2014-03-01,22,Querétaro,10.9,19.8,28.6,11.3
2014-03-01,23,Quintana Roo,23.0,27.3,31.7,41.0
2014-03-01,24,San Luis Potosí,13.6,21.2,28.8,22.6
2014-03-01,25,Sinaloa,13.9,23.0,32.1,7.0
2014-03-01,26,Sonora,10.4,19.8,29.2,10.1
2014-03-01,27,Tabasco,21.6,26.9,32.2,70.5
2014-03-01,28,Tamaulipas,14.4,20.6,26.9,43.0
2014-03-01,29,Tlaxcala,6.2,15.7,25.1,19.1
2014-03-01,30,Veracruz,15.8,21.9,28.0,35.5
2014-03-01,31,Yucatán,19.1,26.5,34.0,10.5
2014-03-01,32,Zacatecas,6.3,16.6,26.9,4.0
2014-04-01,0,Nacional,14.1,22.4,30.8,13.8
2014-04-01,1,Aguascalientes,9.3,19.4,29.4,0.4
2014-04-01,2,Baja California,12.9,20.0,27.1,3.3
2014-04-01,3,Baja California Sur,14.5,22.3,30.2,0.1
2014-04-01,4,Campeche,22.0,29.2,36.3,45.4
2014-04-01,5,Coahuila,13.6,22.1,30.6,5.6
2014-04-01,6,Colima,19.8,26.5,33.1,0.1
2014-04-01,7,Chiapas,20.1,26.4,32.7,93.6
2014-04-01,8,Chihuahua,8.5,18.0,27.5,1.2
2014-04-01,9,Ciudad de México,12.4,19.4,26.4,21.8
2014-04-01,10,Durango,9.0,19.0,28.9,0.3
2014-04-01,11,Guanajuato,12.3,21.2,30.2,9.2
2014-04-01,12,Guerrero,20.9,28.4,35.8,6.9
2014-04-01,13,Hidalgo,10.6,19.3,27.9,24.0
2014-04-01,14,Jalisco,13.0,22.1,31.2,1.6
2014-04-01,15,Estado de México,7.6,16.4,25.1,17.9
2014-04-01,16,Michoacán,13.4,21.5,29.7,5.0
2014-04-01,17,Morelos,16.0,24.7,33.4,31.2
2014-04-01,18,Nayarit,16.5,25.3,34.2,1.3
2014-04-01,19,Nuevo León,14.5,22.5,30.4,12.2
2014-04-01,20,Oaxaca,18.3,25.6,32.9,17.4
2014-04-01,21,Puebla,11.9,20.4,28.8,35.4
2014-04-01,22,Querétaro,12.3,20.8,29.3,17.2
2014-04-01,23,Quintana Roo,22.8,27.9,33.1,39.9
2014-04-01,24,San Luis Potosí,14.3,23.1,31.9,16.5
2014-04-01,25,Sinaloa,15.0,24.4,33.9,0.2
2014-04-01,26,Sonora,12.3,22.1,31.9,0.5
2014-04-01,27,Tabasco,22.6,28.0,33.4,133.4
2014-04-01,28,Tamaulipas,18.6,24.9,31.1,15.6
2014-04-01,29,Tlaxcala,7.9,16.8,25.7,20.1
2014-04-01,30,Veracruz,17.8,24.6,31.3,25.4
2014-04-01,31,Yucatán,20.1,28.0,35.9,19.0
2014-04-01,32,Zacatecas,8.4,18.7,28.9,2.0
2014-05-01,0,Nacional,16.5,24.1,31.7,67.8
2014-05-01,1,Aguascalientes,11.9,20.5,29.0,56.0
2014-05-01,2,Baja California,16.0,23.0,30.1,1.8
2014-05-01,3,Baja California Sur,17.8,25.2,32.6,1.5
2014-05-01,4,Campeche,23.0,28.6,34.3,165.6
2014-05-01,5,Coahuila,16.7,24.6,32.4,40.4
2014-05-01,6,Colima,22.8,28.6,34.3,108.7
2014-05-01,7,Chiapas,20.7,25.8,30.9,262.3
2014-05-01,8,Chihuahua,11.4,21.0,30.6,1.8
2014-05-01,9,Ciudad de México,12.4,18.6,24.8,60.0
2014-05-01,10,Durango,11.8,21.2,30.6,7.0
2014-05-01,11,Guanajuato,13.5,21.4,29.2,75.8
2014-05-01,12,Guerrero,21.2,27.6,34.0,134.1
2014-05-01,13,Hidalgo,12.4,20.0,27.5,77.7
2014-05-01,14,Jalisco,15.7,23.2,30.7,58.9
2014-05-01,15,Estado de México,8.6,16.1,23.5,111.2
2014-05-01,16,Michoacán,14.9,21.8,28.7,94.7
2014-05-01,17,Morelos,16.7,23.9,31.1,194.5
2014-05-01,18,Nayarit,22.1,29.1,36.1,18.8
2014-05-01,19,Nuevo León,17.4,24.6,31.8,71.1
2014-05-01,20,Oaxaca,18.3,24.3,30.3,113.7
2014-05-01,21,Puebla,13.0,20.2,27.4,161.2
2014-05-01,22,Querétaro,14.0,21.2,28.5,71.7
2014-05-01,23,Quintana Roo,24.9,28.9,32.8,209.9
2014-05-01,24,San Luis Potosí,18.9,25.5,32.2,67.2
2014-05-01,25,Sinaloa,19.3,28.0,36.7,2.4
2014-05-01,26,Sonora,15.7,25.7,35.7,1.0
2014-05-01,27,Tabasco,23.1,27.8,32.5,274.7
2014-05-01,28,Tamaulipas,20.3,26.0,31.7,101.3
2014-05-01,29,Tlaxcala,8.9,16.6,24.2,119.8
2014-05-01,30,Veracruz,18.6,24.1,29.7,126.5
2014-05-01,31,Yucatán,21.2,27.8,34.3,175.1
2014-05-01,32,Zacatecas,12.2,20.9,29.6,32.9
2014-06-01,0,Nacional,16.5,24.1,31.7,124.2
2014-06-01,1,Aguascalientes,11.9,20.5,29.0,119.6
2014-06-01,2,Baja California,16.0,23.0,30.1,0.7
2014-06-01,3,Baja California Sur,17.8,25.2,32.6,8.4
2014-06-01,4,Campeche,23.0,28.7,34.3,209.8
2014-06-01,5,Coahuila,16.7,24.6,32.4,58.2
2014-06-01,6,Colima,22.8,28.6,34.3,438.7
2014-06-01,7,Chiapas,20.7,25.8,30.9,348.2
2014-06-01,8,Chihuahua,11.4,21.0,30.6,41.2
2014-06-01,9,Ciudad de México,12.4,18.6,24.8,96.4
2014-06-01,10,Durango,11.8,21.2,30.6,77.1
2014-06-01,11,Guanajuato,15.2,22.0,28.8,158.8
2014-06-01,12,Guerrero,21.2,27.6,34.0,216.5
2014-06-01,13,Hidalgo,12.4,20.0,27.5,151.0
2014-06-01,14,Jalisco,15.7,23.2,30.7,226.6
2014-06-01,15,Estado de México,8.6,16.1,23.5,183.5
2014-06-01,16,Michoacán,14.9,21.9,28.8,203.8
2014-06-01,17,Morelos,16.7,23.9,31.1,451.4
2014-06-01,18,Nayarit,22.1,29.1,36.1,263.9
2014-06-01,19,Nuevo León,17.2,24.5,31.7,68.0
2014-06-01,20,Oaxaca,18.3,24.3,30.3,258.9
2014-06-01,21,Puebla,13.0,20.2,27.4,308.0
2014-06-01,22,Querétaro,14.0,21.2,28.5,202.0
2014-06-01,23,Quintana Roo,24.9,28.9,32.8,97.7
2014-06-01,24,San Luis Potosí,18.9,25.5,32.2,141.9
2014-06-01,25,Sinaloa,21.6,29.2,36.7,104.6
2014-06-01,26,Sonora,15.7,25.7,35.7,8.6
2014-06-01,27,Tabasco,23.1,27.8,32.5,264.6
2014-06-01,28,Tamaulipas,20.3,26.0,31.7,108.5
2014-06-01,29,Tlaxcala,8.9,16.6,24.2,211.3
2014-06-01,30,Veracruz,18.6,24.1,29.7,255.7
2014-06-01,31,Yucatán,21.2,27.8,34.3,83.6
2014-06-01,32,Zacatecas,12.2,20.9,29.6,105.5
2014-07-01,0,Nacional,19.5,25.8,32.1,111.9
2014-07-01,1,Aguascalientes,12.9,19.9,26.9,103.7
2014-07-01,2,Baja California,21.6,27.4,33.3,3.2
2014-07-01,3,Baja California Sur,23.7,29.3,34.9,64.0
2014-07-01,4,Campeche,23.3,29.4,35.5,131.1
2014-07-01,5,Coahuila,21.3,27.7,34.2,44.4
2014-07-01,6,Colima,23.2,28.7,34.3,242.6
2014-07-01,7,Chiapas,20.4,25.8,31.2,150.0
2014-07-01,8,Chihuahua,17.3,24.3,31.4,116.2
2014-07-01,9,Ciudad de México,12.1,18.0,23.8,99.0
2014-07-01,10,Durango,15.3,22.6,29.9,101.2
2014-07-01,11,Guanajuato,14.1,20.4,26.7,127.9
2014-07-01,12,Guerrero,20.2,26.2,32.2,104.5
2014-07-01,13,Hidalgo,13.6,20.0,26.5,85.2
2014-07-01,14,Jalisco,15.7,22.4,29.0,157.3
2014-07-01,15,Estado de México,9.4,15.8,22.2,142.5
2014-07-01,16,Michoacán,15.1,21.1,27.1,139.7
2014-07-01,17,Morelos,16.0,22.4,28.7,196.1
2014-07-01,18,Nayarit,23.3,29.0,34.7,170.9
2014-07-01,19,Nuevo León,20.9,27.9,35.0,48.2
2014-07-01,20,Oaxaca,18.8,24.5,30.3,103.3
2014-07-01,21,Puebla,12.9,19.5,26.2,147.8
2014-07-01,22,Querétaro,15.0,21.2,27.4,114.5
2014-07-01,23,Quintana Roo,25.5,29.9,34.3,73.1
2014-07-01,24,San Luis Potosí,20.5,26.4,32.2,138.5
2014-07-01,25,Sinaloa,23.6,29.4,35.2,235.1
2014-07-01,26,Sonora,23.1,29.9,36.8,138.5
2014-07-01,27,Tabasco,23.6,28.5,33.4,178.2
2014-07-01,28,Tamaulipas,23.2,28.7,34.3,79.9
2014-07-01,29,Tlaxcala,8.7,15.7,22.8,125.1
2014-07-01,30,Veracruz,19.2,24.6,30.0,155.6
2014-07-01,31,Yucatán,21.8,28.4,34.9,111.3
2014-07-01,32,Zacatecas,13.2,20.2,27.3,83.5
2014-08-01,0,Nacional,19.2,25.7,32.1,134.3
2014-08-01,1,Aguascalientes,12.5,20.0,27.5,92.0
2014-08-01,2,Baja California,21.6,27.5,33.4,9.4
2014-08-01,3,Baja California Sur,23.8,29.5,35.3,68.5
2014-08-01,4,Campeche,23.1,29.2,35.3,206.5
2014-08-01,5,Coahuila,21.4,28.1,34.8,61.0
2014-08-01,6,Colima,23.1,28.6,34.1,286.1
2014-08-01,7,Chiapas,20.4,25.9,31.4,225.5
2014-08-01,8,Chihuahua,16.5,23.0,29.5,136.4
2014-08-01,9,Ciudad de México,12.7,18.3,24.0,108.2
2014-08-01,10,Durango,15.0,22.2,29.4,111.5
2014-08-01,11,Guanajuato,13.2,20.5,27.7,109.1
2014-08-01,12,Guerrero,19.7,25.8,31.9,244.4
2014-08-01,13,Hidalgo,13.5,20.6,27.6,70.9
2014-08-01,14,Jalisco,15.7,22.4,29.1,189.2
2014-08-01,15,Estado de México,9.1,15.9,22.6,134.1
2014-08-01,16,Michoacán,14.8,21.0,27.2,159.5
2014-08-01,17,Morelos,16.1,22.6,29.1,261.2
2014-08-01,18,Nayarit,22.9,28.5,34.1,348.4
2014-08-01,19,Nuevo León,21.4,28.6,35.9,55.4
2014-08-01,20,Oaxaca,18.8,24.9,30.9,159.9
2014-08-01,21,Puebla,12.9,19.9,27.0,144.1
2014-08-01,22,Querétaro,14.6,21.4,28.2,96.5
2014-08-01,23,Quintana Roo,25.2,30.2,35.3,127.2
2014-08-01,24,San Luis Potosí,20.4,27.1,33.7,71.4
2014-08-01,25,Sinaloa,23.6,29.2,34.8,241.0
2014-08-01,26,Sonora,22.1,28.8,35.4,146.4
2014-08-01,27,Tabasco,23.5,28.8,34.1,193.0
2014-08-01,28,Tamaulipas,23.8,29.9,36.1,56.4
2014-08-01,29,Tlaxcala,8.5,16.1,23.7,113.9
2014-08-01,30,Veracruz,19.3,25.0,30.7,148.6
2014-08-01,31,Yucatán,21.8,28.4,35.0,177.0
2014-08-01,32,Zacatecas,13.2,20.5,27.8,95.5
2014-09-01,0,Nacional,18.9,24.7,30.5,190.9
2014-09-01,1,Aguascalientes,12.5,19.4,26.2,93.3
2014-09-01,2,Baja California,22.4,28.7,35.0,2.9
2014-09-01,3,Baja California Sur,23.9,29.0,34.0,164.5
2014-09-01,4,Campeche,23.2,28.5,33.7,231.1
2014-09-01,5,Coahuila,19.4,25.2,31.1,99.4
2014-09-01,6,Colima,22.6,27.4,32.1,437.6
2014-09-01,7,Chiapas,20.5,25.1,29.7,461.7
2014-09-01,8,Chihuahua,15.8,22.2,28.5,132.3
2014-09-01,9,Ciudad de México,12.1,17.8,23.4,98.3
2014-09-01,10,Durango,14.6,21.5,28.4,112.1
2014-09-01,11,Guanajuato,13.9,20.4,26.9,106.7
2014-09-01,12,Guerrero,19.6,25.2,30.9,281.4
2014-09-01,13,Hidalgo,14.3,20.1,25.8,164.9
2014-09-01,14,Jalisco,15.9,22.0,28.2,183.7
2014-09-01,15,Estado de México,10.0,16.0,22.0,148.2
2014-09-01,16,Michoacán,15.2,20.8,26.4,158.7
2014-09-01,17,Morelos,16.2,22.0,27.8,407.0
2014-09-01,18,Nayarit,23.0,28.0,33.1,247.0
2014-09-01,19,Nuevo León,19.9,25.4,30.9,221.4
2014-09-01,20,Oaxaca,18.8,23.8,28.9,255.4
2014-09-01,21,Puebla,13.2,19.3,25.5,217.5
2014-09-01,22,Querétaro,15.3,21.0,26.8,154.6
2014-09-01,23,Quintana Roo,24.5,28.8,33.1,234.4
2014-09-01,24,San Luis Potosí,20.0,25.4,30.9,196.6
2014-09-01,25,Sinaloa,23.8,29.0,34.2,202.7
2014-09-01,26,Sonora,22.0,28.4,34.9,139.3
2014-09-01,27,Tabasco,23.3,27.7,32.2,372.0
2014-09-01,28,Tamaulipas,22.5,27.5,32.4,345.6
2014-09-01,29,Tlaxcala,9.7,16.2,22.7,138.7
2014-09-01,30,Veracruz,19.3,24.1,28.9,355.5
2014-09-01,31,Yucatán,21.7,27.4,33.2,193.9
2014-09-01,32,Zacatecas,13.2,19.8,26.5,108.8
2014-10-01,0,Nacional,16.0,23.0,29.9,91.8
2014-10-01,1,Aguascalientes,10.0,18.5,26.9,33.5
2014-10-01,2,Baja California,17.3,23.9,30.5,6.9
2014-10-01,3,Baja California Sur,20.6,26.7,32.8,17.8
2014-10-01,4,Campeche,22.6,27.5,32.3,189.2
2014-10-01,5,Coahuila,15.2,22.7,30.1,23.9
2014-10-01,6,Colima,23.1,28.2,33.2,154.4
2014-10-01,7,Chiapas,19.8,24.5,29.2,291.5
2014-10-01,8,Chihuahua,10.8,19.8,28.8,9.1
2014-10-01,9,Ciudad de México,10.6,16.7,22.9,92.6
2014-10-01,10,Durango,10.5,19.5,28.5,18.7
2014-10-01,11,Guanajuato,11.3,18.9,26.5,65.7
2014-10-01,12,Guerrero,19.2,25.0,30.9,191.3
2014-10-01,13,Hidalgo,12.2,18.7,25.3,107.9
2014-10-01,14,Jalisco,14.3,21.5,28.7,87.9
2014-10-01,15,Estado de México,8.0,14.8,21.7,104.1
2014-10-01,16,Michoacán,13.7,20.5,27.3,84.7
2014-10-01,17,Morelos,15.1,21.4,27.6,193.9
2014-10-01,18,Nayarit,23.1,28.2,33.4,138.0
2014-10-01,19,Nuevo León,16.6,23.2,29.9,69.3
2014-10-01,20,Oaxaca,17.7,23.1,28.5,209.9
2014-10-01,21,Puebla,12.0,18.5,25.0,171.4
2014-10-01,22,Querétaro,12.8,19.5,26.1,77.2
2014-10-01,23,Quintana Roo,23.7,28.1,32.5,271.7
2014-10-01,24,San Luis Potosí,17.5,23.8,30.0,81.0
2014-10-01,25,Sinaloa,21.7,28.2,34.8,25.8
2014-10-01,26,Sonora,16.5,25.1,33.8,14.3
2014-10-01,27,Tabasco,22.8,27.1,31.4,411.1
2014-10-01,28,Tamaulipas,20.0,25.6,31.2,97.4
2014-10-01,29,Tlaxcala,8.1,15.2,22.2,101.3
2014-10-01,30,Veracruz,17.9,23.0,28.1,270.1
2014-10-01,31,Yucatán,21.0,26.5,32.1,203.6
2014-10-01,32,Zacatecas,10.1,18.4,26.8,42.4
2014-11-01,0,Nacional,10.8,18.2,25.5,42.6
2014-11-01,1,Aguascalientes,6.0,14.3,22.6,22.2
2014-11-01,2,Baja California,12.1,19.2,26.3,1.4
2014-11-01,3,Baja California Sur,15.1,22.2,29.4,2.9
2014-11-01,4,Campeche,18.2,24.2,30.1,49.1
2014-11-01,5,Coahuila,6.9,14.2,21.5,66.1
2014-11-01,6,Colima,20.3,26.3,32.3,237.7
2014-11-01,7,Chiapas,17.6,23.1,28.7,80.1
2014-11-01,8,Chihuahua,3.7,12.4,21.1,32.5
2014-11-01,9,Ciudad de México,9.0,16.0,23.0,7.1
2014-11-01,10,Durango,4.2,13.2,22.1,55.3
2014-11-01,11,Guanajuato,8.2,16.5,24.8,11.9
2014-11-01,12,Guerrero,17.9,24.5,31.1,28.5
2014-11-01,13,Hidalgo,7.8,15.1,22.4,19.6
2014-11-01,14,Jalisco,10.3,18.1,25.9,63.2
2014-11-01,15,Estado de México,5.5,13.5,21.4,11.1
2014-11-01,16,Michoacán,11.4,18.8,26.1,27.4
2014-11-01,17,Morelos,12.5,19.9,27.2,10.5
2014-11-01,18,Nayarit,18.0,24.5,31.0,88.5
2014-11-01,19,Nuevo León,8.7,15.7,22.8,59.7
2014-11-01,20,Oaxaca,15.5,21.4,27.4,25.0
2014-11-01,21,Puebla,8.7,16.1,23.5,33.1
2014-11-01,22,Querétaro,9.9,17.0,24.0,10.2
2014-11-01,23,Quintana Roo,20.7,25.4,30.1,73.9
2014-11-01,24,San Luis Potosí,9.3,16.2,23.1,26.5
2014-11-01,25,Sinaloa,15.9,23.7,31.5,54.2
2014-11-01,26,Sonora,11.3,19.8,28.4,12.4
2014-11-01,27,Tabasco,20.0,24.3,28.7,232.9
2014-11-01,28,Tamaulipas,12.7,18.7,24.7,43.4
2014-11-01,29,Tlaxcala,5.8,13.8,21.9,9.8
2014-11-01,30,Veracruz,14.7,19.7,24.7,67.2
2014-11-01,31,Yucatán,17.3,23.6,29.8,36.0
2014-11-01,32,Zacatecas,5.1,13.9,22.6,36.4
2014-12-01,0,Nacional,9.4,16.8,24.3,16.3
2014-12-01,1,Aguascalientes,4.7,13.6,22.5,5.7
2014-12-01,2,Baja California,9.4,15.2,20.9,27.9
2014-12-01,3,Baja California Sur,12.0,19.1,26.3,2.4
2014-12-01,4,Campeche,18.1,23.9,29.7,27.0
2014-12-01,5,Coahuila,7.7,14.5,21.3,10.1
2014-12-01,6,Colima,18.6,25.2,31.8,10.4
2014-12-01,7,Chiapas,16.1,21.6,27.2,18.5
2014-12-01,8,Chihuahua,1.1,10.6,20.1,6.6
2014-12-01,9,Ciudad de México,8.3,15.1,22.0,19.6
2014-12-01,10,Durango,2.6,12.4,22.3,2.6
2014-12-01,11,Guanajuato,7.1,15.7,24.4,4.9
2014-12-01,12,Guerrero,16.1,23.2,30.2,13.4
2014-12-01,13,Hidalgo,7.0,14.5,21.9,19.5
2014-12-01,14,Jalisco,8.9,17.3,25.7,5.5
2014-12-01,15,Estado de México,4.2,12.5,20.8,20.0
2014-12-01,16,Michoacán,8.9,16.8,24.7,5.1
2014-12-01,17,Morelos,10.8,18.7,26.6,29.3
2014-12-01,18,Nayarit,16.2,23.0,29.9,5.8
2014-12-01,19,Nuevo León,8.8,15.2,21.5,38.1
2014-12-01,20,Oaxaca,14.2,20.2,26.2,19.4
2014-12-01,21,Puebla,8.1,15.7,23.3,34.3
2014-12-01,22,Querétaro,9.6,16.5,23.4,10.3
2014-12-01,23,Quintana Roo,20.3,25.0,29.7,42.7
2014-12-01,24,San Luis Potosí,9.8,16.7,23.5,24.4
2014-12-01,25,Sinaloa,12.3,20.6,28.9,1.8
2014-12-01,26,Sonora,7.4,16.2,25.0,8.4
2014-12-01,27,Tabasco,19.4,23.6,27.9,47.6
2014-12-01,28,Tamaulipas,14.3,19.4,24.5,42.4
2014-12-01,29,Tlaxcala,4.1,12.5,21.0,21.2
2014-12-01,30,Veracruz,14.5,19.5,24.6,53.2
2014-12-01,31,Yucatán,16.7,23.2,29.8,14.8
2014-12-01,32,Zacatecas,3.6,12.9,22.2,12.7
2015-01-01,0,Nacional,8.9,16.1,23.2,37.5
2015-01-01,1,Aguascalientes,5.6,13.9,22.3,7.1
2015-01-01,2,Baja California,9.6,15.9,22.2,21.7
2015-01-01,3,Baja California Sur,11.8,18.4,25.1,26.0
2015-01-01,4,Campeche,17.4,23.2,29.0,90.1
2015-01-01,5,Coahuila,5.3,12.0,18.6,26.4
2015-01-01,6,Colima,18.3,25.4,32.6,1.1
2015-01-01,7,Chiapas,16.1,22.0,27.8,82.5
2015-01-01,8,Chihuahua,2.0,9.6,17.3,38.2
2015-01-01,9,Ciudad de México,7.3,14.5,21.8,0.3
2015-01-01,10,Durango,4.4,12.3,20.2,32.2
2015-01-01,11,Guanajuato,6.8,15.4,24.0,4.6
2015-01-01,12,Guerrero,16.2,23.6,31.0,0.3
2015-01-01,13,Hidalgo,4.8,12.9,21.0,19.4
2015-01-01,14,Jalisco,8.9,17.5,26.1,6.5
2015-01-01,15,Estado de México,3.3,11.8,20.4,1.8
2015-01-01,16,Michoacán,10.0,17.9,25.9,1.5
2015-01-01,17,Morelos,11.1,19.5,27.8,0.3
2015-01-01,18,Nayarit,16.8,23.9,31.0,42.2
2015-01-01,19,Nuevo León,6.2,13.1,20.0,24.9
2015-01-01,20,Oaxaca,13.0,19.7,26.4,19.2
2015-01-01,21,Puebla,6.3,14.7,23.0,30.6
2015-01-01,22,Querétaro,8.1,15.6,23.2,9.0
2015-01-01,23,Quintana Roo,19.5,24.5,29.5,73.6
2015-01-01,24,San Luis Potosí,7.2,14.6,22.0,23.6
2015-01-01,25,Sinaloa,13.0,20.6,28.3,29.5
2015-01-01,26,Sonora,7.8,16.0,24.2,54.3
2015-01-01,27,Tabasco,18.8,22.9,27.0,294.2
2015-01-01,28,Tamaulipas,8.8,14.8,20.8,26.8
2015-01-01,29,Tlaxcala,2.8,11.7,20.5,8.1
2015-01-01,30,Veracruz,11.6,17.0,22.4,79.6
2015-01-01,31,Yucatán,17.0,23.4,29.8,46.9
2015-01-01,32,Zacatecas,4.8,13.2,21.5,19.5
2015-02-01,0,Nacional,9.9,17.7,25.4,27.2
2015-02-01,1,Aguascalientes,5.9,14.6,23.2,32.7
2015-02-01,2,Baja California,10.0,17.5,25.0,14.6
2015-02-01,3,Baja California Sur,12.4,20.0,27.5,16.8
2015-02-01,4,Campeche,17.1,23.7,30.3,32.1
2015-02-01,5,Coahuila,6.3,14.1,22.0,28.7
2015-02-01,6,Colima,17.6,24.1,30.6,129.1
2015-02-01,7,Chiapas,16.0,22.7,29.5,31.0
2015-02-01,8,Chihuahua,4.2,13.0,21.8,29.5
2015-02-01,9,Ciudad de México,7.7,15.4,23.1,2.9
2015-02-01,10,Durango,4.8,13.7,22.7,37.1
2015-02-01,11,Guanajuato,7.2,16.1,25.0,12.1
2015-02-01,12,Guerrero,16.9,24.2,31.6,3.0
2015-02-01,13,Hidalgo,5.7,14.3,23.0,15.9
2015-02-01,14,Jalisco,9.3,17.9,26.5,42.2
2015-02-01,15,Estado de México,3.9,12.6,21.4,11.4
2015-02-01,16,Michoacán,10.2,18.4,26.6,17.9
2015-02-01,17,Morelos,11.6,20.5,29.3,3.0
2015-02-01,18,Nayarit,16.1,23.1,30.1,82.9
2015-02-01,19,Nuevo León,7.7,15.0,22.3,33.2
2015-02-01,20,Oaxaca,13.9,20.8,27.8,5.2
2015-02-01,21,Puebla,6.9,15.6,24.3,10.9
2015-02-01,22,Querétaro,8.9,16.9,24.9,14.9
2015-02-01,23,Quintana Roo,18.7,24.4,30.0,41.0
2015-02-01,24,San Luis Potosí,8.2,16.3,24.4,21.2
2015-02-01,25,Sinaloa,14.5,22.1,29.6,33.3
2015-02-01,26,Sonora,10.4,18.8,27.1,18.5
2015-02-01,27,Tabasco,18.5,23.4,28.4,79.0
2015-02-01,28,Tamaulipas,11.1,17.4,23.8,19.4
2015-02-01,29,Tlaxcala,3.8,13.2,22.5,4.3
2015-02-01,30,Veracruz,12.7,18.3,23.8,20.9
2015-02-01,31,Yucatán,16.2,23.4,30.6,43.5
2015-02-01,32,Zacatecas,5.0,13.9,22.7,48.0
2015-03-01,0,Nacional,12.0,19.2,26.3,69.6
2015-03-01,1,Aguascalientes,7.4,15.3,23.1,90.8
2015-03-01,2,Baja California,11.9,19.3,26.7,37.4
2015-03-01,3,Baja California Sur,13.8,21.3,28.9,14.8
2015-03-01,4,Campeche,20.6,27.0,33.3,82.7
2015-03-01,5,Coahuila,9.3,15.9,22.5,71.5
2015-03-01,6,Colima,18.1,24.9,31.7,306.1
2015-03-01,7,Chiapas,18.4,24.6,30.9,52.9
2015-03-01,8,Chihuahua,6.2,13.9,21.7,54.9
2015-03-01,9,Ciudad de México,9.9,16.7,23.6,19.5
2015-03-01,10,Durango,6.3,14.4,22.5,74.6
2015-03-01,11,Guanajuato,9.2,17.6,25.9,126.5
2015-03-01,12,Guerrero,18.3,25.4,32.6,42.1
2015-03-01,13,Hidalgo,9.0,16.2,23.4,93.9
2015-03-01,14,Jalisco,10.8,19.3,27.9,140.2
2015-03-01,15,Estado de México,6.1,14.0,21.8,61.5
2015-03-01,16,Michoacán,11.7,19.2,26.7,158.7
2015-03-01,17,Morelos,14.0,22.2,30.3,63.1
2015-03-01,18,Nayarit,15.7,23.0,30.3,88.3
2015-03-01,19,Nuevo León,11.1,17.1,23.1,84.7
2015-03-01,20,Oaxaca,16.0,22.5,29.0,30.4
2015-03-01,21,Puebla,9.7,17.2,24.6,92.8
2015-03-01,22,Querétaro,10.8,18.3,25.8,110.1
2015-03-01,23,Quintana Roo,22.8,27.4,32.0,43.2
2015-03-01,24,San Luis Potosí,12.7,19.2,25.8,99.6
2015-03-01,25,Sinaloa,14.8,22.6,30.3,35.0
2015-03-01,26,Sonora,11.8,20.0,28.3,40.9
2015-03-01,27,Tabasco,21.0,25.9,30.8,156.3
2015-03-01,28,Tamaulipas,14.4,20.0,25.6,81.1
2015-03-01,29,Tlaxcala,6.8,14.6,22.5,63.5
2015-03-01,30,Veracruz,15.0,20.2,25.5,98.8
2015-03-01,31,Yucatán,19.6,26.8,34.0,32.5
2015-03-01,32,Zacatecas,6.9,14.7,22.5,79.3
2015-04-01,0,Nacional,14.9,22.4,30.0,27.4
2015-04-01,1,Aguascalientes,10.8,18.9,27.0,8.4
2015-04-01,2,Baja California,11.7,18.9,26.2,6.3
2015-04-01,3,Baja California Sur,15.6,22.4,29.2,8.2
2015-04-01,4,Campeche,22.8,29.9,37.0,26.0
2015-04-01,5,Coahuila,14.1,21.2,28.2,34.1
2015-04-01,6,Colima,19.6,26.3,33.1,0.7
2015-04-01,7,Chiapas,20.9,27.3,33.7,80.6
2015-04-01,8,Chihuahua,9.1,17.5,25.9,20.4
2015-04-01,9,Ciudad de México,12.0,19.2,26.4,8.3
2015-04-01,10,Durango,9.5,18.3,27.1,12.8
2015-04-01,11,Guanajuato,13.2,21.8,30.3,16.7
2015-04-01,12,Guerrero,20.0,27.3,34.6,2.6
2015-04-01,13,Hidalgo,11.4,19.3,27.3,43.6
2015-04-01,14,Jalisco,13.6,21.9,30.3,7.3
2015-04-01,15,Estado de México,7.7,16.2,24.6,15.9
2015-04-01,16,Michoacán,13.9,21.8,29.7,7.5
2015-04-01,17,Morelos,16.9,25.2,33.5,10.1
2015-04-01,18,Nayarit,18.2,25.4,32.5,2.9
2015-04-01,19,Nuevo León,16.6,22.7,28.8,80.9
2015-04-01,20,Oaxaca,19.1,25.8,32.6,32.1
2015-04-01,21,Puebla,12.0,19.9,27.8,45.6
2015-04-01,22,Querétaro,14.1,21.9,29.7,28.3
2015-04-01,23,Quintana Roo,24.5,29.0,33.5,18.4
2015-04-01,24,San Luis Potosí,16.9,24.0,31.1,37.3
2015-04-01,25,Sinaloa,16.6,24.7,32.9,13.1
2015-04-01,26,Sonora,12.7,21.7,30.7,17.7
2015-04-01,27,Tabasco,24.1,29.7,35.3,86.2
2015-04-01,28,Tamaulipas,20.3,25.6,31.0,74.5
2015-04-01,29,Tlaxcala,8.2,16.7,25.2,30.4
2015-04-01,30,Veracruz,19.4,25.4,31.4,50.4
2015-04-01,31,Yucatán,21.6,29.3,37.0,11.1
2015-04-01,32,Zacatecas,10.4,19.0,27.6,12.8
2015-05-01,0,Nacional,16.3,23.7,31.2,53.7
2015-05-01,1,Aguascalientes,11.8,20.5,29.3,31.7
2015-05-01,2,Baja California,14.2,19.9,25.7,22.1
2015-05-01,3,Baja California Sur,16.0,22.9,29.7,2.2
2015-05-01,4,Campeche,23.1,30.0,36.9,71.1
2015-05-01,5,Coahuila,17.2,24.0,30.8,80.1
2015-05-01,6,Colima,21.7,28.1,34.6,25.4
2015-05-01,7,Chiapas,20.9,26.9,32.9,126.9
2015-05-01,8,Chihuahua,10.8,20.1,29.5,7.2
2015-05-01,9,Ciudad de México,11.7,18.5,25.3,69.6
2015-05-01,10,Durango,11.7,20.7,29.7,8.7
2015-05-01,11,Guanajuato,13.2,21.5,29.7,100.4
2015-05-01,12,Guerrero,20.6,27.4,34.2,111.9
2015-05-01,13,Hidalgo,13.7,21.2,28.6,67.6
2015-05-01,14,Jalisco,14.9,23.3,31.7,42.7
2015-05-01,15,Estado de México,8.9,16.3,23.7,128.7
2015-05-01,16,Michoacán,15.6,23.1,30.7,75.4
2015-05-01,17,Morelos,17.2,24.5,31.8,155.6
2015-05-01,18,Nayarit,19.2,27.0,34.8,8.8
2015-05-01,19,Nuevo León,19.2,25.0,30.7,126.4
2015-05-01,20,Oaxaca,19.6,25.9,32.1,69.5
2015-05-01,21,Puebla,12.5,19.8,27.2,124.2
2015-05-01,22,Querétaro,15.2,22.5,29.7,94.1
2015-05-01,23,Quintana Roo,24.7,29.3,34.0,22.0
2015-05-01,24,San Luis Potosí,17.2,24.2,31.3,108.5
2015-05-01,25,Sinaloa,17.8,26.3,34.7,4.9
2015-05-01,26,Sonora,14.2,23.1,32.0,2.8
2015-05-01,27,Tabasco,23.8,29.3,34.7,80.9
2015-05-01,28,Tamaulipas,22.0,27.2,32.4,151.4
2015-05-01,29,Tlaxcala,9.2,16.8,24.3,133.8
2015-05-01,30,Veracruz,20.0,25.7,31.5,70.4
2015-05-01,31,Yucatán,21.9,29.4,36.8,31.9
2015-05-01,32,Zacatecas,11.9,21.0,30.1,28.8
2015-06-01,0,Nacional,18.9,25.5,32.0,119.2
2015-06-01,1,Aguascalientes,14.0,20.6,27.2,202.8
2015-06-01,2,Baja California,18.5,25.2,32.0,17.9
2015-06-01,3,Baja California Sur,20.8,27.3,33.8,38.8
2015-06-01,4,Campeche,23.3,28.8,34.3,157.8
2015-06-01,5,Coahuila,19.0,25.3,31.6,74.2
2015-06-01,6,Colima,23.9,29.0,34.2,172.6
2015-06-01,7,Chiapas,20.9,26.1,31.2,206.9
2015-06-01,8,Chihuahua,16.6,24.6,32.6,83.4
2015-06-01,9,Ciudad de México,12.3,18.3,24.3,74.1
2015-06-01,10,Durango,14.9,22.2,29.5,103.8
2015-06-01,11,Guanajuato,14.2,21.1,28.1,143.6
2015-06-01,12,Guerrero,20.2,26.4,32.6,142.0
2015-06-01,13,Hidalgo,13.9,20.5,27.2,85.1
2015-06-01,14,Jalisco,17.0,23.5,29.9,183.2
2015-06-01,15,Estado de México,9.9,16.1,22.4,128.1
2015-06-01,16,Michoacán,16.3,22.8,29.3,132.4
2015-06-01,17,Morelos,16.8,22.9,29.0,262.1
2015-06-01,18,Nayarit,23.6,29.4,35.2,145.1
2015-06-01,19,Nuevo León,20.6,26.3,32.1,89.7
2015-06-01,20,Oaxaca,19.4,25.0,30.7,173.2
2015-06-01,21,Puebla,13.1,19.5,25.8,164.6
2015-06-01,22,Querétaro,15.5,21.8,28.2,128.9
2015-06-01,23,Quintana Roo,24.6,28.8,32.9,270.5
2015-06-01,24,San Luis Potosí,17.9,24.3,30.7,129.5
2015-06-01,25,Sinaloa,24.2,30.7,37.2,81.2
2015-06-01,26,Sonora,21.6,29.9,38.1,75.8
2015-06-01,27,Tabasco,23.6,28.3,33.0,237.0
2015-06-01,28,Tamaulipas,23.0,28.3,33.6,127.0
2015-06-01,29,Tlaxcala,9.8,16.3,22.9,141.4
2015-06-01,30,Veracruz,19.4,24.6,29.8,152.0
2015-06-01,31,Yucatán,22.3,28.3,34.4,137.5
2015-06-01,32,Zacatecas,14.1,20.7,27.4,167.5
2015-07-01,0,Nacional,19.2,25.6,32.0,110.3
2015-07-01,1,Aguascalientes,12.9,19.6,26.3,148.0
2015-07-01,2,Baja California,20.1,25.9,31.8,20.2
2015-07-01,3,Baja California Sur,23.4,28.9,34.4,51.2
2015-07-01,4,Campeche,22.9,29.5,36.0,78.7
2015-07-01,5,Coahuila,19.7,26.8,33.9,49.0
2015-07-01,6,Colima,23.0,28.6,34.1,207.2
2015-07-01,7,Chiapas,20.4,25.9,31.5,134.7
2015-07-01,8,Chihuahua,16.9,24.0,31.1,138.5
2015-07-01,9,Ciudad de México,11.7,18.1,24.6,94.1
2015-07-01,10,Durango,14.8,21.9,28.9,108.3
2015-07-01,11,Guanajuato,13.5,20.2,27.0,142.0
2015-07-01,12,Guerrero,19.8,26.1,32.5,147.6
2015-07-01,13,Hidalgo,13.7,20.5,27.2,70.3
2015-07-01,14,Jalisco,16.2,22.5,28.9,179.9
2015-07-01,15,Estado de México,9.3,15.9,22.4,141.0
2015-07-01,16,Michoacán,15.7,22.1,28.6,163.9
2015-07-01,17,Morelos,16.0,22.6,29.1,163.1
2015-07-01,18,Nayarit,23.0,28.7,34.4,202.9
2015-07-01,19,Nuevo León,20.9,28.0,35.0,21.5
2015-07-01,20,Oaxaca,19.2,25.2,31.3,158.0
2015-07-01,21,Puebla,12.4,19.5,26.6,132.7
2015-07-01,22,Querétaro,15.0,21.4,27.8,96.9
2015-07-01,23,Quintana Roo,25.2,29.9,34.6,42.5
2015-07-01,24,San Luis Potosí,17.4,24.1,30.8,73.7
2015-07-01,25,Sinaloa,24.3,30.1,35.9,201.3
2015-07-01,26,Sonora,23.4,29.8,36.3,131.2
2015-07-01,27,Tabasco,23.7,28.9,34.0,92.2
2015-07-01,28,Tamaulipas,23.4,29.1,34.9,42.6
2015-07-01,29,Tlaxcala,8.9,16.3,23.7,106.4
2015-07-01,30,Veracruz,19.4,24.9,30.4,148.9
2015-07-01,31,Yucatán,22.0,28.8,35.6,72.6
2015-07-01,32,Zacatecas,13.0,19.7,26.5,99.8
2015-08-01,0,Nacional,19.3,26.1,32.9,107.7
2015-08-01,1,Aguascalientes,12.5,19.8,27.2,93.2
2015-08-01,2,Baja California,21.8,28.2,34.6,18.6
2015-08-01,3,Baja California Sur,25.1,30.5,35.9,36.9
2015-08-01,4,Campeche,23.1,29.4,35.7,203.5
2015-08-01,5,Coahuila,20.0,27.6,35.1,32.6
2015-08-01,6,Colima,23.5,29.1,34.7,220.4
2015-08-01,7,Chiapas,20.8,26.5,32.2,196.5
2015-08-01,8,Chihuahua,16.6,24.3,31.9,97.2
2015-08-01,9,Ciudad de México,12.0,18.5,25.0,79.2
2015-08-01,10,Durango,14.6,22.4,30.2,72.9
2015-08-01,11,Guanajuato,13.2,20.7,28.2,102.2
2015-08-01,12,Guerrero,19.9,26.5,33.1,149.6
2015-08-01,13,Hidalgo,13.6,20.8,28.0,67.4
2015-08-01,14,Jalisco,16.0,22.8,29.7,135.6
2015-08-01,15,Estado de México,9.3,16.2,23.1,117.0
2015-08-01,16,Michoacán,14.8,21.6,28.5,118.2
2015-08-01,17,Morelos,16.0,22.9,29.8,257.9
2015-08-01,18,Nayarit,23.5,29.1,34.7,232.5
2015-08-01,19,Nuevo León,20.9,28.4,36.0,42.9
2015-08-01,20,Oaxaca,19.5,25.6,31.8,122.5
2015-08-01,21,Puebla,13.0,20.4,27.8,132.9
2015-08-01,22,Querétaro,14.7,21.9,29.0,85.0
2015-08-01,23,Quintana Roo,25.2,30.1,35.0,95.9
2015-08-01,24,San Luis Potosí,17.6,25.1,32.5,79.1
2015-08-01,25,Sinaloa,24.0,29.7,35.4,255.5
2015-08-01,26,Sonora,23.8,30.4,37.1,118.7
2015-08-01,27,Tabasco,23.8,29.3,34.8,193.5
2015-08-01,28,Tamaulipas,23.1,29.4,35.7,76.8
2015-08-01,29,Tlaxcala,8.9,16.6,24.3,73.5
2015-08-01,30,Veracruz,19.6,25.4,31.3,156.6
2015-08-01,31,Yucatán,22.0,28.7,35.3,158.3
2015-08-01,32,Zacatecas,12.7,20.2,27.7,71.0
2015-09-01,0,Nacional,18.8,25.1,31.4,132.7
2015-09-01,1,Aguascalientes,12.6,19.6,26.6,83.4
2015-09-01,2,Baja California,21.2,27.3,33.4,41.6
2015-09-01,3,Baja California Sur,24.2,29.4,34.5,104.6
2015-09-01,4,Campeche,22.9,28.7,34.4,184.2
2015-09-01,5,Coahuila,18.0,25.3,32.5,36.7
2015-09-01,6,Colima,23.3,28.7,34.0,240.9
2015-09-01,7,Chiapas,21.1,25.9,30.8,341.1
2015-09-01,8,Chihuahua,15.0,22.7,30.3,74.1
2015-09-01,9,Ciudad de México,12.1,17.8,23.6,114.3
2015-09-01,10,Durango,13.7,21.4,29.2,87.0
2015-09-01,11,Guanajuato,13.8,20.6,27.5,112.8
2015-09-01,12,Guerrero,19.8,25.6,31.4,234.2
2015-09-01,13,Hidalgo,12.7,18.8,24.8,97.5
2015-09-01,14,Jalisco,16.1,22.5,28.9,160.4
2015-09-01,15,Estado de México,10.1,16.1,22.1,168.2
2015-09-01,16,Michoacán,15.5,21.9,28.3,130.4
2015-09-01,17,Morelos,16.2,21.7,27.2,295.5
2015-09-01,18,Nayarit,23.3,28.6,33.9,360.2
2015-09-01,19,Nuevo León,19.9,26.5,33.1,64.8
2015-09-01,20,Oaxaca,19.5,25.0,30.5,176.2
2015-09-01,21,Puebla,13.2,19.4,25.6,236.0
2015-09-01,22,Querétaro,15.4,21.7,28.0,96.3
2015-09-01,23,Quintana Roo,25.2,29.9,34.6,171.0
2015-09-01,24,San Luis Potosí,18.7,25.2,31.7,91.7
2015-09-01,25,Sinaloa,24.5,29.5,34.6,213.2
2015-09-01,26,Sonora,22.6,28.9,35.2,116.3
2015-09-01,27,Tabasco,23.8,28.6,33.3,289.3
2015-09-01,28,Tamaulipas,22.3,27.8,33.3,115.1
2015-09-01,29,Tlaxcala,9.9,16.2,22.5,171.0
2015-09-01,30,Veracruz,20.0,25.2,30.3,201.3
2015-09-01,31,Yucatán,22.3,28.5,34.7,172.8
2015-09-01,32,Zacatecas,12.5,19.7,27.0,89.3
2015-10-01,0,Nacional,16.5,23.1,29.7,110.6
2015-10-01,1,Aguascalientes,10.6,18.1,25.7,106.6
2015-10-01,2,Baja California,17.9,24.0,30.2,18.3
2015-10-01,3,Baja California Sur,21.3,26.7,32.2,39.2
2015-10-01,4,Campeche,23.0,27.9,32.9,197.6
2015-10-01,5,Coahuila,16.1,22.9,29.6,70.4
2015-10-01,6,Colima,23.3,28.6,33.9,601.9
2015-10-01,7,Chiapas,20.7,25.6,30.5,247.1
2015-10-01,8,Chihuahua,11.0,18.8,26.5,47.2
2015-10-01,9,Ciudad de México,11.0,17.3,23.6,20.2
2015-10-01,10,Durango,10.9,19.1,27.2,70.0
2015-10-01,11,Guanajuato,12.6,19.8,27.0,64.5
2015-10-01,12,Guerrero,19.4,25.7,32.1,127.6
2015-10-01,13,Hidalgo,12.6,19.4,26.1,59.7
2015-10-01,14,Jalisco,14.7,21.7,28.7,196.5
2015-10-01,15,Estado de México,8.2,15.1,22.0,57.3
2015-10-01,16,Michoacán,14.3,21.4,28.4,164.6
2015-10-01,17,Morelos,15.4,22.0,28.6,87.2
2015-10-01,18,Nayarit,23.2,28.7,34.3,176.6
2015-10-01,19,Nuevo León,17.2,23.8,30.4,89.4
2015-10-01,20,Oaxaca,18.3,24.3,30.2,115.7
2015-10-01,21,Puebla,11.9,18.9,25.9,113.9
2015-10-01,22,Querétaro,13.6,20.3,26.9,60.5
2015-10-01,23,Quintana Roo,23.9,28.6,33.2,378.8
2015-10-01,24,San Luis Potosí,17.7,23.9,30.1,88.1
2015-10-01,25,Sinaloa,21.8,27.9,34.1,116.1
2015-10-01,26,Sonora,17.4,24.9,32.4,33.7
2015-10-01,27,Tabasco,23.4,27.7,32.0,361.2
2015-10-01,28,Tamaulipas,20.1,25.6,31.2,132.9
2015-10-01,29,Tlaxcala,8.1,15.5,23.0,37.9
2015-10-01,30,Veracruz,18.5,23.7,29.0,259.3
2015-10-01,31,Yucatán,21.6,27.1,32.6,117.1
2015-10-01,32,Zacatecas,10.6,18.3,26.0,92.4
2015-11-01,0,Nacional,13.0,20.1,27.1,50.2
2015-11-01,1,Aguascalientes,8.9,17.1,25.4,8.3
2015-11-01,2,Baja California,9.9,16.6,23.2,20.0
2015-11-01,3,Baja California Sur,16.3,22.4,28.5,16.0
2015-11-01,4,Campeche,22.7,27.4,32.0,123.6
2015-11-01,5,Coahuila,11.3,18.1,24.8,15.1
2015-11-01,6,Colima,22.8,28.1,33.4,14.7
2015-11-01,7,Chiapas,19.8,24.8,29.8,150.3
2015-11-01,8,Chihuahua,5.2,14.2,23.2,32.6
2015-11-01,9,Ciudad de México,10.7,17.2,23.7,5.4
2015-11-01,10,Durango,7.4,16.8,26.1,5.1
2015-11-01,11,Guanajuato,10.7,18.8,26.9,5.5
2015-11-01,12,Guerrero,18.9,25.3,31.8,31.9
2015-11-01,13,Hidalgo,12.3,18.6,24.9,51.8
2015-11-01,14,Jalisco,13.4,20.8,28.2,16.1
2015-11-01,15,Estado de México,7.1,14.6,22.1,17.5
2015-11-01,16,Michoacán,12.9,20.8,28.7,7.4
2015-11-01,17,Morelos,14.8,21.7,28.7,28.3
2015-11-01,18,Nayarit,20.3,26.7,33.1,34.4
2015-11-01,19,Nuevo León,13.3,19.5,25.6,20.1
2015-11-01,20,Oaxaca,18.2,23.7,29.3,78.9
2015-11-01,21,Puebla,11.4,18.2,25.1,89.3
2015-11-01,22,Querétaro,12.6,19.5,26.3,25.9
2015-11-01,23,Quintana Roo,23.8,27.9,32.0,224.8
2015-11-01,24,San Luis Potosí,16.1,21.9,27.6,34.8
2015-11-01,25,Sinaloa,16.3,24.4,32.5,25.0
2015-11-01,26,Sonora,8.8,17.7,26.7,26.6
2015-11-01,27,Tabasco,23.2,27.2,31.2,274.1
2015-11-01,28,Tamaulipas,17.1,22.3,27.6,39.0
2015-11-01,29,Tlaxcala,7.6,15.4,23.2,25.0
2015-11-01,30,Veracruz,17.5,22.2,26.9,192.3
2015-11-01,31,Yucatán,21.2,26.5,31.8,129.9
2015-11-01,32,Zacatecas,8.6,17.1,25.5,16.4
2015-12-01,0,Nacional,9.6,17.3,24.9,25.9
2015-12-01,1,Aguascalientes,5.0,13.6,22.2,23.7
2015-12-01,2,Baja California,5.6,12.6,19.5,24.2
2015-12-01,3,Baja California Sur,11.1,17.9,24.7,7.1
2015-12-01,4,Campeche,21.0,26.1,31.3,78.8
2015-12-01,5,Coahuila,5.6,14.2,22.8,6.3
2015-12-01,6,Colima,20.3,26.5,32.7,36.7
2015-12-01,7,Chiapas,17.9,23.7,29.5,90.6
2015-12-01,8,Chihuahua,1.1,10.6,20.1,7.4
2015-12-01,9,Ciudad de México,8.9,16.0,23.1,4.1
2015-12-01,10,Durango,2.5,12.4,22.3,14.6
2015-12-01,11,Guanajuato,7.7,16.0,24.4,9.9
2015-12-01,12,Guerrero,17.3,24.4,31.4,10.5
2015-12-01,13,Hidalgo,7.6,15.4,23.1,9.3
2015-12-01,14,Jalisco,10.2,18.1,26.0,35.3
2015-12-01,15,Estado de México,5.3,13.2,21.2,10.2
2015-12-01,16,Michoacán,10.6,17.8,25.0,18.7
2015-12-01,17,Morelos,12.4,20.1,27.9,1.0
2015-12-01,18,Nayarit,16.0,22.6,29.3,66.2
2015-12-01,19,Nuevo León,8.9,16.6,24.3,3.6
2015-12-01,20,Oaxaca,15.0,21.7,28.5,21.4
2015-12-01,21,Puebla,9.0,16.7,24.4,11.7
2015-12-01,22,Querétaro,9.3,16.6,23.9,6.9
2015-12-01,23,Quintana Roo,23.5,27.5,31.5,113.9
2015-12-01,24,San Luis Potosí,13.0,19.6,26.2,7.1
2015-12-01,25,Sinaloa,12.2,20.1,28.1,40.5
2015-12-01,26,Sonora,5.7,14.5,23.4,7.0
2015-12-01,27,Tabasco,22.1,26.5,30.9,282.6
2015-12-01,28,Tamaulipas,13.3,19.5,25.8,5.1
2015-12-01,29,Tlaxcala,4.7,13.3,21.9,4.8
2015-12-01,30,Veracruz,16.3,21.7,27.1,58.4
2015-12-01,31,Yucatán,20.2,25.7,31.2,24.3
2015-12-01,32,Zacatecas,4.1,13.0,21.9,16.7
2016-01-01,0,Nacional,7.2,15.4,23.5,20.1
2016-01-01,1,Aguascalientes,1.4,11.3,21.1,4.4
2016-01-01,2,Baja California,6.3,13.0,19.7,44.3
2016-01-01,3,Baja California Sur,9.2,17.1,25.0,5.6
2016-01-01,4,Campeche,17.9,23.5,29.2,50.4
2016-01-01,5,Coahuila,3.8,12.1,20.4,21.6
2016-01-01,6,Colima,17.4,24.7,31.9,85.6
2016-01-01,7,Chiapas,16.7,23.3,29.8,33.9
2016-01-01,8,Chihuahua,-0.9,8.6,18.1,5.8
2016-01-01,9,Ciudad de México,6.3,14.0,21.8,6.7
2016-01-01,10,Durango,0.5,10.5,20.5,8.3
2016-01-01,11,Guanajuato,5.2,14.2,23.1,7.4
2016-01-01,12,Guerrero,15.9,22.9,30.0,22.1
2016-01-01,13,Hidalgo,6.4,14.4,22.4,7.6
2016-01-01,14,Jalisco,6.3,16.2,26.1,8.4
2016-01-01,15,Estado de México,2.6,11.2,19.8,14.2
2016-01-01,16,Michoacán,7.2,16.1,24.9,17.0
2016-01-01,17,Morelos,10.8,18.5,26.1,32.4
2016-01-01,18,Nayarit,10.6,19.9,29.2,0.8
2016-01-01,19,Nuevo León,5.4,13.8,22.3,29.1
2016-01-01,20,Oaxaca,14.1,20.3,26.5,8.8
2016-01-01,21,Puebla,7.3,14.5,21.8,27.6
2016-01-01,22,Querétaro,6.9,15.0,23.1,5.8
2016-01-01,23,Quintana Roo,19.5,24.7,29.9,64.8
2016-01-01,24,San Luis Potosí,8.6,16.2,23.8,11.5
2016-01-01,25,Sinaloa,9.2,18.9,28.6,1.5
2016-01-01,26,Sonora,4.0,13.5,23.0,24.2
2016-01-01,27,Tabasco,18.8,23.2,27.6,116.3
2016-01-01,28,Tamaulipas,9.5,16.6,23.7,25.4
2016-01-01,29,Tlaxcala,3.3,11.6,19.9,11.9
2016-01-01,30,Veracruz,12.6,18.0,23.4,29.6
2016-01-01,31,Yucatán,16.6,22.8,29.1,32.3
2016-01-01,32,Zacatecas,0.8,11.0,21.2,4.5
2016-02-01,0,Nacional,9.1,18.1,27.1,7.4
2016-02-01,1,Aguascalientes,3.3,14.1,24.8,9.6
2016-02-01,2,Baja California,8.4,17.1,25.8,0.1
2016-02-01,3,Baja California Sur,12.3,20.3,28.3,0.3
2016-02-01,4,Campeche,17.3,23.6,29.8,33.8
2016-02-01,5,Coahuila,7.2,16.2,25.3,3.1
2016-02-01,6,Colima,18.4,26.1,33.8,0.8
2016-02-01,7,Chiapas,16.8,23.7,30.7,26.6
2016-02-01,8,Chihuahua,2.0,13.0,23.9,0.5
2016-02-01,9,Ciudad de México,6.7,15.5,24.3,0.8
2016-02-01,10,Durango,4.5,14.9,25.4,3.6
2016-02-01,11,Guanajuato,5.2,15.6,25.9,4.1
2016-02-01,12,Guerrero,16.4,24.2,32.1,1.0
2016-02-01,13,Hidalgo,6.5,15.4,24.3,2.4
2016-02-01,14,Jalisco,8.2,18.8,29.5,4.8
2016-02-01,15,Estado de México,2.7,12.6,22.5,5.8
2016-02-01,16,Michoacán,8.3,18.2,28.2,2.2
2016-02-01,17,Morelos,11.3,20.2,29.2,1.1
2016-02-01,18,Nayarit,15.4,24.6,33.8,0.6
2016-02-01,19,Nuevo León,8.0,17.2,26.4,1.5
2016-02-01,20,Oaxaca,13.5,20.1,26.8,9.1
2016-02-01,21,Puebla,7.0,15.6,24.3,5.6
2016-02-01,22,Querétaro,7.1,16.2,25.4,3.3
2016-02-01,23,Quintana Roo,19.3,24.8,30.2,40.8
2016-02-01,24,San Luis Potosí,9.3,18.0,26.7,6.8
2016-02-01,25,Sinaloa,12.4,22.3,32.2,0.5
2016-02-01,26,Sonora,7.3,18.2,29.1,2.0
2016-02-01,27,Tabasco,18.6,23.3,28.0,80.9
2016-02-01,28,Tamaulipas,11.6,19.1,26.6,2.1
2016-02-01,29,Tlaxcala,2.6,12.3,22.0,1.8
2016-02-01,30,Veracruz,12.9,18.9,24.8,22.5
2016-02-01,31,Yucatán,15.5,22.6,29.7,16.5
2016-02-01,32,Zacatecas,3.3,14.2,25.1,6.9
2016-03-01,0,Nacional,12.1,20.4,28.8,28.6
2016-03-01,1,Aguascalientes,6.4,15.9,25.3,12.7
2016-03-01,2,Baja California,9.3,17.1,24.9,14.7
2016-03-01,3,Baja California Sur,13.2,21.0,28.8,8.0
2016-03-01,4,Campeche,21.9,28.1,34.4,33.1
2016-03-01,5,Coahuila,12.2,19.8,27.4,56.3
2016-03-01,6,Colima,17.2,25.0,32.8,16.5
2016-03-01,7,Chiapas,19.9,27.0,34.2,30.0
2016-03-01,8,Chihuahua,5.3,15.5,25.7,7.6
2016-03-01,9,Ciudad de México,9.3,17.3,25.2,27.8
2016-03-01,10,Durango,6.4,16.4,26.3,18.7
2016-03-01,11,Guanajuato,9.1,18.1,27.1,25.0
2016-03-01,12,Guerrero,17.0,24.4,31.8,52.5
2016-03-01,13,Hidalgo,10.2,19.0,27.8,16.8
2016-03-01,14,Jalisco,9.9,19.4,28.9,16.1
2016-03-01,15,Estado de México,5.7,14.4,23.1,37.4
2016-03-01,16,Michoacán,10.3,18.9,27.5,22.8
2016-03-01,17,Morelos,13.9,21.9,29.9,54.5
2016-03-01,18,Nayarit,15.6,24.1,32.6,29.5
2016-03-01,19,Nuevo León,13.1,21.1,29.2,47.2
2016-03-01,20,Oaxaca,17.0,23.9,30.8,45.3
2016-03-01,21,Puebla,10.4,18.1,25.9,54.2
2016-03-01,22,Querétaro,10.8,18.8,26.8,28.2
2016-03-01,23,Quintana Roo,22.9,27.8,32.6,55.9
2016-03-01,24,San Luis Potosí,14.2,22.1,30.0,24.9
2016-03-01,25,Sinaloa,13.6,22.7,31.9,11.6
2016-03-01,26,Sonora,8.9,19.4,29.9,14.2
2016-03-01,27,Tabasco,22.1,27.3,32.5,75.1
2016-03-01,28,Tamaulipas,16.9,23.3,29.7,48.4
2016-03-01,29,Tlaxcala,6.3,14.4,22.6,50.6
2016-03-01,30,Veracruz,16.6,22.8,29.0,39.0
2016-03-01,31,Yucatán,20.1,26.8,33.5,47.6
2016-03-01,32,Zacatecas,6.3,15.8,25.3,17.6
2016-04-01,0,Nacional,14.3,22.7,31.1,17.1
2016-04-01,1,Aguascalientes,9.0,18.7,28.4,1.7
2016-04-01,2,Baja California,11.3,18.7,26.1,13.9
2016-04-01,3,Baja California Sur,14.6,22.0,29.5,2.6
2016-04-01,4,Campeche,23.2,29.9,36.6,19.3
2016-04-01,5,Coahuila,15.0,22.5,29.9,28.5
2016-04-01,6,Colima,18.6,26.5,34.5,0.2
2016-04-01,7,Chiapas,21.3,28.6,35.9,28.9
2016-04-01,8,Chihuahua,8.6,18.3,28.1,7.1
2016-04-01,9,Ciudad de México,10.6,19.0,27.4,19.0
2016-04-01,10,Durango,9.3,19.3,29.3,3.1
2016-04-01,11,Guanajuato,11.5,21.1,30.6,10.0
2016-04-01,12,Guerrero,18.9,26.5,34.2,9.9
2016-04-01,13,Hidalgo,12.7,21.4,30.1,33.2
2016-04-01,14,Jalisco,12.1,22.2,32.2,1.1
2016-04-01,15,Estado de México,7.8,17.0,26.2,18.5
2016-04-01,16,Michoacán,12.2,21.4,30.5,3.9
2016-04-01,17,Morelos,16.1,24.8,33.4,47.4
2016-04-01,18,Nayarit,17.4,26.4,35.5,1.1
2016-04-01,19,Nuevo León,16.3,23.7,31.1,45.2
2016-04-01,20,Oaxaca,18.8,26.2,33.7,19.9
2016-04-01,21,Puebla,11.9,20.2,28.4,53.9
2016-04-01,22,Querétaro,13.5,22.3,31.0,26.0
2016-04-01,23,Quintana Roo,23.9,29.0,34.1,52.3
2016-04-01,24,San Luis Potosí,17.0,24.7,32.3,29.7
2016-04-01,25,Sinaloa,14.9,24.6,34.3,1.5
2016-04-01,26,Sonora,11.1,21.1,31.2,3.3
2016-04-01,27,Tabasco,23.8,29.0,34.2,30.6
2016-04-01,28,Tamaulipas,19.9,25.7,31.6,52.6
2016-04-01,29,Tlaxcala,8.1,17.1,26.0,34.8
2016-04-01,30,Veracruz,18.6,24.9,31.1,30.3
2016-04-01,31,Yucatán,20.9,28.6,36.2,23.7
2016-04-01,32,Zacatecas,8.9,18.7,28.6,3.8
2016-05-01,0,Nacional,16.9,24.9,32.9,37.2
2016-05-01,1,Aguascalientes,12.2,22.1,32.0,6.3
2016-05-01,2,Baja California,13.4,19.8,26.1,2.7
2016-05-01,3,Baja California Sur,17.0,23.6,30.2,3.1
2016-05-01,4,Campeche,24.3,31.1,37.9,61.7
2016-05-01,5,Coahuila,18.3,25.3,32.2,46.7
2016-05-01,6,Colima,20.7,27.8,34.9,5.5
2016-05-01,7,Chiapas,22.3,28.9,35.5,143.8
2016-05-01,8,Chihuahua,11.9,21.6,31.2,11.7
2016-05-01,9,Ciudad de México,12.0,19.9,27.9,51.8
2016-05-01,10,Durango,12.2,21.9,31.5,8.9
2016-05-01,11,Guanajuato,14.5,23.7,32.9,42.2
2016-05-01,12,Guerrero,20.2,27.5,34.9,45.4
2016-05-01,13,Hidalgo,15.2,23.2,31.3,49.4
2016-05-01,14,Jalisco,15.7,25.2,34.6,19.6
2016-05-01,15,Estado de México,9.8,18.3,26.9,76.7
2016-05-01,16,Michoacán,14.7,23.8,32.9,27.1
2016-05-01,17,Morelos,17.7,25.7,33.7,95.2
2016-05-01,18,Nayarit,21.2,29.2,37.3,4.2
2016-05-01,19,Nuevo León,19.0,25.8,32.5,93.0
2016-05-01,20,Oaxaca,19.7,26.9,34.1,35.7
2016-05-01,21,Puebla,13.7,21.6,29.5,69.5
2016-05-01,22,Querétaro,16.7,24.7,32.8,71.7
2016-05-01,23,Quintana Roo,25.2,30.6,35.9,27.5
2016-05-01,24,San Luis Potosí,19.9,27.0,34.2,63.3
2016-05-01,25,Sinaloa,18.7,27.4,36.0,5.3
2016-05-01,26,Sonora,13.9,23.9,33.9,0.9
2016-05-01,27,Tabasco,24.8,30.3,35.7,84.0
2016-05-01,28,Tamaulipas,22.4,27.8,33.2,128.2
2016-05-01,29,Tlaxcala,9.8,18.4,26.9,56.3
2016-05-01,30,Veracruz,20.5,26.7,32.9,35.5
2016-05-01,31,Yucatán,22.3,29.8,37.3,50.0
2016-05-01,32,Zacatecas,12.1,21.9,31.8,18.2
2016-06-01,0,Nacional,18.9,26.1,33.2,110.8
2016-06-01,1,Aguascalientes,12.9,20.9,28.9,71.0
2016-06-01,2,Baja California,18.5,25.4,32.3,9.0
2016-06-01,3,Baja California Sur,20.4,27.2,34.0,6.5
2016-06-01,4,Campeche,23.8,29.5,35.2,244.9
2016-06-01,5,Coahuila,20.3,27.3,34.2,45.4
2016-06-01,6,Colima,22.8,28.9,35.0,158.7
2016-06-01,7,Chiapas,21.4,26.8,32.2,281.9
2016-06-01,8,Chihuahua,16.3,24.9,33.5,56.8
2016-06-01,9,Ciudad de México,11.3,17.7,24.2,113.0
2016-06-01,10,Durango,14.6,23.2,31.8,56.7
2016-06-01,11,Guanajuato,14.5,21.9,29.4,104.1
2016-06-01,12,Guerrero,19.2,25.7,32.2,172.2
2016-06-01,13,Hidalgo,15.0,21.5,28.1,130.7
2016-06-01,14,Jalisco,16.8,24.5,32.2,171.7
2016-06-01,15,Estado de México,10.1,16.6,23.0,169.8
2016-06-01,16,Michoacán,14.9,22.3,29.8,123.8
2016-06-01,17,Morelos,16.6,22.9,29.2,400.6
2016-06-01,18,Nayarit,23.1,29.8,36.4,161.5
2016-06-01,19,Nuevo León,20.1,26.8,33.5,58.0
2016-06-01,20,Oaxaca,19.6,25.5,31.4,187.6
2016-06-01,21,Puebla,13.2,19.8,26.4,225.8
2016-06-01,22,Querétaro,15.8,22.3,28.7,132.1
2016-06-01,23,Quintana Roo,25.4,30.1,34.7,274.0
2016-06-01,24,San Luis Potosí,19.4,26.0,32.5,144.5
2016-06-01,25,Sinaloa,23.6,30.5,37.5,54.0
2016-06-01,26,Sonora,21.2,30.2,39.3,40.9
2016-06-01,27,Tabasco,23.7,28.8,33.9,209.7
2016-06-01,28,Tamaulipas,22.9,28.4,33.9,119.8
2016-06-01,29,Tlaxcala,9.8,16.3,22.7,146.6
2016-06-01,30,Veracruz,19.9,25.6,31.3,206.2
2016-06-01,31,Yucatán,22.4,28.9,35.4,169.7
2016-06-01,32,Zacatecas,13.1,21.2,29.3,72.0
2016-07-01,0,Nacional,18.9,25.6,32.4,125.9
2016-07-01,1,Aguascalientes,12.5,19.9,27.3,172.7
2016-07-01,2,Baja California,20.3,27.5,34.6,26.1
2016-07-01,3,Baja California Sur,22.3,28.9,35.5,23.6
2016-07-01,4,Campeche,23.6,29.5,35.3,180.9
2016-07-01,5,Coahuila,21.8,28.6,35.5,51.2
2016-07-01,6,Colima,22.6,28.7,34.8,252.2
2016-07-01,7,Chiapas,20.9,26.7,32.5,177.8
2016-07-01,8,Chihuahua,16.3,23.9,31.5,110.0
2016-07-01,9,Ciudad de México,11.3,18.0,24.6,131.9
2016-07-01,10,Durango,14.9,22.7,30.6,104.0
2016-07-01,11,Guanajuato,14.1,21.0,27.9,173.0
2016-07-01,12,Guerrero,18.5,25.2,31.9,185.1
2016-07-01,13,Hidalgo,13.9,20.8,27.7,73.5
2016-07-01,14,Jalisco,16.2,23.0,29.8,240.1
2016-07-01,15,Estado de México,10.0,16.5,23.1,171.2
2016-07-01,16,Michoacán,14.1,21.1,28.0,140.5
2016-07-01,17,Morelos,16.5,22.7,29.0,330.5
2016-07-01,18,Nayarit,23.2,28.7,34.2,342.9
2016-07-01,19,Nuevo León,21.7,29.4,37.0,36.4
2016-07-01,20,Oaxaca,19.2,25.2,31.2,164.2
2016-07-01,21,Puebla,12.3,19.4,26.4,174.9
2016-07-01,22,Querétaro,15.5,21.7,28.0,131.1
2016-07-01,23,Quintana Roo,25.2,28.1,31.0,94.2
2016-07-01,24,San Luis Potosí,20.0,26.6,33.1,72.0
2016-07-01,25,Sinaloa,23.9,30.2,36.5,231.2
2016-07-01,26,Sonora,23.0,30.5,38.0,139.1
2016-07-01,27,Tabasco,23.8,29.0,34.3,152.1
2016-07-01,28,Tamaulipas,24.2,30.1,36.0,42.6
2016-07-01,29,Tlaxcala,9.5,16.6,23.7,111.2
2016-07-01,30,Veracruz,19.2,24.8,30.4,214.8
2016-07-01,31,Yucatán,21.8,28.6,35.4,103.9
2016-07-01,32,Zacatecas,13.4,20.6,27.8,119.1
2016-08-01,0,Nacional,19.4,25.6,31.7,172.1
2016-08-01,1,Aguascalientes,13.5,19.8,26.0,193.6
2016-08-01,2,Baja California,20.1,26.5,32.9,31.0
2016-08-01,3,Baja California Sur,23.4,28.8,34.3,54.3
2016-08-01,4,Campeche,23.9,29.3,34.7,173.3
2016-08-01,5,Coahuila,21.4,27.4,33.4,147.7
2016-08-01,6,Colima,22.6,28.5,34.3,340.7
2016-08-01,7,Chiapas,21.2,26.8,32.3,306.7
2016-08-01,8,Chihuahua,16.7,23.0,29.3,190.8
2016-08-01,9,Ciudad de México,11.5,18.1,24.7,128.4
2016-08-01,10,Durango,15.0,21.5,28.0,180.4
2016-08-01,11,Guanajuato,14.4,20.8,27.2,218.3
2016-08-01,12,Guerrero,19.1,25.5,31.9,189.8
2016-08-01,13,Hidalgo,14.8,21.4,28.0,134.2
2016-08-01,14,Jalisco,17.2,23.4,29.6,224.8
2016-08-01,15,Estado de México,10.0,16.8,23.5,200.3
2016-08-01,16,Michoacán,15.1,21.8,28.4,172.7
2016-08-01,17,Morelos,16.6,22.5,28.3,386.2
2016-08-01,18,Nayarit,23.2,28.7,34.3,308.1
2016-08-01,19,Nuevo León,21.2,28.1,34.9,128.0
2016-08-01,20,Oaxaca,19.2,25.0,30.8,212.3
2016-08-01,21,Puebla,12.8,19.6,26.4,218.5
2016-08-01,22,Querétaro,15.4,21.7,27.9,207.0
2016-08-01,23,Quintana Roo,25.6,30.3,34.9,211.6
2016-08-01,24,San Luis Potosí,20.0,26.1,32.2,139.3
2016-08-01,25,Sinaloa,23.8,29.4,35.0,229.7
2016-08-01,26,Sonora,21.8,28.9,36.1,94.8
2016-08-01,27,Tabasco,23.9,28.7,33.4,260.3
2016-08-01,28,Tamaulipas,24.0,29.7,35.5,121.8
2016-08-01,29,Tlaxcala,9.2,16.3,23.3,155.0
2016-08-01,30,Veracruz,19.8,25.2,30.6,267.3
2016-08-01,31,Yucatán,22.3,28.4,34.5,159.0
2016-08-01,32,Zacatecas,14.0,20.1,26.1,145.7
2016-09-01,0,Nacional,18.4,24.8,31.2,128.8
2016-09-01,1,Aguascalientes,12.1,19.1,26.1,62.0
2016-09-01,2,Baja California,17.4,24.0,30.6,26.7
2016-09-01,3,Baja California Sur,22.3,28.1,33.8,79.9
2016-09-01,4,Campeche,23.5,28.9,34.3,202.8
2016-09-01,5,Coahuila,19.5,25.7,31.8,84.2
2016-09-01,6,Colima,22.5,28.3,34.1,314.4
2016-09-01,7,Chiapas,21.1,26.3,31.6,314.7
2016-09-01,8,Chihuahua,15.3,22.4,29.6,85.9
2016-09-01,9,Ciudad de México,11.3,17.7,24.1,113.7
2016-09-01,10,Durango,14.3,21.2,28.1,82.6
2016-09-01,11,Guanajuato,13.5,20.5,27.5,61.5
2016-09-01,12,Guerrero,18.8,25.0,31.3,239.0
2016-09-01,13,Hidalgo,14.7,21.0,27.3,116.6
2016-09-01,14,Jalisco,16.4,23.3,30.2,156.5
2016-09-01,15,Estado de México,9.7,16.2,22.8,140.4
2016-09-01,16,Michoacán,14.4,21.4,28.4,131.9
2016-09-01,17,Morelos,16.3,22.1,27.8,322.8
2016-09-01,18,Nayarit,23.0,28.6,34.1,276.5
2016-09-01,19,Nuevo León,20.3,26.7,33.1,75.7
2016-09-01,20,Oaxaca,18.8,24.6,30.3,203.2
2016-09-01,21,Puebla,12.5,19.1,25.7,200.0
2016-09-01,22,Querétaro,15.1,21.1,27.1,69.3
2016-09-01,23,Quintana Roo,25.6,30.3,35.0,130.5
2016-09-01,24,San Luis Potosí,19.4,25.3,31.3,97.1
2016-09-01,25,Sinaloa,23.3,29.2,35.1,151.1
2016-09-01,26,Sonora,19.6,27.3,35.1,78.1
2016-09-01,27,Tabasco,23.3,28.0,32.6,301.1
2016-09-01,28,Tamaulipas,23.3,28.8,34.3,82.3
2016-09-01,29,Tlaxcala,8.9,15.9,23.0,112.7
2016-09-01,30,Veracruz,19.5,24.7,29.9,255.9
2016-09-01,31,Yucatán,21.9,28.1,34.3,166.8
2016-09-01,32,Zacatecas,12.6,19.4,26.2,77.8
2016-10-01,0,Nacional,16.1,23.4,30.8,38.9
2016-10-01,1,Aguascalientes,9.4,17.8,26.2,8.7
2016-10-01,2,Baja California,16.3,24.1,31.9,0.6
2016-10-01,3,Baja California Sur,20.7,27.4,34.0,2.6
2016-10-01,4,Campeche,22.2,27.6,33.1,81.7
2016-10-01,5,Coahuila,15.7,22.8,29.8,10.8
2016-10-01,6,Colima,22.9,29.0,35.1,62.6
2016-10-01,7,Chiapas,20.6,26.0,31.5,128.0
2016-10-01,8,Chihuahua,11.1,20.1,29.0,10.3
2016-10-01,9,Ciudad de México,10.0,17.0,23.9,14.6
2016-10-01,10,Durango,11.1,19.4,27.8,16.7
2016-10-01,11,Guanajuato,11.7,19.4,27.1,19.4
2016-10-01,12,Guerrero,18.7,25.4,32.1,36.7
2016-10-01,13,Hidalgo,12.9,19.5,26.0,58.3
2016-10-01,14,Jalisco,15.0,22.7,30.4,34.0
2016-10-01,15,Estado de México,7.7,15.1,22.5,31.7
2016-10-01,16,Michoacán,13.3,21.1,28.9,39.2
2016-10-01,17,Morelos,15.4,22.1,28.8,49.5
2016-10-01,18,Nayarit,22.9,29.1,35.3,41.0
2016-10-01,19,Nuevo León,16.9,23.6,30.3,32.2
2016-10-01,20,Oaxaca,18.1,23.9,29.8,44.4
2016-10-01,21,Puebla,11.2,18.3,25.3,81.2
2016-10-01,22,Querétaro,13.1,19.7,26.4,38.8
2016-10-01,23,Quintana Roo,23.5,28.8,34.2,79.5
2016-10-01,24,San Luis Potosí,17.4,23.9,30.3,41.4
2016-10-01,25,Sinaloa,21.8,29.3,36.9,19.5
2016-10-01,26,Sonora,16.1,25.9,35.6,1.0
2016-10-01,27,Tabasco,22.7,27.3,31.9,193.5
2016-10-01,28,Tamaulipas,20.5,26.4,32.3,50.4
2016-10-01,29,Tlaxcala,7.1,14.9,22.7,37.3
2016-10-01,30,Veracruz,18.2,23.4,28.7,223.3
2016-10-01,31,Yucatán,20.4,26.7,33.1,45.3
2016-10-01,32,Zacatecas,9.8,18.2,26.5,9.2
2016-11-01,0,Nacional,12.7,20.1,27.4,31.0
2016-11-01,1,Aguascalientes,7.1,14.9,22.6,30.1
2016-11-01,2,Baja California,12.2,19.2,26.3,4.4
2016-11-01,3,Baja California Sur,16.2,23.2,30.2,1.3
2016-11-01,4,Campeche,20.8,26.2,31.7,53.4
2016-11-01,5,Coahuila,12.2,18.5,24.9,35.6
2016-11-01,6,Colima,21.2,27.6,34.0,67.1
2016-11-01,7,Chiapas,19.2,24.9,30.6,91.7
2016-11-01,8,Chihuahua,5.9,15.0,24.0,6.5
2016-11-01,9,Ciudad de México,8.7,15.2,21.7,45.5
2016-11-01,10,Durango,7.5,16.0,24.5,10.9
2016-11-01,11,Guanajuato,9.5,16.9,24.3,25.0
2016-11-01,12,Guerrero,17.1,24.2,31.4,31.1
2016-11-01,13,Hidalgo,10.8,17.0,23.3,53.2
2016-11-01,14,Jalisco,12.3,20.2,28.1,36.4
2016-11-01,15,Estado de México,5.6,13.0,20.4,45.3
2016-11-01,16,Michoacán,10.9,18.9,26.8,28.8
2016-11-01,17,Morelos,13.3,20.6,27.9,59.3
2016-11-01,18,Nayarit,19.7,27.0,34.4,15.2
2016-11-01,19,Nuevo León,14.0,20.1,26.1,50.0
2016-11-01,20,Oaxaca,16.5,22.6,28.7,27.8
2016-11-01,21,Puebla,9.6,16.8,24.0,48.8
2016-11-01,22,Querétaro,11.1,17.4,23.7,30.3
2016-11-01,23,Quintana Roo,21.9,27.0,32.1,35.2
2016-11-01,24,San Luis Potosí,14.4,20.5,26.5,42.9
2016-11-01,25,Sinaloa,16.7,25.5,34.4,4.8
2016-11-01,26,Sonora,10.1,19.7,29.3,0.4
2016-11-01,27,Tabasco,21.1,25.4,29.8,161.4
2016-11-01,28,Tamaulipas,17.2,22.9,28.5,53.8
2016-11-01,29,Tlaxcala,5.8,13.7,21.5,28.0
2016-11-01,30,Veracruz,16.5,21.8,27.0,113.3
2016-11-01,31,Yucatán,18.6,25.3,32.0,19.5
2016-11-01,32,Zacatecas,7.3,15.2,23.2,25.1
2016-12-01,0,Nacional,11.2,18.6,26.1,26.2
2016-12-01,1,Aguascalientes,5.1,14.5,23.8,2.1
2016-12-01,2,Baja California,8.3,14.5,20.6,45.4
2016-12-01,3,Baja California Sur,11.9,18.7,25.4,12.2
2016-12-01,4,Campeche,21.2,26.7,32.3,41.8
2016-12-01,5,Coahuila,8.3,15.3,22.4,23.8
2016-12-01,6,Colima,19.3,26.4,33.6,29.0
2016-12-01,7,Chiapas,18.3,24.6,30.9,50.2
2016-12-01,8,Chihuahua,3.6,12.5,21.4,19.3
2016-12-01,9,Ciudad de México,8.3,16.0,23.8,2.7
2016-12-01,10,Durango,3.9,13.9,23.9,16.0
2016-12-01,11,Guanajuato,8.0,16.8,25.5,1.3
2016-12-01,12,Guerrero,16.5,24.2,31.9,0.6
2016-12-01,13,Hidalgo,9.1,17.0,24.8,18.5
2016-12-01,14,Jalisco,10.1,19.2,28.2,12.7
2016-12-01,15,Estado de México,5.5,14.1,22.6,3.5
2016-12-01,16,Michoacán,9.3,18.3,27.3,12.0
2016-12-01,17,Morelos,12.5,20.8,29.0,2.2
2016-12-01,18,Nayarit,15.5,23.8,32.0,43.0
2016-12-01,19,Nuevo León,9.6,16.6,23.6,15.9
2016-12-01,20,Oaxaca,15.9,22.0,28.0,34.7
2016-12-01,21,Puebla,9.1,16.9,24.7,35.9
2016-12-01,22,Querétaro,10.8,17.4,24.0,6.5
2016-12-01,23,Quintana Roo,22.8,27.5,32.2,43.1
2016-12-01,24,San Luis Potosí,13.3,20.1,27.0,11.8
2016-12-01,25,Sinaloa,12.4,21.5,30.5,19.7
2016-12-01,26,Sonora,7.2,15.6,24.0,25.5
2016-12-01,27,Tabasco,21.3,25.8,30.3,84.8
2016-12-01,28,Tamaulipas,14.4,20.5,26.6,19.4
2016-12-01,29,Tlaxcala,4.9,13.5,22.1,4.8
2016-12-01,30,Veracruz,16.0,21.3,26.7,96.1
2016-12-01,31,Yucatán,19.6,25.8,32.1,50.8
2016-12-01,32,Zacatecas,4.9,14.6,24.2,10.4
2017-01-01,0,Nacional,8.9,17.2,25.5,14.6
2017-01-01,1,Aguascalientes,3.4,13.8,24.2,0.4
2017-01-01,2,Baja California,8.2,13.7,19.1,53.6
2017-01-01,3,Baja California Sur,10.3,17.4,24.6,8.4
2017-01-01,4,Campeche,18.8,25.2,31.5,16.1
2017-01-01,5,Coahuila,7.3,15.6,23.9,2.6
2017-01-01,6,Colima,17.4,25.0,32.7,0.0
2017-01-01,7,Chiapas,15.8,23.1,30.4,36.8
2017-01-01,8,Chihuahua,2.3,11.7,21.1,12.3
2017-01-01,9,Ciudad de México,7.0,15.4,23.8,0.0
2017-01-01,10,Durango,3.0,13.0,23.1,1.3
2017-01-01,11,Guanajuato,5.5,15.5,25.5,0.2
2017-01-01,12,Guerrero,15.5,23.4,31.3,0.2
2017-01-01,13,Hidalgo,7.1,16.2,25.2,3.1
2017-01-01,14,Jalisco,7.6,17.7,27.9,0.3
2017-01-01,15,Estado de México,1.8,12.3,22.8,0.1
2017-01-01,16,Michoacán,7.7,17.5,27.3,0.1
2017-01-01,17,Morelos,10.0,19.2,28.4,0.0
2017-01-01,18,Nayarit,14.8,23.0,31.1,0.5
2017-01-01,19,Nuevo León,8.0,16.4,24.7,10.2
2017-01-01,20,Oaxaca,12.8,20.6,28.4,6.1
2017-01-01,21,Puebla,7.2,15.9,24.6,4.4
2017-01-01,22,Querétaro,7.5,16.7,25.9,0.7
2017-01-01,23,Quintana Roo,20.8,25.9,31.0,30.5
2017-01-01,24,San Luis Potosí,12.5,20.0,27.6,1.7
2017-01-01,25,Sinaloa,10.9,19.7,28.5,3.8
2017-01-01,26,Sonora,5.7,14.1,22.6,41.6
2017-01-01,27,Tabasco,19.1,24.5,29.9,84.3
2017-01-01,28,Tamaulipas,13.0,19.9,26.8,8.3
2017-01-01,29,Tlaxcala,1.3,11.9,22.5,0.4
2017-01-01,30,Veracruz,14.1,20.5,26.9,36.9
2017-01-01,31,Yucatán,17.1,24.2,31.3,19.5
2017-01-01,32,Zacatecas,3.6,13.7,23.7,0.4
2017-02-01,0,Nacional,10.2,19.1,27.9,12.7
2017-02-01,1,Aguascalientes,4.2,14.8,25.3,2.1
2017-02-01,2,Baja California,8.8,15.1,21.3,44.9
2017-02-01,3,Baja California Sur,10.7,18.7,26.7,18.4
2017-02-01,4,Campeche,19.9,26.7,33.6,6.9
2017-02-01,5,Coahuila,9.2,18.2,27.2,11.1
2017-02-01,6,Colima,17.0,24.9,32.7,2.8
2017-02-01,7,Chiapas,17.5,25.1,32.7,8.1
2017-02-01,8,Chihuahua,4.2,14.1,24.1,8.1
2017-02-01,9,Ciudad de México,8.3,16.8,25.3,0.0
2017-02-01,10,Durango,3.5,14.3,25.0,7.8
2017-02-01,11,Guanajuato,7.3,17.0,26.8,1.5
2017-02-01,12,Guerrero,15.9,24.0,32.1,0.2
2017-02-01,13,Hidalgo,6.7,16.2,25.8,5.0
2017-02-01,14,Jalisco,8.5,18.9,29.3,2.9
2017-02-01,15,Estado de México,3.0,13.1,23.1,1.1
2017-02-01,16,Michoacán,8.1,18.1,28.1,1.0
2017-02-01,17,Morelos,12.0,21.4,30.9,0.1
2017-02-01,18,Nayarit,14.3,23.6,32.8,11.0
2017-02-01,19,Nuevo León,10.8,20.0,29.3,7.4
2017-02-01,20,Oaxaca,14.2,22.1,30.0,5.7
2017-02-01,21,Puebla,8.2,17.2,26.2,8.0
2017-02-01,22,Querétaro,9.1,18.2,27.2,2.0
2017-02-01,23,Quintana Roo,21.7,27.0,32.3,9.5
2017-02-01,24,San Luis Potosí,13.3,22.1,31.0,3.6
2017-02-01,25,Sinaloa,11.4,20.8,30.3,30.2
2017-02-01,26,Sonora,8.2,17.3,26.4,31.3
2017-02-01,27,Tabasco,20.2,26.0,31.9,32.4
2017-02-01,28,Tamaulipas,15.5,22.9,30.4,14.9
2017-02-01,29,Tlaxcala,3.0,13.2,23.4,0.4
2017-02-01,30,Veracruz,15.1,21.8,28.6,32.6
2017-02-01,31,Yucatán,18.1,25.7,33.3,2.1
2017-02-01,32,Zacatecas,3.7,14.6,25.5,1.3
2017-03-01,0,Nacional,12.7,21.2,29.8,16.6
2017-03-01,1,Aguascalientes,7.4,17.2,27.0,6.7
2017-03-01,2,Baja California,11.5,18.9,26.4,1.4
2017-03-01,3,Baja California Sur,13.1,21.1,29.1,0.5
2017-03-01,4,Campeche,20.7,27.4,34.1,9.1
2017-03-01,5,Coahuila,12.6,20.4,28.2,15.1
2017-03-01,6,Colima,18.7,26.2,33.7,1.2
2017-03-01,7,Chiapas,18.4,25.6,32.7,23.1
2017-03-01,8,Chihuahua,7.8,18.0,28.2,6.1
2017-03-01,9,Ciudad de México,8.9,17.0,25.1,18.1
2017-03-01,10,Durango,6.8,17.1,27.4,13.3
2017-03-01,11,Guanajuato,9.5,19.0,28.5,14.2
2017-03-01,12,Guerrero,17.7,25.5,33.3,2.1
2017-03-01,13,Hidalgo,8.8,17.3,25.7,20.7
2017-03-01,14,Jalisco,11.4,21.4,31.4,6.5
2017-03-01,15,Estado de México,5.1,14.3,23.4,17.0
2017-03-01,16,Michoacán,10.9,20.3,29.7,14.6
2017-03-01,17,Morelos,14.6,23.4,32.2,14.7
2017-03-01,18,Nayarit,16.0,25.7,35.4,1.5
2017-03-01,19,Nuevo León,14.4,21.7,28.9,50.6
2017-03-01,20,Oaxaca,15.7,23.2,30.8,16.4
2017-03-01,21,Puebla,9.9,18.2,26.4,32.3
2017-03-01,22,Querétaro,11.1,19.5,27.9,20.9
2017-03-01,23,Quintana Roo,21.6,26.9,32.2,25.6
2017-03-01,24,San Luis Potosí,16.0,23.3,30.6,28.1
2017-03-01,25,Sinaloa,13.6,23.7,33.8,3.6
2017-03-01,26,Sonora,10.4,20.9,31.4,0.5
2017-03-01,27,Tabasco,21.0,26.8,32.5,61.1
2017-03-01,28,Tamaulipas,18.0,23.8,29.7,57.9
2017-03-01,29,Tlaxcala,6.2,15.2,24.3,19.4
2017-03-01,30,Veracruz,16.3,22.3,28.4,65.4
2017-03-01,31,Yucatán,18.4,26.0,33.7,7.5
2017-03-01,32,Zacatecas,7.1,17.1,27.1,18.8
2017-04-01,0,Nacional,14.1,23.0,31.8,18.5
2017-04-01,1,Aguascalientes,7.9,18.6,29.3,0.4
2017-04-01,2,Baja California,12.2,19.9,27.6,0.0
2017-04-01,3,Baja California Sur,14.3,22.3,30.4,0.1
2017-04-01,4,Campeche,22.7,29.4,36.1,65.1
2017-04-01,5,Coahuila,14.9,23.0,31.2,23.0
2017-04-01,6,Colima,16.9,24.9,32.9,0.0
2017-04-01,7,Chiapas,19.3,26.7,34.0,64.0
2017-04-01,8,Chihuahua,10.2,20.5,30.8,3.4
2017-04-01,9,Ciudad de México,10.6,18.9,27.1,12.9
2017-04-01,10,Durango,8.7,19.4,30.1,1.4
2017-04-01,11,Guanajuato,10.6,20.7,30.7,6.0
2017-04-01,12,Guerrero,18.2,26.0,33.9,3.2
2017-04-01,13,Hidalgo,10.6,19.8,29.0,16.5
2017-04-01,14,Jalisco,11.8,22.2,32.7,0.1
2017-04-01,15,Estado de México,6.5,15.9,25.2,14.3
2017-04-01,16,Michoacán,11.3,21.5,31.8,1.8
2017-04-01,17,Morelos,15.5,24.4,33.3,13.5
2017-04-01,18,Nayarit,16.8,26.0,35.3,0.1
2017-04-01,19,Nuevo León,15.3,23.5,31.7,45.0
2017-04-01,20,Oaxaca,16.6,24.5,32.5,28.0
2017-04-01,21,Puebla,11.4,19.8,28.3,37.4
2017-04-01,22,Querétaro,12.8,21.6,30.5,17.7
2017-04-01,23,Quintana Roo,23.9,28.5,33.1,76.5
2017-04-01,24,San Luis Potosí,17.9,25.8,33.7,25.2
2017-04-01,25,Sinaloa,14.8,24.6,34.5,0.5
2017-04-01,26,Sonora,11.9,22.6,33.3,0.5
2017-04-01,27,Tabasco,22.9,28.8,34.6,97.6
2017-04-01,28,Tamaulipas,19.2,25.9,32.5,36.2
2017-04-01,29,Tlaxcala,6.2,15.5,24.8,21.2
2017-04-01,30,Veracruz,18.0,24.5,31.0,35.3
2017-04-01,31,Yucatán,21.0,28.2,35.4,51.7
2017-04-01,32,Zacatecas,8.0,18.8,29.5,2.6
2017-05-01,0,Nacional,16.5,24.9,33.2,48.1
2017-05-01,1,Aguascalientes,11.1,21.7,32.2,4.2
2017-05-01,2,Baja California,14.7,21.2,27.7,7.9
2017-05-01,3,Baja California Sur,15.6,23.1,30.5,1.6
2017-05-01,4,Campeche,24.1,30.8,37.4,49.7
2017-05-01,5,Coahuila,17.9,25.7,33.5,40.6
2017-05-01,6,Colima,19.4,26.5,33.7,1.7
2017-05-01,7,Chiapas,21.9,27.9,34.0,262.3
2017-05-01,8,Chihuahua,11.7,22.1,32.5,10.4
2017-05-01,9,Ciudad de México,12.3,20.3,28.3,48.9
2017-05-01,10,Durango,11.6,21.9,32.3,4.7
2017-05-01,11,Guanajuato,14.2,23.5,32.9,17.2
2017-05-01,12,Guerrero,20.0,27.1,34.3,90.2
2017-05-01,13,Hidalgo,15.1,23.5,31.9,51.2
2017-05-01,14,Jalisco,15.0,25.0,35.0,6.8
2017-05-01,15,Estado de México,9.7,18.2,26.7,86.6
2017-05-01,16,Michoacán,14.4,24.0,33.5,29.5
2017-05-01,17,Morelos,17.6,25.3,33.0,174.9
2017-05-01,18,Nayarit,19.6,27.7,35.7,1.1
2017-05-01,19,Nuevo León,18.4,25.9,33.3,60.7
2017-05-01,20,Oaxaca,18.3,25.6,32.8,156.8
2017-05-01,21,Puebla,13.8,21.5,29.3,130.5
2017-05-01,22,Querétaro,16.7,24.7,32.7,29.6
2017-05-01,23,Quintana Roo,24.9,29.9,34.8,64.1
2017-05-01,24,San Luis Potosí,20.9,27.9,34.9,40.9
2017-05-01,25,Sinaloa,17.9,26.5,35.0,0.7
2017-05-01,26,Sonora,14.3,24.2,34.2,4.8
2017-05-01,27,Tabasco,24.1,29.8,35.5,143.2
2017-05-01,28,Tamaulipas,21.9,27.9,34.0,70.8
2017-05-01,29,Tlaxcala,10.2,18.3,26.4,79.9
2017-05-01,30,Veracruz,20.0,26.2,32.3,110.0
2017-05-01,31,Yucatán,22.2,29.4,36.6,48.4
2017-05-01,32,Zacatecas,11.5,21.9,32.3,10.7
2017-06-01,0,Nacional,19.2,26.7,34.2,102.7
2017-06-01,1,Aguascalientes,13.9,22.5,31.1,43.5
2017-06-01,2,Baja California,17.9,24.5,31.1,0.2
2017-06-01,3,Baja California Sur,19.3,26.1,32.9,1.9
2017-06-01,4,Campeche,24.0,29.2,34.4,363.6
2017-06-01,5,Coahuila,20.8,28.1,35.4,22.6
2017-06-01,6,Colima,23.3,28.6,34.0,197.4
2017-06-01,7,Chiapas,21.7,26.6,31.6,409.4
2017-06-01,8,Chihuahua,17.5,26.9,36.3,20.6
2017-06-01,9,Ciudad de México,12.2,19.5,26.8,86.2
2017-06-01,10,Durango,15.3,24.6,33.9,12.5
2017-06-01,11,Guanajuato,15.1,22.9,30.8,108.3
2017-06-01,12,Guerrero,19.6,26.0,32.4,223.9
2017-06-01,13,Hidalgo,15.1,22.9,30.6,69.2
2017-06-01,14,Jalisco,17.8,25.9,34.0,101.8
2017-06-01,15,Estado de México,9.9,17.4,25.0,119.7
2017-06-01,16,Michoacán,15.9,23.7,31.5,116.1
2017-06-01,17,Morelos,17.0,23.1,29.2,386.0
2017-06-01,18,Nayarit,23.5,29.8,36.1,62.6
2017-06-01,19,Nuevo León,20.3,28.0,35.8,45.6
2017-06-01,20,Oaxaca,18.6,24.8,30.9,355.6
2017-06-01,21,Puebla,13.7,20.4,27.2,217.0
2017-06-01,22,Querétaro,16.3,23.6,31.0,83.2
2017-06-01,23,Quintana Roo,25.7,30.0,34.4,241.0
2017-06-01,24,San Luis Potosí,21.7,28.7,35.7,62.5
2017-06-01,25,Sinaloa,22.5,29.8,37.1,12.5
2017-06-01,26,Sonora,20.7,30.2,39.7,12.5
2017-06-01,27,Tabasco,23.9,28.6,33.2,285.5
2017-06-01,28,Tamaulipas,23.6,29.9,36.3,61.7
2017-06-01,29,Tlaxcala,9.8,16.6,23.5,98.5
2017-06-01,30,Veracruz,20.1,25.6,31.1,181.7
2017-06-01,31,Yucatán,22.6,28.4,34.2,229.9
2017-06-01,32,Zacatecas,14.4,23.0,31.6,30.7
2017-07-01,0,Nacional,19.5,25.9,32.3,140.9
2017-07-01,1,Aguascalientes,13.1,19.9,26.8,169.3
2017-07-01,2,Baja California,20.9,27.5,34.0,2.9
2017-07-01,3,Baja California Sur,23.0,29.1,35.3,12.1
2017-07-01,4,Campeche,23.3,28.9,34.4,169.2
2017-07-01,5,Coahuila,21.6,28.1,34.5,37.8
2017-07-01,6,Colima,22.7,28.7,34.6,287.4
2017-07-01,7,Chiapas,21.3,26.6,31.9,254.3
2017-07-01,8,Chihuahua,17.6,24.6,31.6,153.3
2017-07-01,9,Ciudad de México,11.4,18.0,24.7,101.7
2017-07-01,10,Durango,15.3,22.6,29.9,121.7
2017-07-01,11,Guanajuato,14.0,20.5,27.1,173.7
2017-07-01,12,Guerrero,18.9,25.5,32.1,162.6
2017-07-01,13,Hidalgo,14.5,21.0,27.4,95.1
2017-07-01,14,Jalisco,17.0,23.6,30.3,233.3
2017-07-01,15,Estado de México,9.7,16.2,22.7,174.5
2017-07-01,16,Michoacán,14.8,21.6,28.3,159.4
2017-07-01,17,Morelos,16.2,22.4,28.6,320.4
2017-07-01,18,Nayarit,23.3,29.3,35.3,279.1
2017-07-01,19,Nuevo León,20.5,27.6,34.6,31.0
2017-07-01,20,Oaxaca,17.9,24.0,30.1,183.0
2017-07-01,21,Puebla,12.8,19.2,25.7,204.3
2017-07-01,22,Querétaro,15.5,21.5,27.5,107.9
2017-07-01,23,Quintana Roo,25.5,30.4,35.3,111.0
2017-07-01,24,San Luis Potosí,21.0,26.6,32.2,118.1
2017-07-01,25,Sinaloa,24.2,30.6,36.9,169.5
2017-07-01,26,Sonora,22.7,29.6,36.4,182.9
2017-07-01,27,Tabasco,23.7,28.6,33.5,157.5
2017-07-01,28,Tamaulipas,23.6,29.1,34.6,79.0
2017-07-01,29,Tlaxcala,9.3,15.6,22.0,146.6
2017-07-01,30,Veracruz,19.0,24.3,29.6,245.1
2017-07-01,31,Yucatán,21.9,28.0,34.1,141.7
2017-07-01,32,Zacatecas,14.1,20.7,27.3,134.1
2017-08-01,0,Nacional,19.6,25.9,32.3,145.9
2017-08-01,1,Aguascalientes,13.3,20.5,27.7,143.8
2017-08-01,2,Baja California,20.2,26.3,32.5,7.1
2017-08-01,3,Baja California Sur,24.5,30.2,35.9,68.3
2017-08-01,4,Campeche,23.7,29.3,34.8,202.8
2017-08-01,5,Coahuila,21.5,27.8,34.2,45.1
2017-08-01,6,Colima,23.0,28.3,33.7,560.3
2017-08-01,7,Chiapas,21.2,26.7,32.2,249.2
2017-08-01,8,Chihuahua,16.8,23.4,29.9,122.1
2017-08-01,9,Ciudad de México,12.1,18.7,25.2,101.3
2017-08-01,10,Durango,15.2,22.1,29.0,139.3
2017-08-01,11,Guanajuato,14.2,21.1,28.0,131.4
2017-08-01,12,Guerrero,18.8,25.2,31.6,230.4
2017-08-01,13,Hidalgo,14.9,22.0,29.2,88.9
2017-08-01,14,Jalisco,17.3,24.0,30.6,266.8
2017-08-01,15,Estado de México,10.1,16.8,23.5,209.5
2017-08-01,16,Michoacán,15.3,22.1,28.9,228.4
2017-08-01,17,Morelos,16.8,22.6,28.4,517.2
2017-08-01,18,Nayarit,23.7,29.1,34.4,346.5
2017-08-01,19,Nuevo León,21.1,28.4,35.7,40.6
2017-08-01,20,Oaxaca,17.8,24.0,30.3,207.0
2017-08-01,21,Puebla,13.2,19.9,26.7,311.3
2017-08-01,22,Querétaro,15.6,22.2,28.7,92.2
2017-08-01,23,Quintana Roo,26.1,30.6,35.2,205.1
2017-08-01,24,San Luis Potosí,21.6,27.8,33.9,96.3
2017-08-01,25,Sinaloa,24.3,30.3,36.3,248.3
2017-08-01,26,Sonora,22.5,29.7,36.8,93.9
2017-08-01,27,Tabasco,23.8,28.7,33.7,207.3
2017-08-01,28,Tamaulipas,24.4,30.2,36.0,68.3
2017-08-01,29,Tlaxcala,9.4,16.4,23.5,167.4
2017-08-01,30,Veracruz,19.6,25.2,30.9,199.7
2017-08-01,31,Yucatán,22.3,28.3,34.3,160.3
2017-08-01,32,Zacatecas,14.2,21.0,27.8,113.5
2017-09-01,0,Nacional,18.3,24.6,31.0,169.8
2017-09-01,1,Aguascalientes,12.4,18.9,25.4,159.5
2017-09-01,2,Baja California,17.9,24.3,30.6,9.6
2017-09-01,3,Baja California Sur,22.3,27.6,32.9,59.0
2017-09-01,4,Campeche,23.8,28.9,34.0,229.8
2017-09-01,5,Coahuila,19.3,25.7,32.0,108.3
2017-09-01,6,Colima,22.5,27.7,32.8,528.0
2017-09-01,7,Chiapas,21.4,26.5,31.5,401.7
2017-09-01,8,Chihuahua,14.6,22.6,30.6,58.8
2017-09-01,9,Ciudad de México,11.6,17.6,23.6,86.8
2017-09-01,10,Durango,13.8,20.6,27.4,97.3
2017-09-01,11,Guanajuato,13.8,20.1,26.4,143.7
2017-09-01,12,Guerrero,18.5,24.5,30.5,369.4
2017-09-01,13,Hidalgo,14.2,20.3,26.3,182.1
2017-09-01,14,Jalisco,16.7,23.0,29.3,247.4
2017-09-01,15,Estado de México,9.6,15.9,22.1,186.3
2017-09-01,16,Michoacán,14.7,21.3,28.0,190.9
2017-09-01,17,Morelos,17.0,22.3,27.5,441.1
2017-09-01,18,Nayarit,23.4,28.5,33.5,392.7
2017-09-01,19,Nuevo León,19.3,26.0,32.6,172.1
2017-09-01,20,Oaxaca,18.2,23.7,29.3,320.0
2017-09-01,21,Puebla,13.3,19.0,24.8,322.5
2017-09-01,22,Querétaro,14.8,20.5,26.3,168.0
2017-09-01,23,Quintana Roo,25.2,30.1,35.0,240.0
2017-09-01,24,San Luis Potosí,20.2,25.6,31.1,145.0
2017-09-01,25,Sinaloa,23.2,29.4,35.6,162.9
2017-09-01,26,Sonora,19.7,27.8,35.8,39.4
2017-09-01,27,Tabasco,23.9,28.2,32.5,377.5
2017-09-01,28,Tamaulipas,22.7,28.1,33.5,129.2
2017-09-01,29,Tlaxcala,10.4,16.0,21.6,123.6
2017-09-01,30,Veracruz,19.1,24.1,29.1,429.0
2017-09-01,31,Yucatán,22.3,28.1,33.8,228.1
2017-09-01,32,Zacatecas,13.1,19.3,25.4,111.3
2017-10-01,0,Nacional,15.7,22.9,30.0,77.0
2017-10-01,1,Aguascalientes,9.4,17.4,25.4,21.8
2017-10-01,2,Baja California,13.6,21.8,30.0,0.0
2017-10-01,3,Baja California Sur,20.6,27.4,34.2,0.6
2017-10-01,4,Campeche,22.3,27.3,32.3,221.7
2017-10-01,5,Coahuila,14.3,21.0,27.8,15.2
2017-10-01,6,Colima,22.4,28.2,34.1,142.7
2017-10-01,7,Chiapas,20.5,25.5,30.6,228.8
2017-10-01,8,Chihuahua,11.4,20.4,29.3,14.4
2017-10-01,9,Ciudad de México,10.2,16.9,23.6,31.4
2017-10-01,10,Durango,11.3,19.2,27.1,34.1
2017-10-01,11,Guanajuato,11.3,18.8,26.3,14.6
2017-10-01,12,Guerrero,18.2,24.8,31.5,71.7
2017-10-01,13,Hidalgo,12.2,18.9,25.5,109.6
2017-10-01,14,Jalisco,14.8,22.3,29.8,59.4
2017-10-01,15,Estado de México,7.9,15.1,22.4,53.0
2017-10-01,16,Michoacán,12.9,20.7,28.6,50.2
2017-10-01,17,Morelos,15.0,21.6,28.3,81.7
2017-10-01,18,Nayarit,22.8,29.1,35.4,102.4
2017-10-01,19,Nuevo León,14.4,21.5,28.5,64.9
2017-10-01,20,Oaxaca,17.0,22.7,28.5,141.8
2017-10-01,21,Puebla,11.6,18.1,24.7,114.8
2017-10-01,22,Querétaro,12.9,19.1,25.3,67.4
2017-10-01,23,Quintana Roo,23.5,28.0,32.4,255.2
2017-10-01,24,San Luis Potosí,17.0,23.0,28.9,85.8
2017-10-01,25,Sinaloa,22.0,29.5,37.1,49.0
2017-10-01,26,Sonora,16.7,26.3,36.0,4.3
2017-10-01,27,Tabasco,22.6,26.6,30.7,414.0
2017-10-01,28,Tamaulipas,18.2,24.0,29.8,113.9
2017-10-01,29,Tlaxcala,7.1,14.3,21.5,30.3
2017-10-01,30,Veracruz,17.5,22.5,27.6,314.9
2017-10-01,31,Yucatán,20.8,26.3,31.9,154.8
2017-10-01,32,Zacatecas,9.9,17.9,25.9,16.3
2017-11-01,0,Nacional,11.9,20.4,28.8,10.7
2017-11-01,1,Aguascalientes,5.3,15.9,26.4,0.1
2017-11-01,2,Baja California,10.9,18.2,25.5,1.4
2017-11-01,3,Baja California Sur,16.5,23.9,31.2,0.2
2017-11-01,4,Campeche,19.4,25.0,30.6,33.4
2017-11-01,5,Coahuila,10.6,18.5,26.4,1.9
2017-11-01,6,Colima,21.5,27.8,34.0,0.1
2017-11-01,7,Chiapas,18.3,24.4,30.4,37.9
2017-11-01,8,Chihuahua,6.0,16.8,27.5,1.7
2017-11-01,9,Ciudad de México,7.5,15.7,23.9,0.6
2017-11-01,10,Durango,5.8,16.2,26.5,0.0
2017-11-01,11,Guanajuato,7.2,17.1,27.1,0.3
2017-11-01,12,Guerrero,16.8,24.2,31.7,6.7
2017-11-01,13,Hidalgo,8.4,17.4,26.3,4.9
2017-11-01,14,Jalisco,10.7,20.4,30.0,0.9
2017-11-01,15,Estado de México,3.3,13.1,22.9,3.3
2017-11-01,16,Michoacán,9.2,18.9,28.5,0.4
2017-11-01,17,Morelos,12.1,20.5,28.9,0.0
2017-11-01,18,Nayarit,20.0,27.6,35.2,0.3
2017-11-01,19,Nuevo León,11.7,19.4,27.1,7.8
2017-11-01,20,Oaxaca,14.1,21.1,28.0,13.3
2017-11-01,21,Puebla,8.6,16.8,24.9,12.0
2017-11-01,22,Querétaro,8.8,17.4,26.0,1.3
2017-11-01,23,Quintana Roo,20.8,26.1,31.5,94.0
2017-11-01,24,San Luis Potosí,14.3,21.6,28.9,1.4
2017-11-01,25,Sinaloa,16.8,26.0,35.3,0.1
2017-11-01,26,Sonora,11.8,22.0,32.1,2.5
2017-11-01,27,Tabasco,20.7,25.0,29.4,98.2
2017-11-01,28,Tamaulipas,16.3,22.6,28.8,12.2
2017-11-01,29,Tlaxcala,2.1,12.3,22.4,2.4
2017-11-01,30,Veracruz,15.3,21.1,27.0,43.3
2017-11-01,31,Yucatán,17.6,24.0,30.4,37.9
2017-11-01,32,Zacatecas,5.2,15.9,26.6,0.3
2017-12-01,0,Nacional,9.7,17.3,24.9,24.4
2017-12-01,1,Aguascalientes,3.9,13.2,22.4,27.6
2017-12-01,2,Baja California,8.5,15.7,22.9,2.8
2017-12-01,3,Baja California Sur,14.2,20.4,26.6,3.7
2017-12-01,4,Campeche,18.6,24.3,29.9,40.1
2017-12-01,5,Coahuila,6.7,13.5,20.3,35.6
2017-12-01,6,Colima,18.7,25.9,33.1,7.3
2017-12-01,7,Chiapas,16.6,22.9,29.3,18.4
2017-12-01,8,Chihuahua,2.7,11.2,19.6,42.7
2017-12-01,9,Ciudad de México,5.0,13.8,22.6,0.0
2017-12-01,10,Durango,3.6,12.4,21.3,21.2
2017-12-01,11,Guanajuato,5.5,15.1,24.7,0.4
2017-12-01,12,Guerrero,14.5,22.7,30.8,0.4
2017-12-01,13,Hidalgo,6.0,15.2,24.4,6.9
2017-12-01,14,Jalisco,9.6,18.3,27.0,19.8
2017-12-01,15,Estado de México,2.5,12.7,22.9,0.1
2017-12-01,16,Michoacán,7.1,16.8,26.5,0.3
2017-12-01,17,Morelos,9.8,18.9,28.0,0.0
2017-12-01,18,Nayarit,14.8,22.8,30.7,30.6
2017-12-01,19,Nuevo León,7.5,14.5,21.5,34.2
2017-12-01,20,Oaxaca,12.1,19.3,26.5,7.0
2017-12-01,21,Puebla,6.2,14.9,23.7,7.9
2017-12-01,22,Querétaro,6.9,15.1,23.3,1.8
2017-12-01,23,Quintana Roo,19.9,25.3,30.7,54.3
2017-12-01,24,San Luis Potosí,10.9,18.2,25.6,9.1
2017-12-01,25,Sinaloa,13.9,22.0,30.1,17.6
2017-12-01,26,Sonora,8.1,16.4,24.8,36.7
2017-12-01,27,Tabasco,19.3,24.0,28.7,55.4
2017-12-01,28,Tamaulipas,11.4,18.1,24.9,14.2
2017-12-01,29,Tlaxcala,1.9,12.0,22.1,0.2
2017-12-01,30,Veracruz,12.9,18.8,24.8,37.1
2017-12-01,31,Yucatán,16.8,23.4,30.0,38.7
2017-12-01,32,Zacatecas,4.2,13.3,22.5,27.2
2018-01-01,0,Nacional,7.6,15.9,24.2,25.7
2018-01-01,1,Aguascalientes,2.9,12.7,22.6,35.5
2018-01-01,2,Baja California,8.4,15.4,22.5,14.4
2018-01-01,3,Baja California Sur,11.4,19.2,27.0,0.6
2018-01-01,4,Campeche,16.4,22.1,27.8,105.7
2018-01-01,5,Coahuila,3.8,11.6,19.4,0.7
2018-01-01,6,Colima,18.0,25.3,32.7,5.2
2018-01-01,7,Chiapas,15.6,22.3,29.0,99.6
2018-01-01,8,Chihuahua,0.9,10.9,20.9,0.1
2018-01-01,9,Ciudad de México,4.1,12.7,21.2,7.9
2018-01-01,10,Durango,1.8,12.0,22.2,2.4
2018-01-01,11,Guanajuato,4.6,13.9,23.2,3.5
2018-01-01,12,Guerrero,14.8,22.5,30.2,1.7
2018-01-01,13,Hidalgo,5.6,13.9,22.3,27.1
2018-01-01,14,Jalisco,8.0,17.3,26.5,14.8
2018-01-01,15,Estado de México,1.3,11.1,20.8,11.5
2018-01-01,16,Michoacán,6.4,16.1,25.8,15.4
2018-01-01,17,Morelos,9.6,18.4,27.1,1.6
2018-01-01,18,Nayarit,13.4,22.5,31.6,3.5
2018-01-01,19,Nuevo León,4.4,12.1,19.9,16.5
2018-01-01,20,Oaxaca,10.8,18.9,27.0,25.0
2018-01-01,21,Puebla,5.5,13.7,21.9,32.4
2018-01-01,22,Querétaro,5.7,14.1,22.5,9.2
2018-01-01,23,Quintana Roo,18.7,23.7,28.7,89.8
2018-01-01,24,San Luis Potosí,9.2,16.0,22.7,19.5
2018-01-01,25,Sinaloa,10.8,20.9,31.0,0.4
2018-01-01,26,Sonora,6.8,16.5,26.2,1.6
2018-01-01,27,Tabasco,17.4,22.1,26.7,323.9
2018-01-01,28,Tamaulipas,7.9,14.9,21.8,27.3
2018-01-01,29,Tlaxcala,0.4,10.5,20.6,5.6
2018-01-01,30,Veracruz,11.2,16.7,22.2,112.7
2018-01-01,31,Yucatán,15.6,21.9,28.1,55.2
2018-01-01,32,Zacatecas,3.1,12.7,22.3,24.3
2018-02-01,0,Nacional,11.5,19.2,26.8,17.6
2018-02-01,1,Aguascalientes,7.2,16.0,24.8,28.6
2018-02-01,2,Baja California,8.1,15.3,22.4,12.8
2018-02-01,3,Baja California Sur,13.6,19.9,26.2,9.1
2018-02-01,4,Campeche,19.8,25.8,31.8,19.2
2018-02-01,5,Coahuila,11.0,17.9,24.7,7.0
2018-02-01,6,Colima,19.2,26.2,33.2,2.6
2018-02-01,7,Chiapas,17.6,24.7,31.7,20.0
2018-02-01,8,Chihuahua,6.3,14.7,23.1,19.2
2018-02-01,9,Ciudad de México,9.6,16.8,24.0,7.7
2018-02-01,10,Durango,6.5,15.5,24.6,12.2
2018-02-01,11,Guanajuato,8.7,17.4,26.1,13.8
2018-02-01,12,Guerrero,16.6,24.4,32.3,2.0
2018-02-01,13,Hidalgo,8.2,16.4,24.6,15.2
2018-02-01,14,Jalisco,11.0,19.7,28.5,16.2
2018-02-01,15,Estado de México,4.9,14.0,23.1,17.5
2018-02-01,16,Michoacán,10.2,19.0,27.8,16.2
2018-02-01,17,Morelos,12.9,21.9,31.0,2.6
2018-02-01,18,Nayarit,16.8,25.0,33.2,4.1
2018-02-01,19,Nuevo León,11.7,18.7,25.8,18.0
2018-02-01,20,Oaxaca,13.2,20.9,28.5,13.6
2018-02-01,21,Puebla,9.1,17.3,25.5,14.3
2018-02-01,22,Querétaro,10.7,18.6,26.4,10.0
2018-02-01,23,Quintana Roo,22.1,26.9,31.7,19.1
2018-02-01,24,San Luis Potosí,15.5,22.2,28.8,20.8
2018-02-01,25,Sinaloa,14.1,22.3,30.6,14.7
2018-02-01,26,Sonora,8.0,16.5,24.9,34.3
2018-02-01,27,Tabasco,20.7,25.8,30.8,58.3
2018-02-01,28,Tamaulipas,16.0,21.9,27.8,12.4
2018-02-01,29,Tlaxcala,4.1,13.9,23.7,10.3
2018-02-01,30,Veracruz,15.3,21.2,27.1,37.2
2018-02-01,31,Yucatán,18.2,25.5,32.8,5.8
2018-02-01,32,Zacatecas,7.5,16.0,24.5,22.8
2018-03-01,0,Nacional,12.5,21.1,29.7,9.1
2018-03-01,1,Aguascalientes,7.4,18.3,29.3,0.0
2018-03-01,2,Baja California,9.5,16.4,23.4,4.8
2018-03-01,3,Baja California Sur,13.2,20.7,28.3,0.0
2018-03-01,4,Campeche,20.4,27.3,34.2,15.5
2018-03-01,5,Coahuila,12.3,20.2,28.1,2.4
2018-03-01,6,Colima,18.1,25.8,33.5,0.0
2018-03-01,7,Chiapas,18.9,26.2,33.5,30.1
2018-03-01,8,Chihuahua,7.0,16.7,26.5,1.8
2018-03-01,9,Ciudad de México,11.5,19.1,26.7,12.2
2018-03-01,10,Durango,8.2,18.6,29.0,0.1
2018-03-01,11,Guanajuato,10.1,20.3,30.4,0.8
2018-03-01,12,Guerrero,17.9,25.7,33.6,1.4
2018-03-01,13,Hidalgo,9.5,18.5,27.5,14.8
2018-03-01,14,Jalisco,10.9,21.4,31.9,0.1
2018-03-01,15,Estado de México,6.2,15.9,25.5,6.8
2018-03-01,16,Michoacán,11.7,21.5,31.2,0.4
2018-03-01,17,Morelos,15.4,24.5,33.7,4.0
2018-03-01,18,Nayarit,14.6,24.6,34.7,0.0
2018-03-01,19,Nuevo León,13.5,21.4,29.4,3.6
2018-03-01,20,Oaxaca,15.4,23.2,31.0,20.5
2018-03-01,21,Puebla,10.9,19.3,27.8,29.7
2018-03-01,22,Querétaro,12.1,21.1,30.2,2.8
2018-03-01,23,Quintana Roo,21.8,27.0,32.2,50.0
2018-03-01,24,San Luis Potosí,16.6,24.0,31.4,7.3
2018-03-01,25,Sinaloa,12.9,22.9,32.9,0.1
2018-03-01,26,Sonora,9.3,19.1,29.0,0.9
2018-03-01,27,Tabasco,21.9,27.4,33.0,49.3
2018-03-01,28,Tamaulipas,17.6,23.9,30.1,12.2
2018-03-01,29,Tlaxcala,6.1,16.1,26.1,5.7
2018-03-01,30,Veracruz,16.7,22.9,29.0,57.4
2018-03-01,31,Yucatán,18.6,26.3,34.1,15.1
2018-03-01,32,Zacatecas,7.1,18.1,29.1,0.2
2018-04-01,0,Nacional,14.2,22.7,31.2,28.3
2018-04-01,1,Aguascalientes,9.3,19.6,29.9,10.6
2018-04-01,2,Baja California,12.1,19.9,27.7,0.3
2018-04-01,3,Baja California Sur,15.2,22.6,29.9,0.0
2018-04-01,4,Campeche,21.4,28.4,35.4,120.0
2018-04-01,5,Coahuila,14.1,21.9,29.7,7.2
2018-04-01,6,Colima,18.0,25.8,33.6,0.0
2018-04-01,7,Chiapas,20.1,26.8,33.4,101.7
2018-04-01,8,Chihuahua,9.9,19.9,30.0,0.9
2018-04-01,9,Ciudad de México,10.9,18.8,26.6,44.5
2018-04-01,10,Durango,9.4,20.0,30.6,1.7
2018-04-01,11,Guanajuato,11.7,21.3,30.8,12.6
2018-04-01,12,Guerrero,19.2,26.8,34.4,13.3
2018-04-01,13,Hidalgo,11.4,19.5,27.6,48.6
2018-04-01,14,Jalisco,12.7,22.6,32.6,2.2
2018-04-01,15,Estado de México,7.2,16.2,25.1,41.7
2018-04-01,16,Michoacán,13.1,22.5,32.0,6.6
2018-04-01,17,Morelos,16.3,25.0,33.6,58.3
2018-04-01,18,Nayarit,15.8,25.6,35.4,0.2
2018-04-01,19,Nuevo León,14.5,21.9,29.4,53.8
2018-04-01,20,Oaxaca,16.0,23.4,30.8,49.3
2018-04-01,21,Puebla,11.6,19.6,27.5,84.6
2018-04-01,22,Querétaro,13.8,22.3,30.8,24.1
2018-04-01,23,Quintana Roo,22.7,28.1,33.5,78.0
2018-04-01,24,San Luis Potosí,17.4,24.5,31.6,41.6
2018-04-01,25,Sinaloa,14.9,25.0,35.0,0.1
2018-04-01,26,Sonora,12.2,22.8,33.4,0.1
2018-04-01,27,Tabasco,22.7,28.2,33.7,109.5
2018-04-01,28,Tamaulipas,18.3,24.4,30.6,79.0
2018-04-01,29,Tlaxcala,7.3,16.0,24.7,65.8
2018-04-01,30,Veracruz,17.3,23.1,29.0,90.1
2018-04-01,31,Yucatán,20.0,27.7,35.4,57.1
2018-04-01,32,Zacatecas,9.0,19.4,29.8,6.9
2018-05-01,0,Nacional,17.1,25.2,33.3,39.0
2018-05-01,1,Aguascalientes,12.8,21.9,30.9,44.7
2018-05-01,2,Baja California,13.0,20.2,27.4,0.4
2018-05-01,3,Baja California Sur,17.3,24.6,31.8,0.0
2018-05-01,4,Campeche,22.6,28.8,35.0,45.8
2018-05-01,5,Coahuila,19.5,27.1,34.6,11.7
2018-05-01,6,Colima,22.1,28.6,35.0,19.0
2018-05-01,7,Chiapas,20.9,27.2,33.4,165.2
2018-05-01,8,Chihuahua,13.9,24.1,34.3,4.4
2018-05-01,9,Ciudad de México,12.7,20.1,27.5,59.1
2018-05-01,10,Durango,13.3,23.1,32.9,8.3
2018-05-01,11,Guanajuato,14.0,22.8,31.7,52.1
2018-05-01,12,Guerrero,20.4,27.5,34.6,60.8
2018-05-01,13,Hidalgo,12.4,20.5,28.6,29.5
2018-05-01,14,Jalisco,16.4,25.0,33.6,57.7
2018-05-01,15,Estado de México,8.6,17.2,25.7,89.5
2018-05-01,16,Michoacán,15.2,23.7,32.3,80.1
2018-05-01,17,Morelos,16.5,24.0,31.6,166.6
2018-05-01,18,Nayarit,20.6,28.8,37.0,7.2
2018-05-01,19,Nuevo León,19.1,26.0,33.0,47.9
2018-05-01,20,Oaxaca,17.7,24.8,31.9,73.2
2018-05-01,21,Puebla,12.8,20.5,28.2,72.1
2018-05-01,22,Querétaro,15.7,23.8,31.8,39.5
2018-05-01,23,Quintana Roo,24.1,28.9,33.6,160.6
2018-05-01,24,San Luis Potosí,20.5,27.2,33.8,47.4
2018-05-01,25,Sinaloa,18.8,28.0,37.2,0.6
2018-05-01,26,Sonora,14.8,25.4,36.1,0.3
2018-05-01,27,Tabasco,23.8,29.3,34.7,59.5
2018-05-01,28,Tamaulipas,22.4,28.0,33.5,62.6
2018-05-01,29,Tlaxcala,8.4,17.2,26.1,45.7
2018-05-01,30,Veracruz,19.3,25.1,31.0,35.1
2018-05-01,31,Yucatán,21.1,28.0,34.8,118.8
2018-05-01,32,Zacatecas,12.9,22.1,31.3,27.4
2018-06-01,0,Nacional,19.5,26.4,33.3,121.5
2018-06-01,1,Aguascalientes,14.0,21.0,27.9,226.2
2018-06-01,2,Baja California,16.1,23.5,31.0,0.6
2018-06-01,3,Baja California Sur,20.5,26.8,33.0,15.3
2018-06-01,4,Campeche,23.2,28.9,34.5,160.5
2018-06-01,5,Coahuila,22.4,29.1,35.8,30.8
2018-06-01,6,Colima,23.0,28.4,33.8,317.3
2018-06-01,7,Chiapas,20.7,26.1,31.5,237.8
2018-06-01,8,Chihuahua,18.5,27.1,35.7,45.9
2018-06-01,9,Ciudad de México,13.6,19.3,25.0,127.4
2018-06-01,10,Durango,15.9,24.1,32.3,72.1
2018-06-01,11,Guanajuato,14.5,21.4,28.2,268.6
2018-06-01,12,Guerrero,19.7,25.7,31.7,280.3
2018-06-01,13,Hidalgo,14.9,21.3,27.7,111.5
2018-06-01,14,Jalisco,17.4,24.2,31.0,201.4
2018-06-01,15,Estado de México,9.9,16.8,23.7,241.2
2018-06-01,16,Michoacán,15.8,22.7,29.6,246.8
2018-06-01,17,Morelos,16.6,22.8,28.9,565.0
2018-06-01,18,Nayarit,23.8,29.7,35.6,171.8
2018-06-01,19,Nuevo León,20.7,27.6,34.6,82.0
2018-06-01,20,Oaxaca,18.2,24.3,30.4,231.7
2018-06-01,21,Puebla,13.5,20.0,26.5,260.1
2018-06-01,22,Querétaro,15.6,22.2,28.8,161.8
2018-06-01,23,Quintana Roo,25.4,29.5,33.5,230.2
2018-06-01,24,San Luis Potosí,21.7,27.8,34.0,131.6
2018-06-01,25,Sinaloa,23.6,30.3,37.1,98.3
2018-06-01,26,Sonora,21.1,29.9,38.7,43.1
2018-06-01,27,Tabasco,23.6,29.0,34.3,129.9
2018-06-01,28,Tamaulipas,23.8,29.4,34.9,124.7
2018-06-01,29,Tlaxcala,10.2,16.5,22.9,149.4
2018-06-01,30,Veracruz,20.2,25.5,30.9,154.0
2018-06-01,31,Yucatán,21.9,28.0,34.2,170.0
2018-06-01,32,Zacatecas,14.6,21.5,28.4,126.4
2018-07-01,0,Nacional,19.5,26.4,33.3,83.8
2018-07-01,1,Aguascalientes,11.9,19.7,27.4,77.7
2018-07-01,2,Baja California,20.8,27.6,34.5,3.9
2018-07-01,3,Baja California Sur,23.7,29.6,35.4,6.9
2018-07-01,4,Campeche,22.8,28.9,34.9,164.1
2018-07-01,5,Coahuila,21.8,28.4,35.1,29.0
2018-07-01,6,Colima,23.3,29.4,35.4,140.5
2018-07-01,7,Chiapas,20.1,26.2,32.4,117.8
2018-07-01,8,Chihuahua,18.3,25.6,32.9,97.1
2018-07-01,9,Ciudad de México,11.7,18.5,25.4,85.9
2018-07-01,10,Durango,15.3,23.2,31.1,63.9
2018-07-01,11,Guanajuato,13.5,20.7,27.9,70.3
2018-07-01,12,Guerrero,19.6,26.4,33.3,93.7
2018-07-01,13,Hidalgo,14.7,21.6,28.5,40.9
2018-07-01,14,Jalisco,16.3,23.5,30.7,147.8
2018-07-01,15,Estado de México,8.8,16.4,23.9,112.6
2018-07-01,16,Michoacán,14.8,22.1,29.3,118.8
2018-07-01,17,Morelos,15.4,22.8,30.2,104.9
2018-07-01,18,Nayarit,23.4,29.3,35.3,219.4
2018-07-01,19,Nuevo León,20.1,28.0,35.8,37.8
2018-07-01,20,Oaxaca,16.9,23.7,30.5,86.2
2018-07-01,21,Puebla,12.0,19.7,27.4,76.9
2018-07-01,22,Querétaro,14.8,22.0,29.3,31.4
2018-07-01,23,Quintana Roo,25.6,30.1,34.6,90.7
2018-07-01,24,San Luis Potosí,21.3,27.9,34.5,25.1
2018-07-01,25,Sinaloa,24.3,30.8,37.4,148.5
2018-07-01,26,Sonora,23.3,30.7,38.1,120.1
2018-07-01,27,Tabasco,23.4,29.3,35.1,109.5
2018-07-01,28,Tamaulipas,23.7,30.0,36.3,26.2
2018-07-01,29,Tlaxcala,8.0,16.4,24.8,52.1
2018-07-01,30,Veracruz,19.4,25.1,30.9,120.6
2018-07-01,31,Yucatán,21.9,28.5,35.0,97.3
2018-07-01,32,Zacatecas,13.4,20.8,28.1,55.6
2018-08-01,0,Nacional,19.4,25.9,32.4,139.1
2018-08-01,1,Aguascalientes,12.1,19.6,27.1,97.3
2018-08-01,2,Baja California,22.4,29.0,35.5,5.5
2018-08-01,3,Baja California Sur,24.3,29.5,34.8,19.6
2018-08-01,4,Campeche,22.5,28.2,34.0,241.5
2018-08-01,5,Coahuila,21.7,28.3,34.9,41.0
2018-08-01,6,Colima,22.4,28.4,34.3,298.9
2018-08-01,7,Chiapas,20.2,25.9,31.5,257.0
2018-08-01,8,Chihuahua,17.5,24.6,31.7,122.4
2018-08-01,9,Ciudad de México,11.3,17.6,23.9,198.2
2018-08-01,10,Durango,15.0,22.8,30.7,89.8
2018-08-01,11,Guanajuato,13.5,20.4,27.2,146.3
2018-08-01,12,Guerrero,18.9,24.9,30.8,256.6
2018-08-01,13,Hidalgo,14.9,21.3,27.7,79.6
2018-08-01,14,Jalisco,16.3,23.1,29.8,206.9
2018-08-01,15,Estado de México,9.5,16.1,22.7,223.9
2018-08-01,16,Michoacán,14.8,21.7,28.7,215.0
2018-08-01,17,Morelos,15.8,22.0,28.1,459.3
2018-08-01,18,Nayarit,22.9,28.7,34.5,367.8
2018-08-01,19,Nuevo León,20.7,28.4,36.2,21.3
2018-08-01,20,Oaxaca,17.1,23.5,29.8,208.4
2018-08-01,21,Puebla,12.6,19.3,26.0,238.8
2018-08-01,22,Querétaro,15.5,21.9,28.3,71.7
2018-08-01,23,Quintana Roo,25.1,29.9,34.6,129.5
2018-08-01,24,San Luis Potosí,21.2,27.4,33.7,67.0
2018-08-01,25,Sinaloa,23.6,29.6,35.7,291.1
2018-08-01,26,Sonora,22.6,29.2,35.7,147.8
2018-08-01,27,Tabasco,23.1,28.4,33.8,195.7
2018-08-01,28,Tamaulipas,23.9,30.0,36.2,29.4
2018-08-01,29,Tlaxcala,9.0,16.2,23.3,124.6
2018-08-01,30,Veracruz,19.1,24.5,29.8,218.0
2018-08-01,31,Yucatán,21.8,28.1,34.5,159.2
2018-08-01,32,Zacatecas,13.2,20.3,27.5,82.6
2018-09-01,0,Nacional,18.8,24.9,31.0,166.0
2018-09-01,1,Aguascalientes,12.9,19.3,25.6,123.1
2018-09-01,2,Baja California,19.2,26.7,34.2,7.5
2018-09-01,3,Baja California Sur,23.5,28.9,34.2,76.6
2018-09-01,4,Campeche,22.9,28.3,33.7,202.1
2018-09-01,5,Coahuila,19.7,24.6,29.5,172.8
2018-09-01,6,Colima,22.5,28.3,34.2,337.0
2018-09-01,7,Chiapas,20.4,25.9,31.3,301.0
2018-09-01,8,Chihuahua,15.6,22.7,29.7,110.4
2018-09-01,9,Ciudad de México,11.8,18.0,24.2,120.7
2018-09-01,10,Durango,13.8,20.4,27.1,168.8
2018-09-01,11,Guanajuato,13.7,20.2,26.7,165.2
2018-09-01,12,Guerrero,19.0,25.1,31.2,197.1
2018-09-01,13,Hidalgo,15.2,21.5,27.7,72.4
2018-09-01,14,Jalisco,16.5,22.8,29.1,201.6
2018-09-01,15,Estado de México,9.7,16.2,22.7,172.2
2018-09-01,16,Michoacán,14.9,21.7,28.6,161.9
2018-09-01,17,Morelos,15.7,21.8,27.9,312.8
2018-09-01,18,Nayarit,23.0,28.5,34.0,379.4
2018-09-01,19,Nuevo León,20.4,25.8,31.2,226.9
2018-09-01,20,Oaxaca,18.0,24.2,30.4,178.6
2018-09-01,21,Puebla,12.9,19.7,26.4,173.1
2018-09-01,22,Querétaro,15.5,21.6,27.7,110.2
2018-09-01,23,Quintana Roo,24.5,29.2,33.9,146.8
2018-09-01,24,San Luis Potosí,21.4,27.0,32.7,164.1
2018-09-01,25,Sinaloa,23.4,29.0,34.7,320.4
2018-09-01,26,Sonora,21.8,28.8,35.9,109.0
2018-09-01,27,Tabasco,23.5,28.5,33.5,218.1
2018-09-01,28,Tamaulipas,23.3,28.5,33.7,203.5
2018-09-01,29,Tlaxcala,9.5,16.7,23.9,88.4
2018-09-01,30,Veracruz,19.4,24.8,30.1,197.6
2018-09-01,31,Yucatán,22.0,28.0,34.0,137.3
2018-09-01,32,Zacatecas,13.6,19.5,25.4,179.4
2018-10-01,0,Nacional,16.3,22.5,28.7,110.7
2018-10-01,1,Aguascalientes,10.9,18.0,25.1,83.3
2018-10-01,2,Baja California,14.6,21.3,27.9,40.7
2018-10-01,3,Baja California Sur,19.9,25.5,31.2,21.5
2018-10-01,4,Campeche,22.4,27.4,32.4,160.9
2018-10-01,5,Coahuila,15.9,21.4,27.0,67.4
2018-10-01,6,Colima,22.2,27.8,33.4,292.3
2018-10-01,7,Chiapas,20.2,25.4,30.6,224.9
2018-10-01,8,Chihuahua,11.6,19.0,26.4,52.0
2018-10-01,9,Ciudad de México,11.4,17.5,23.6,86.8
2018-10-01,10,Durango,10.5,18.2,26.0,70.8
2018-10-01,11,Guanajuato,13.1,19.7,26.3,65.5
2018-10-01,12,Guerrero,18.9,24.9,31.0,188.7
2018-10-01,13,Hidalgo,14.2,20.4,26.5,93.3
2018-10-01,14,Jalisco,15.2,21.8,28.5,149.8
2018-10-01,15,Estado de México,9.1,15.6,22.1,112.6
2018-10-01,16,Michoacán,14.2,21.2,28.2,147.4
2018-10-01,17,Morelos,15.6,21.7,27.9,213.6
2018-10-01,18,Nayarit,22.2,27.7,33.3,168.6
2018-10-01,19,Nuevo León,16.5,22.0,27.5,46.6
2018-10-01,20,Oaxaca,18.5,24.1,29.7,257.9
2018-10-01,21,Puebla,12.2,18.7,25.3,167.3
2018-10-01,22,Querétaro,14.7,20.4,26.1,58.6
2018-10-01,23,Quintana Roo,23.8,28.4,33.0,162.3
2018-10-01,24,San Luis Potosí,19.0,24.2,29.3,74.6
2018-10-01,25,Sinaloa,21.5,27.7,33.9,70.5
2018-10-01,26,Sonora,16.2,23.2,30.3,81.8
2018-10-01,27,Tabasco,23.3,27.9,32.4,253.7
2018-10-01,28,Tamaulipas,20.0,24.8,29.7,75.3
2018-10-01,29,Tlaxcala,9.4,16.1,22.8,64.2
2018-10-01,30,Veracruz,18.3,23.2,28.0,332.5
2018-10-01,31,Yucatán,21.7,27.3,32.9,87.0
2018-10-01,32,Zacatecas,11.0,17.9,24.8,60.1
2018-11-01,0,Nacional,11.2,18.7,26.2,39.6
2018-11-01,1,Aguascalientes,6.2,14.7,23.1,40.5
2018-11-01,2,Baja California,10.0,17.0,24.0,9.9
2018-11-01,3,Baja California Sur,15.6,22.0,28.5,0.5
2018-11-01,4,Campeche,20.9,26.1,31.3,127.2
2018-11-01,5,Coahuila,8.4,15.4,22.5,7.7
2018-11-01,6,Colima,20.0,26.5,32.9,198.3
2018-11-01,7,Chiapas,19.1,24.8,30.5,118.4
2018-11-01,8,Chihuahua,4.3,13.6,22.9,3.3
2018-11-01,9,Ciudad de México,8.9,15.8,22.7,31.1
2018-11-01,10,Durango,4.1,13.8,23.6,8.8
2018-11-01,11,Guanajuato,8.3,16.4,24.5,50.4
2018-11-01,12,Guerrero,17.5,24.3,31.1,58.9
2018-11-01,13,Hidalgo,10.5,17.4,24.4,35.2
2018-11-01,14,Jalisco,10.3,18.4,26.5,75.9
2018-11-01,15,Estado de México,5.9,13.5,21.1,64.5
2018-11-01,16,Michoacán,10.4,18.6,26.9,100.9
2018-11-01,17,Morelos,13.6,20.6,27.6,74.4
2018-11-01,18,Nayarit,17.8,25.2,32.5,30.5
2018-11-01,19,Nuevo León,9.5,16.2,22.9,14.2
2018-11-01,20,Oaxaca,16.5,22.6,28.8,44.1
2018-11-01,21,Puebla,9.6,16.8,24.0,84.8
2018-11-01,22,Querétaro,10.4,17.5,24.7,31.1
2018-11-01,23,Quintana Roo,22.1,27.0,31.9,82.2
2018-11-01,24,San Luis Potosí,14.1,20.2,26.3,30.9
2018-11-01,25,Sinaloa,15.2,23.6,31.9,5.6
2018-11-01,26,Sonora,8.5,17.7,26.9,1.0
2018-11-01,27,Tabasco,21.6,26.1,30.6,358.8
2018-11-01,28,Tamaulipas,13.6,19.3,25.1,18.4
2018-11-01,29,Tlaxcala,6.2,14.0,21.8,46.9
2018-11-01,30,Veracruz,16.0,21.0,26.0,93.8
2018-11-01,31,Yucatán,19.5,25.3,31.1,67.4
2018-11-01,32,Zacatecas,5.5,14.3,23.1,23.8
2018-12-01,0,Nacional,8.7,16.4,24.1,23.4
2018-12-01,1,Aguascalientes,3.5,12.9,22.3,1.2
2018-12-01,2,Baja California,7.5,13.8,20.1,24.7
2018-12-01,3,Baja California Sur,12.8,19.2,25.6,13.0
2018-12-01,4,Campeche,18.9,24.3,29.7,27.4
2018-12-01,5,Coahuila,5.9,13.3,20.8,19.3
2018-12-01,6,Colima,18.2,25.5,32.8,0.6
2018-12-01,7,Chiapas,16.0,22.4,28.8,31.7
2018-12-01,8,Chihuahua,2.1,10.8,19.4,33.1
2018-12-01,9,Ciudad de México,6.8,14.6,22.4,4.8
2018-12-01,10,Durango,1.6,11.5,21.5,21.7
2018-12-01,11,Guanajuato,5.5,14.5,23.5,1.2
2018-12-01,12,Guerrero,15.9,23.4,30.9,4.5
2018-12-01,13,Hidalgo,7.3,15.4,23.6,6.6
2018-12-01,14,Jalisco,7.6,16.7,25.7,1.7
2018-12-01,15,Estado de México,4.1,13.0,22.0,4.8
2018-12-01,16,Michoacán,7.8,17.0,26.2,4.8
2018-12-01,17,Morelos,10.8,19.0,27.1,0.6
2018-12-01,18,Nayarit,14.1,22.3,30.5,3.9
2018-12-01,19,Nuevo León,7.0,14.8,22.5,16.6
2018-12-01,20,Oaxaca,13.8,20.2,26.5,28.6
2018-12-01,21,Puebla,7.3,15.3,23.3,13.6
2018-12-01,22,Querétaro,7.7,15.9,24.1,3.8
2018-12-01,23,Quintana Roo,20.1,25.2,30.2,67.0
2018-12-01,24,San Luis Potosí,11.6,18.6,25.6,5.5
2018-12-01,25,Sinaloa,12.0,20.3,28.6,51.1
2018-12-01,26,Sonora,6.0,14.3,22.7,25.9
2018-12-01,27,Tabasco,19.4,24.2,28.9,99.4
2018-12-01,28,Tamaulipas,11.1,17.9,24.7,6.9
2018-12-01,29,Tlaxcala,3.3,12.2,21.2,3.3
2018-12-01,30,Veracruz,13.4,19.2,25.0,67.1
2018-12-01,31,Yucatán,17.3,23.5,29.6,28.5
2018-12-01,32,Zacatecas,2.9,12.2,21.4,5.0
2019-01-01,0,Nacional,8.7,16.6,24.5,19.0
2019-01-01,1,Aguascalientes,4.0,13.5,23.0,11.3
2019-01-01,2,Baja California,7.4,14.0,20.5,17.8
2019-01-01,3,Baja California Sur,12.0,18.7,25.3,11.1
2019-01-01,4,Campeche,17.1,23.1,29.2,26.7
2019-01-01,5,Coahuila,5.9,13.4,20.9,6.9
2019-01-01,6,Colima,18.5,25.9,33.3,5.7
2019-01-01,7,Chiapas,16.5,23.1,29.7,39.8
2019-01-01,8,Chihuahua,2.0,11.4,20.7,15.2
2019-01-01,9,Ciudad de México,7.2,15.1,23.0,5.3
2019-01-01,10,Durango,2.4,12.4,22.4,6.6
2019-01-01,11,Guanajuato,6.4,15.5,24.6,3.3
2019-01-01,12,Guerrero,15.9,23.5,31.0,1.0
2019-01-01,13,Hidalgo,7.7,15.7,23.6,12.3
2019-01-01,14,Jalisco,8.1,17.5,26.8,8.4
2019-01-01,15,Estado de México,3.0,12.4,21.7,4.1
2019-01-01,16,Michoacán,8.1,17.5,26.9,8.1
2019-01-01,17,Morelos,10.1,19.2,28.3,1.5
2019-01-01,18,Nayarit,15.0,23.3,31.7,1.4
2019-01-01,19,Nuevo León,6.8,14.2,21.6,22.5
2019-01-01,20,Oaxaca,13.6,20.5,27.5,14.9
2019-01-01,21,Puebla,6.9,15.2,23.4,6.8
2019-01-01,22,Querétaro,8.4,16.6,24.8,7.5
2019-01-01,23,Quintana Roo,18.7,24.1,29.5,67.0
2019-01-01,24,San Luis Potosí,12.5,18.8,25.0,14.2
2019-01-01,25,Sinaloa,11.5,20.4,29.2,11.3
2019-01-01,26,Sonora,5.6,14.6,23.6,23.8
2019-01-01,27,Tabasco,18.8,23.4,28.0,126.7
2019-01-01,28,Tamaulipas,11.1,17.3,23.4,25.2
2019-01-01,29,Tlaxcala,1.7,11.9,22.1,1.3
2019-01-01,30,Veracruz,13.3,18.7,24.0,50.6
2019-01-01,31,Yucatán,15.9,22.3,28.7,48.4
2019-01-01,32,Zacatecas,3.8,13.2,22.6,8.9
2019-02-01,0,Nacional,10.5,18.6,26.8,13.7
2019-02-01,1,Aguascalientes,5.9,16.2,26.5,0.0
2019-02-01,2,Baja California,6.1,12.0,17.9,49.5
2019-02-01,3,Baja California Sur,11.9,18.3,24.8,3.1
2019-02-01,4,Campeche,20.1,26.6,33.0,14.2
2019-02-01,5,Coahuila,9.2,17.0,24.9,0.6
2019-02-01,6,Colima,17.8,25.5,33.1,0.1
2019-02-01,7,Chiapas,17.5,24.9,32.4,28.5
2019-02-01,8,Chihuahua,4.1,12.9,21.7,13.8
2019-02-01,9,Ciudad de México,9.1,17.5,25.8,5.7
2019-02-01,10,Durango,5.2,15.4,25.6,0.7
2019-02-01,11,Guanajuato,8.0,18.0,27.9,0.8
2019-02-01,12,Guerrero,16.5,24.5,32.5,0.4
2019-02-01,13,Hidalgo,10.4,19.2,28.1,7.9
2019-02-01,14,Jalisco,9.6,19.7,29.9,1.1
2019-02-01,15,Estado de México,4.7,14.5,24.4,5.8
2019-02-01,16,Michoacán,9.8,19.9,30.0,1.0
2019-02-01,17,Morelos,12.5,22.0,31.6,1.2
2019-02-01,18,Nayarit,15.4,23.9,32.4,0.5
2019-02-01,19,Nuevo León,10.2,18.1,26.0,2.8
2019-02-01,20,Oaxaca,16.1,23.7,31.2,4.7
2019-02-01,21,Puebla,9.4,18.1,26.8,9.1
2019-02-01,22,Querétaro,10.3,19.2,28.2,2.3
2019-02-01,23,Quintana Roo,21.9,26.9,31.9,62.0
2019-02-01,24,San Luis Potosí,14.2,21.8,29.3,3.4
2019-02-01,25,Sinaloa,12.0,20.8,29.6,1.2
2019-02-01,26,Sonora,6.0,14.4,22.8,36.2
2019-02-01,27,Tabasco,20.7,26.0,31.3,82.4
2019-02-01,28,Tamaulipas,14.3,20.9,27.5,7.5
2019-02-01,29,Tlaxcala,4.3,14.5,24.6,5.2
2019-02-01,30,Veracruz,15.6,21.8,27.9,15.5
2019-02-01,31,Yucatán,18.5,25.8,33.1,42.7
2019-02-01,32,Zacatecas,6.1,16.2,26.2,0.4
2019-03-01,0,Nacional,12.0,20.5,28.9,16.2
2019-03-01,1,Aguascalientes,7.4,18.2,28.9,0.4
2019-03-01,2,Baja California,8.5,15.3,22.1,13.4
2019-03-01,3,Baja California Sur,12.9,20.3,27.6,6.1
2019-03-01,4,Campeche,20.3,26.8,33.3,34.6
2019-03-01,5,Coahuila,11.5,18.8,26.1,11.3
2019-03-01,6,Colima,18.2,26.2,34.2,0.1
2019-03-01,7,Chiapas,18.3,25.5,32.7,34.6
2019-03-01,8,Chihuahua,6.8,16.5,26.3,11.5
2019-03-01,9,Ciudad de México,10.0,18.6,27.2,7.2
2019-03-01,10,Durango,6.7,17.3,27.9,0.7
2019-03-01,11,Guanajuato,10.3,20.2,30.1,0.9
2019-03-01,12,Guerrero,18.2,26.0,33.8,0.7
2019-03-01,13,Hidalgo,11.1,19.7,28.4,11.3
2019-03-01,14,Jalisco,10.8,21.4,31.9,0.1
2019-03-01,15,Estado de México,6.1,16.1,26.1,6.7
2019-03-01,16,Michoacán,11.3,21.5,31.6,0.7
2019-03-01,17,Morelos,15.5,24.6,33.7,2.3
2019-03-01,18,Nayarit,14.5,24.5,34.5,0.0
2019-03-01,19,Nuevo León,12.6,19.5,26.4,38.2
2019-03-01,20,Oaxaca,15.9,23.8,31.8,9.6
2019-03-01,21,Puebla,10.3,18.9,27.5,11.4
2019-03-01,22,Querétaro,11.8,20.8,29.7,4.6
2019-03-01,23,Quintana Roo,21.5,26.9,32.3,20.0
2019-03-01,24,San Luis Potosí,15.7,22.5,29.3,13.7
2019-03-01,25,Sinaloa,12.7,22.7,32.7,4.8
2019-03-01,26,Sonora,8.5,18.0,27.6,35.1
2019-03-01,27,Tabasco,20.7,26.3,32.0,91.7
2019-03-01,28,Tamaulipas,16.2,22.1,28.1,36.2
2019-03-01,29,Tlaxcala,6.0,16.1,26.2,4.7
2019-03-01,30,Veracruz,16.0,22.0,28.0,30.3
2019-03-01,31,Yucatán,18.6,26.2,33.8,19.0
2019-03-01,32,Zacatecas,7.5,18.1,28.7,6.3
2019-04-01,0,Nacional,13.5,22.5,31.5,6.6
2019-04-01,1,Aguascalientes,8.0,18.7,29.4,0.0
2019-04-01,2,Baja California,12.9,20.3,27.6,1.2
2019-04-01,3,Baja California Sur,15.1,22.3,29.6,0.0
2019-04-01,4,Campeche,21.9,28.7,35.5,32.7
2019-04-01,5,Coahuila,13.8,22.4,31.0,12.3
2019-04-01,6,Colima,17.3,25.4,33.5,0.0
2019-04-01,7,Chiapas,19.2,26.7,34.3,14.0
2019-04-01,8,Chihuahua,8.7,19.0,29.2,1.0
2019-04-01,9,Ciudad de México,11.4,19.5,27.7,4.3
2019-04-01,10,Durango,7.8,18.6,29.4,0.0
2019-04-01,11,Guanajuato,10.9,20.9,30.9,0.3
2019-04-01,12,Guerrero,18.2,26.1,34.0,0.4
2019-04-01,13,Hidalgo,12.5,21.6,30.7,6.8
2019-04-01,14,Jalisco,11.4,22.0,32.6,0.1
2019-04-01,15,Estado de México,7.0,16.7,26.4,7.3
2019-04-01,16,Michoacán,11.3,21.8,32.3,1.4
2019-04-01,17,Morelos,15.5,24.8,34.1,0.5
2019-04-01,18,Nayarit,16.0,25.5,35.0,0.0
2019-04-01,19,Nuevo León,13.8,22.6,31.3,13.9
2019-04-01,20,Oaxaca,17.2,25.5,33.7,8.5
2019-04-01,21,Puebla,11.4,20.3,29.2,8.0
2019-04-01,22,Querétaro,13.5,22.3,31.1,2.7
2019-04-01,23,Quintana Roo,23.0,28.3,33.7,57.0
2019-04-01,24,San Luis Potosí,16.8,25.8,34.7,2.2
2019-04-01,25,Sinaloa,14.5,24.2,34.0,0.0
2019-04-01,26,Sonora,10.7,21.1,31.4,0.8
2019-04-01,27,Tabasco,22.2,28.1,34.1,19.2
2019-04-01,28,Tamaulipas,17.6,25.0,32.4,10.1
2019-04-01,29,Tlaxcala,7.4,17.1,26.8,6.3
2019-04-01,30,Veracruz,16.8,23.8,30.8,8.0
2019-04-01,31,Yucatán,20.5,28.2,35.9,21.5
2019-04-01,32,Zacatecas,8.0,18.7,29.4,0.3
2019-05-01,0,Nacional,16.4,24.8,33.1,31.8
2019-05-01,1,Aguascalientes,11.2,21.5,31.7,2.5
2019-05-01,2,Baja California,13.6,20.1,26.6,5.6
2019-05-01,3,Baja California Sur,15.8,22.5,29.1,0.6
2019-05-01,4,Campeche,24.5,31.0,37.5,72.6
2019-05-01,5,Coahuila,19.1,26.3,33.5,30.8
2019-05-01,6,Colima,19.5,26.7,33.9,3.5
2019-05-01,7,Chiapas,21.3,27.9,34.5,200.4
2019-05-01,8,Chihuahua,12.0,22.1,32.2,3.5
2019-05-01,9,Ciudad de México,12.6,20.8,28.9,21.6
2019-05-01,10,Durango,10.2,21.1,32.1,1.9
2019-05-01,11,Guanajuato,13.9,23.4,32.8,8.7
2019-05-01,12,Guerrero,19.1,26.7,34.2,44.4
2019-05-01,13,Hidalgo,15.5,24.0,32.4,14.2
2019-05-01,14,Jalisco,14.5,24.4,34.3,6.0
2019-05-01,15,Estado de México,9.1,18.4,27.8,33.3
2019-05-01,16,Michoacán,14.0,23.9,33.7,19.4
2019-05-01,17,Morelos,16.9,25.5,34.1,115.2
2019-05-01,18,Nayarit,17.9,27.0,36.0,0.2
2019-05-01,19,Nuevo León,19.7,26.4,33.2,54.6
2019-05-01,20,Oaxaca,18.6,26.6,34.6,96.9
2019-05-01,21,Puebla,13.5,22.1,30.7,51.7
2019-05-01,22,Querétaro,16.9,25.1,33.3,11.9
2019-05-01,23,Quintana Roo,25.5,30.2,34.8,52.8
2019-05-01,24,San Luis Potosí,22.6,29.5,36.4,29.3
2019-05-01,25,Sinaloa,16.6,26.0,35.4,0.3
2019-05-01,26,Sonora,12.0,21.9,31.9,4.5
2019-05-01,27,Tabasco,25.1,31.3,37.6,76.5
2019-05-01,28,Tamaulipas,23.7,29.2,34.7,50.7
2019-05-01,29,Tlaxcala,9.5,18.4,27.4,25.5
2019-05-01,30,Veracruz,20.6,27.2,33.8,31.6
2019-05-01,31,Yucatán,23.2,30.3,37.4,68.7
2019-05-01,32,Zacatecas,11.0,21.3,31.6,6.7
2019-06-01,0,Nacional,19.2,26.6,34.1,86.2
2019-06-01,1,Aguascalientes,14.5,22.4,30.3,45.7
2019-06-01,2,Baja California,17.2,24.1,31.0,0.0
2019-06-01,3,Baja California Sur,19.6,26.2,32.7,0.0
2019-06-01,4,Campeche,24.1,29.9,35.7,250.9
2019-06-01,5,Coahuila,21.4,28.2,35.1,49.9
2019-06-01,6,Colima,23.3,29.3,35.3,111.2
2019-06-01,7,Chiapas,21.2,26.8,32.4,277.0
2019-06-01,8,Chihuahua,17.0,26.6,36.1,26.0
2019-06-01,9,Ciudad de México,12.7,19.3,25.9,108.1
2019-06-01,10,Durango,15.1,24.2,33.3,31.5
2019-06-01,11,Guanajuato,15.0,22.6,30.2,95.8
2019-06-01,12,Guerrero,19.9,26.4,32.8,155.4
2019-06-01,13,Hidalgo,15.8,22.3,28.9,108.1
2019-06-01,14,Jalisco,17.7,25.5,33.3,96.3
2019-06-01,15,Estado de México,10.5,17.7,24.8,152.0
2019-06-01,16,Michoacán,15.7,23.5,31.3,110.4
2019-06-01,17,Morelos,17.4,23.7,30.0,366.8
2019-06-01,18,Nayarit,23.1,30.2,37.3,40.8
2019-06-01,19,Nuevo León,21.1,28.1,35.1,75.9
2019-06-01,20,Oaxaca,19.4,25.6,31.8,155.8
2019-06-01,21,Puebla,13.7,20.8,27.9,223.2
2019-06-01,22,Querétaro,16.6,23.3,30.1,104.0
2019-06-01,23,Quintana Roo,25.8,30.6,35.4,89.7
2019-06-01,24,San Luis Potosí,22.5,29.0,35.5,124.9
2019-06-01,25,Sinaloa,22.3,30.0,37.7,12.0
2019-06-01,26,Sonora,18.5,28.3,38.0,0.9
2019-06-01,27,Tabasco,24.5,29.7,34.9,280.4
2019-06-01,28,Tamaulipas,24.5,30.3,36.2,132.0
2019-06-01,29,Tlaxcala,11.0,17.5,24.0,129.1
2019-06-01,30,Veracruz,20.4,26.0,31.6,162.3
2019-06-01,31,Yucatán,23.8,30.2,36.7,148.9
2019-06-01,32,Zacatecas,14.8,22.8,30.8,49.3
2019-07-01,0,Nacional,19.6,26.5,33.5,97.6
2019-07-01,1,Aguascalientes,13.2,20.7,28.1,101.3
2019-07-01,2,Baja California,18.3,25.7,33.2,5.1
2019-07-01,3,Baja California Sur,23.5,29.3,35.0,6.9
2019-07-01,4,Campeche,22.9,28.9,34.9,156.8
2019-07-01,5,Coahuila,21.6,28.5,35.5,22.3
2019-07-01,6,Colima,23.0,29.0,35.0,310.6
2019-07-01,7,Chiapas,20.5,26.4,32.4,142.6
2019-07-01,8,Chihuahua,18.5,26.5,34.6,76.1
2019-07-01,9,Ciudad de México,11.6,18.2,24.9,145.5
2019-07-01,10,Durango,15.1,23.1,31.1,74.8
2019-07-01,11,Guanajuato,13.6,20.9,28.2,136.4
2019-07-01,12,Guerrero,19.1,25.6,32.2,182.1
2019-07-01,13,Hidalgo,15.0,21.6,28.1,56.8
2019-07-01,14,Jalisco,16.7,23.7,30.8,217.7
2019-07-01,15,Estado de México,9.6,16.5,23.4,181.9
2019-07-01,16,Michoacán,14.8,22.4,29.9,179.8
2019-07-01,17,Morelos,16.1,22.5,28.8,270.0
2019-07-01,18,Nayarit,23.4,29.9,36.3,262.9
2019-07-01,19,Nuevo León,20.4,27.8,35.3,31.1
2019-07-01,20,Oaxaca,17.6,24.2,30.8,145.2
2019-07-01,21,Puebla,12.4,19.7,27.1,164.5
2019-07-01,22,Querétaro,14.8,21.8,28.8,57.3
2019-07-01,23,Quintana Roo,25.1,30.5,35.8,57.5
2019-07-01,24,San Luis Potosí,21.3,28.1,34.9,34.5
2019-07-01,25,Sinaloa,24.4,31.0,37.6,150.3
2019-07-01,26,Sonora,23.5,31.1,38.6,97.2
2019-07-01,27,Tabasco,23.6,29.1,34.5,120.4
2019-07-01,28,Tamaulipas,23.8,29.9,35.9,38.0
2019-07-01,29,Tlaxcala,9.3,16.5,23.8,125.7
2019-07-01,30,Veracruz,19.1,25.1,31.0,121.7
2019-07-01,31,Yucatán,22.3,29.0,35.7,127.2
2019-07-01,32,Zacatecas,13.8,21.1,28.3,83.1
2019-08-01,0,Nacional,20.1,27.0,33.8,110.8
2019-08-01,1,Aguascalientes,13.5,21.1,28.7,123.4
2019-08-01,2,Baja California,20.6,27.8,35.0,3.0
2019-08-01,3,Baja California Sur,24.1,29.6,35.0,31.9
2019-08-01,4,Campeche,23.2,29.3,35.3,124.7
2019-08-01,5,Coahuila,23.4,30.5,37.7,21.5
2019-08-01,6,Colima,23.6,29.0,34.4,234.1
2019-08-01,7,Chiapas,20.8,26.8,32.8,236.5
2019-08-01,8,Chihuahua,18.2,25.6,33.0,99.3
2019-08-01,9,Ciudad de México,13.4,19.7,26.1,87.2
2019-08-01,10,Durango,15.8,23.8,31.7,89.5
2019-08-01,11,Guanajuato,13.9,21.3,28.7,137.1
2019-08-01,12,Guerrero,19.9,26.2,32.4,192.5
2019-08-01,13,Hidalgo,14.4,21.5,28.7,47.3
2019-08-01,14,Jalisco,16.7,23.4,30.1,171.7
2019-08-01,15,Estado de México,9.5,16.4,23.3,138.5
2019-08-01,16,Michoacán,14.7,22.1,29.4,154.5
2019-08-01,17,Morelos,16.0,22.7,29.3,265.5
2019-08-01,18,Nayarit,23.3,28.6,33.8,366.6
2019-08-01,19,Nuevo León,21.9,29.8,37.7,31.0
2019-08-01,20,Oaxaca,18.2,24.7,31.3,162.7
2019-08-01,21,Puebla,12.7,20.3,27.9,150.6
2019-08-01,22,Querétaro,15.5,22.8,30.1,57.2
2019-08-01,23,Quintana Roo,25.6,30.5,35.4,94.6
2019-08-01,24,San Luis Potosí,21.7,29.3,36.8,59.3
2019-08-01,25,Sinaloa,24.3,30.2,36.2,339.6
2019-08-01,26,Sonora,24.1,31.1,38.1,122.8
2019-08-01,27,Tabasco,24.2,29.8,35.3,100.9
2019-08-01,28,Tamaulipas,25.0,31.5,38.0,19.9
2019-08-01,29,Tlaxcala,8.9,16.4,23.9,103.4
2019-08-01,30,Veracruz,19.6,25.7,31.9,90.8
2019-08-01,31,Yucatán,22.8,29.2,35.6,102.1
2019-08-01,32,Zacatecas,14.2,21.5,28.7,86.3
2019-09-01,0,Nacional,18.9,25.2,31.5,144.4
2019-09-01,1,Aguascalientes,12.2,19.7,27.2,78.1
2019-09-01,2,Baja California,18.7,25.2,31.7,14.0
2019-09-01,3,Baja California Sur,22.8,28.0,33.3,60.0
2019-09-01,4,Campeche,23.1,28.7,34.3,182.8
2019-09-01,5,Coahuila,21.2,27.4,33.6,60.6
2019-09-01,6,Colima,23.2,28.6,33.9,851.0
2019-09-01,7,Chiapas,20.8,26.4,32.0,308.2
2019-09-01,8,Chihuahua,16.0,22.8,29.6,98.5
2019-09-01,9,Ciudad de México,13.7,19.3,24.9,76.1
2019-09-01,10,Durango,14.1,21.3,28.5,106.1
2019-09-01,11,Guanajuato,13.3,20.5,27.7,91.2
2019-09-01,12,Guerrero,19.7,25.7,31.8,300.7
2019-09-01,13,Hidalgo,14.2,20.6,27.1,57.2
2019-09-01,14,Jalisco,16.4,23.0,29.5,239.8
2019-09-01,15,Estado de México,9.1,15.8,22.4,140.1
2019-09-01,16,Michoacán,14.3,21.5,28.7,194.1
2019-09-01,17,Morelos,16.1,22.4,28.7,342.6
2019-09-01,18,Nayarit,23.1,28.4,33.7,299.0
2019-09-01,19,Nuevo León,20.3,26.4,32.5,166.2
2019-09-01,20,Oaxaca,18.0,24.3,30.6,227.3
2019-09-01,21,Puebla,12.6,19.7,26.8,182.7
2019-09-01,22,Querétaro,14.9,21.8,28.7,66.0
2019-09-01,23,Quintana Roo,24.6,29.7,34.8,128.4
2019-09-01,24,San Luis Potosí,20.6,27.1,33.6,86.6
2019-09-01,25,Sinaloa,23.4,29.0,34.6,199.3
2019-09-01,26,Sonora,21.6,28.2,34.7,129.5
2019-09-01,27,Tabasco,23.8,28.8,33.8,233.6
2019-09-01,28,Tamaulipas,23.4,28.8,34.2,142.2
2019-09-01,29,Tlaxcala,8.9,16.0,23.1,81.2
2019-09-01,30,Veracruz,19.3,24.7,30.2,168.0
2019-09-01,31,Yucatán,22.8,28.8,34.8,153.5
2019-09-01,32,Zacatecas,13.0,20.0,27.0,71.2
2019-10-01,0,Nacional,16.1,22.9,29.8,100.1
2019-10-01,1,Aguascalientes,11.1,18.7,26.3,40.5
2019-10-01,2,Baja California,13.4,20.9,28.4,1.9
2019-10-01,3,Baja California Sur,19.2,25.5,31.8,45.1
2019-10-01,4,Campeche,23.2,28.2,33.2,235.3
2019-10-01,5,Coahuila,15.6,22.8,30.1,19.6
2019-10-01,6,Colima,22.8,27.9,32.9,251.8
2019-10-01,7,Chiapas,20.6,25.8,31.0,359.7
2019-10-01,8,Chihuahua,11.0,18.9,26.9,41.3
2019-10-01,9,Ciudad de México,13.5,19.0,24.5,86.8
2019-10-01,10,Durango,11.2,19.5,27.8,31.3
2019-10-01,11,Guanajuato,13.0,20.1,27.1,63.2
2019-10-01,12,Guerrero,19.7,25.4,31.1,189.1
2019-10-01,13,Hidalgo,13.9,20.2,26.5,91.0
2019-10-01,14,Jalisco,15.6,22.2,28.7,128.6
2019-10-01,15,Estado de México,9.1,15.6,22.1,133.4
2019-10-01,16,Michoacán,14.2,21.2,28.3,128.8
2019-10-01,17,Morelos,15.9,21.7,27.6,298.7
2019-10-01,18,Nayarit,22.6,27.8,33.1,189.8
2019-10-01,19,Nuevo León,16.5,23.3,30.1,28.6
2019-10-01,20,Oaxaca,17.5,23.3,29.1,209.9
2019-10-01,21,Puebla,12.4,19.0,25.6,194.1
2019-10-01,22,Querétaro,14.2,20.8,27.4,78.1
2019-10-01,23,Quintana Roo,24.3,28.8,33.3,187.2
2019-10-01,24,San Luis Potosí,18.6,25.0,31.4,72.3
2019-10-01,25,Sinaloa,21.8,28.2,34.6,39.4
2019-10-01,26,Sonora,15.2,24.0,32.8,17.0
2019-10-01,27,Tabasco,23.6,28.0,32.4,394.5
2019-10-01,28,Tamaulipas,19.8,25.6,31.4,78.7
2019-10-01,29,Tlaxcala,9.0,15.7,22.5,60.4
2019-10-01,30,Veracruz,18.7,23.6,28.5,271.9
2019-10-01,31,Yucatán,22.7,28.1,33.4,141.2
2019-10-01,32,Zacatecas,11.3,18.9,26.5,34.8
2019-11-01,0,Nacional,13.3,20.0,26.7,68.5
2019-11-01,1,Aguascalientes,8.7,16.8,24.8,33.7
2019-11-01,2,Baja California,11.4,17.9,24.3,53.1
2019-11-01,3,Baja California Sur,17.3,22.8,28.2,91.1
2019-11-01,4,Campeche,20.8,25.9,31.0,90.5
2019-11-01,5,Coahuila,10.5,17.6,24.7,22.1
2019-11-01,6,Colima,22.5,28.0,33.5,46.8
2019-11-01,7,Chiapas,19.1,24.8,30.6,66.5
2019-11-01,8,Chihuahua,7.6,15.0,22.3,69.0
2019-11-01,9,Ciudad de México,11.3,17.8,24.3,17.6
2019-11-01,10,Durango,7.8,15.8,23.8,74.9
2019-11-01,11,Guanajuato,10.9,18.6,26.3,9.4
2019-11-01,12,Guerrero,19.1,25.3,31.6,34.4
2019-11-01,13,Hidalgo,11.8,18.5,25.1,15.8
2019-11-01,14,Jalisco,13.9,20.9,27.9,50.5
2019-11-01,15,Estado de México,7.4,14.6,21.7,33.5
2019-11-01,16,Michoacán,13.0,20.6,28.3,29.3
2019-11-01,17,Morelos,14.5,21.2,27.8,27.2
2019-11-01,18,Nayarit,20.3,26.6,32.9,49.6
2019-11-01,19,Nuevo León,11.3,18.4,25.5,26.7
2019-11-01,20,Oaxaca,15.9,22.2,28.6,47.7
2019-11-01,21,Puebla,10.5,17.8,25.0,29.1
2019-11-01,22,Querétaro,12.2,19.4,26.5,9.7
2019-11-01,23,Quintana Roo,21.6,26.4,31.2,139.0
2019-11-01,24,San Luis Potosí,15.3,21.2,27.2,24.5
2019-11-01,25,Sinaloa,18.5,25.3,32.1,159.5
2019-11-01,26,Sonora,13.0,20.4,27.7,135.0
2019-11-01,27,Tabasco,21.4,25.7,30.0,245.4
2019-11-01,28,Tamaulipas,14.5,20.5,26.4,25.9
2019-11-01,29,Tlaxcala,6.6,14.5,22.4,20.9
2019-11-01,30,Veracruz,15.7,20.6,25.5,124.1
2019-11-01,31,Yucatán,19.7,25.1,30.5,95.5
2019-11-01,32,Zacatecas,8.8,16.5,24.3,95.5
2019-12-01,0,Nacional,9.4,17.1,24.8,23.5
2019-12-01,1,Aguascalientes,4.6,13.8,23.0,16.2
2019-12-01,2,Baja California,8.2,13.6,19.0,41.6
2019-12-01,3,Baja California Sur,12.6,18.9,25.2,14.7
2019-12-01,4,Campeche,18.5,24.1,29.8,81.4
2019-12-01,5,Coahuila,6.4,14.7,23.0,3.6
2019-12-01,6,Colima,20.3,26.6,32.8,2.1
2019-12-01,7,Chiapas,16.9,23.2,29.5,59.7
2019-12-01,8,Chihuahua,1.9,10.9,19.8,15.2
2019-12-01,9,Ciudad de México,8.1,15.6,23.1,0.1
2019-12-01,10,Durango,2.4,12.3,22.1,10.7
2019-12-01,11,Guanajuato,6.6,15.6,24.5,6.6
2019-12-01,12,Guerrero,17.3,24.4,31.5,0.9
2019-12-01,13,Hidalgo,7.4,15.5,23.5,10.0
2019-12-01,14,Jalisco,9.9,18.3,26.7,6.1
2019-12-01,15,Estado de México,4.0,12.3,20.7,1.0
2019-12-01,16,Michoacán,9.5,18.3,27.1,2.2
2019-12-01,17,Morelos,11.2,19.4,27.5,0.0
2019-12-01,18,Nayarit,15.8,23.2,30.5,14.6
2019-12-01,19,Nuevo León,8.5,16.2,23.9,7.5
2019-12-01,20,Oaxaca,13.4,20.6,27.8,6.3
2019-12-01,21,Puebla,7.7,15.9,24.2,9.4
2019-12-01,22,Querétaro,7.8,16.2,24.6,10.2
2019-12-01,23,Quintana Roo,19.6,25.0,30.4,81.0
2019-12-01,24,San Luis Potosí,12.4,19.2,26.0,16.1
2019-12-01,25,Sinaloa,13.1,21.2,29.2,10.6
2019-12-01,26,Sonora,7.1,15.1,23.2,45.9
2019-12-01,27,Tabasco,19.7,24.4,29.1,144.4
2019-12-01,28,Tamaulipas,12.7,19.1,25.6,12.7
2019-12-01,29,Tlaxcala,2.9,12.4,21.9,0.5
2019-12-01,30,Veracruz,13.7,19.6,25.4,32.7
2019-12-01,31,Yucatán,17.2,23.5,29.8,65.5
2019-12-01,32,Zacatecas,3.8,13.3,22.7,18.2
2020-01-01,0,Nacional,9.2,16.9,24.6,21.6
2020-01-01,1,Aguascalientes,4.4,13.0,21.6,38.5
2020-01-01,2,Baja California,7.1,13.6,20.2,4.3
2020-01-01,3,Baja California Sur,10.9,17.8,24.6,1.9
2020-01-01,4,Campeche,19.0,24.6,30.2,31.1
2020-01-01,5,Coahuila,7.0,14.3,21.6,11.3
2020-01-01,6,Colima,19.0,25.8,32.6,80.1
2020-01-01,7,Chiapas,17.9,24.5,31.1,28.4
2020-01-01,8,Chihuahua,1.6,10.8,20.0,6.0
2020-01-01,9,Ciudad de México,8.3,15.6,23.0,11.3
2020-01-01,10,Durango,2.6,11.8,21.1,16.9
2020-01-01,11,Guanajuato,6.5,15.2,23.9,5.6
2020-01-01,12,Guerrero,16.8,24.2,31.5,4.0
2020-01-01,13,Hidalgo,7.9,15.5,23.2,34.5
2020-01-01,14,Jalisco,9.3,17.8,26.2,49.8
2020-01-01,15,Estado de México,3.1,11.8,20.4,7.8
2020-01-01,16,Michoacán,8.8,17.7,26.5,6.8
2020-01-01,17,Morelos,10.7,19.4,28.1,4.0
2020-01-01,18,Nayarit,15.3,22.6,29.9,60.4
2020-01-01,19,Nuevo León,8.9,16.2,23.5,13.0
2020-01-01,20,Oaxaca,14.8,21.8,28.8,29.5
2020-01-01,21,Puebla,7.8,15.8,23.7,25.9
2020-01-01,22,Querétaro,7.8,15.8,23.9,23.7
2020-01-01,23,Quintana Roo,20.3,25.3,30.4,56.8
2020-01-01,24,San Luis Potosí,12.1,18.8,25.5,29.0
2020-01-01,25,Sinaloa,11.4,19.9,28.4,21.4
2020-01-01,26,Sonora,5.7,14.7,23.8,9.2
2020-01-01,27,Tabasco,20.3,24.7,29.1,75.3
2020-01-01,28,Tamaulipas,13.5,19.5,25.5,19.9
2020-01-01,29,Tlaxcala,2.7,11.8,21.0,8.8
2020-01-01,30,Veracruz,14.1,19.4,24.6,85.2
2020-01-01,31,Yucatán,17.4,23.7,29.9,29.5
2020-01-01,32,Zacatecas,3.9,12.7,21.6,27.4
2020-02-01,0,Nacional,10.1,18.0,26.0,22.7
2020-02-01,1,Aguascalientes,6.2,15.0,23.7,28.4
2020-02-01,2,Baja California,7.7,14.4,21.0,10.5
2020-02-01,3,Baja California Sur,11.6,18.4,25.3,8.8
2020-02-01,4,Campeche,19.6,26.0,32.4,13.4
2020-02-01,5,Coahuila,7.6,15.6,23.5,2.8
2020-02-01,6,Colima,19.0,25.4,31.9,112.1
2020-02-01,7,Chiapas,18.3,25.3,32.3,46.9
2020-02-01,8,Chihuahua,3.1,12.0,20.9,20.2
2020-02-01,9,Ciudad de México,10.3,18.1,25.9,5.3
2020-02-01,10,Durango,4.3,13.8,23.3,18.7
2020-02-01,11,Guanajuato,8.2,17.3,26.5,20.5
2020-02-01,12,Guerrero,17.3,24.8,32.4,4.9
2020-02-01,13,Hidalgo,9.2,17.1,25.1,9.8
2020-02-01,14,Jalisco,10.8,19.5,28.2,55.6
2020-02-01,15,Estado de México,5.0,14.0,23.1,8.0
2020-02-01,16,Michoacán,10.2,19.5,28.7,29.8
2020-02-01,17,Morelos,12.6,21.4,30.3,7.7
2020-02-01,18,Nayarit,15.7,22.8,29.9,61.7
2020-02-01,19,Nuevo León,8.3,16.5,24.6,3.5
2020-02-01,20,Oaxaca,15.1,22.7,30.4,17.0
2020-02-01,21,Puebla,8.9,17.3,25.7,12.8
2020-02-01,22,Querétaro,10.0,18.7,27.3,12.5
2020-02-01,23,Quintana Roo,20.7,26.0,31.3,27.2
2020-02-01,24,San Luis Potosí,12.9,20.0,27.1,6.0
2020-02-01,25,Sinaloa,12.0,20.5,29.1,54.9
2020-02-01,26,Sonora,6.8,15.7,24.5,25.6
2020-02-01,27,Tabasco,20.6,25.8,31.0,137.8
2020-02-01,28,Tamaulipas,12.6,19.1,25.6,3.1
2020-02-01,29,Tlaxcala,4.7,14.2,23.7,1.1
2020-02-01,30,Veracruz,14.3,20.0,25.7,56.6
2020-02-01,31,Yucatán,18.2,25.1,32.1,8.0
2020-02-01,32,Zacatecas,5.5,14.7,23.9,19.6
2020-03-01,0,Nacional,13.4,21.3,29.2,21.0
2020-03-01,1,Aguascalientes,9.5,19.3,29.0,1.5
2020-03-01,2,Baja California,8.8,14.3,19.8,62.4
2020-03-01,3,Baja California Sur,13.4,19.8,26.3,36.9
2020-03-01,4,Campeche,21.1,28.0,34.9,4.1
2020-03-01,5,Coahuila,15.0,22.1,29.2,21.6
2020-03-01,6,Colima,19.9,26.6,33.2,0.0
2020-03-01,7,Chiapas,18.4,25.6,32.8,21.0
2020-03-01,8,Chihuahua,8.1,16.7,25.4,27.3
2020-03-01,9,Ciudad de México,10.8,19.4,27.9,8.1
2020-03-01,10,Durango,8.9,18.4,27.8,2.3
2020-03-01,11,Guanajuato,11.2,20.6,30.1,12.1
2020-03-01,12,Guerrero,18.7,26.2,33.6,2.9
2020-03-01,13,Hidalgo,12.4,20.5,28.5,6.9
2020-03-01,14,Jalisco,13.0,22.4,31.7,1.1
2020-03-01,15,Estado de México,6.6,16.3,25.9,16.2
2020-03-01,16,Michoacán,12.2,21.7,31.2,9.0
2020-03-01,17,Morelos,15.7,24.7,33.7,14.6
2020-03-01,18,Nayarit,16.7,24.7,32.6,0.1
2020-03-01,19,Nuevo León,15.3,22.9,30.4,15.2
2020-03-01,20,Oaxaca,16.4,24.6,32.8,2.8
2020-03-01,21,Puebla,11.1,20.0,29.0,9.6
2020-03-01,22,Querétaro,13.1,22.0,30.9,19.3
2020-03-01,23,Quintana Roo,21.3,26.8,32.2,9.6
2020-03-01,24,San Luis Potosí,17.2,24.6,32.0,8.6
2020-03-01,25,Sinaloa,14.2,22.9,31.5,3.0
2020-03-01,26,Sonora,9.6,17.7,25.8,82.1
2020-03-01,27,Tabasco,21.7,27.6,33.6,18.8
2020-03-01,28,Tamaulipas,18.9,25.2,31.5,12.9
2020-03-01,29,Tlaxcala,6.0,16.3,26.5,3.3
2020-03-01,30,Veracruz,17.5,23.7,30.0,8.1
2020-03-01,31,Yucatán,19.2,26.9,34.6,4.1
2020-03-01,32,Zacatecas,9.5,19.1,28.7,2.3
2020-04-01,0,Nacional,15.2,23.6,32.0,14.0
2020-04-01,1,Aguascalientes,10.0,20.5,31.1,4.6
2020-04-01,2,Baja California,11.6,18.1,24.6,11.8
2020-04-01,3,Baja California Sur,14.6,21.8,29.0,0.2
2020-04-01,4,Campeche,23.8,31.1,38.5,25.9
2020-04-01,5,Coahuila,16.2,23.9,31.5,7.3
2020-04-01,6,Colima,18.3,25.9,33.5,0.0
2020-04-01,7,Chiapas,20.8,27.8,34.9,32.4
2020-04-01,8,Chihuahua,9.9,19.4,28.9,3.3
2020-04-01,9,Ciudad de México,13.0,20.7,28.4,21.9
2020-04-01,10,Durango,9.9,19.4,30.5,1.0
2020-04-01,11,Guanajuato,13.3,22.8,32.3,6.7
2020-04-01,12,Guerrero,19.7,27.1,34.5,7.8
2020-04-01,13,Hidalgo,14.9,22.8,30.8,39.3
2020-04-01,14,Jalisco,13.5,23.2,32.8,1.4
2020-04-01,15,Estado de México,8.9,17.6,26.2,29.3
2020-04-01,16,Michoacán,13.5,23.2,32.8,5.1
2020-04-01,17,Morelos,17.1,26.0,34.9,8.7
2020-04-01,18,Nayarit,15.6,24.8,34.1,0.8
2020-04-01,19,Nuevo León,17.6,24.6,31.6,37.0
2020-04-01,20,Oaxaca,18.8,26.7,34.6,25.9
2020-04-01,21,Puebla,13.9,22.4,34.6,41.3
2020-04-01,22,Querétaro,15.5,24.1,32.7,17.2
2020-04-01,23,Quintana Roo,24.8,29.6,34.4,12.0
2020-04-01,24,San Luis Potosí,20.3,28.2,36.1,28.1
2020-04-01,25,Sinaloa,14.7,24.4,34.0,1.7
2020-04-01,26,Sonora,10.9,21.0,31.1,2.5
2020-04-01,27,Tabasco,24.7,30.8,36.9,36.3
2020-04-01,28,Tamaulipas,21.7,27.7,33.8,35.9
2020-04-01,29,Tlaxcala,9.3,18.0,26.7,34.9
2020-04-01,30,Veracruz,20.7,26.9,33.0,50.7
2020-04-01,31,Yucatán,23.0,30.9,38.8,23.4
2020-04-01,32,Zacatecas,9.8,20.3,30.8,2.7
2020-05-01,0,Nacional,17.0,25.2,33.3,53.9
2020-05-01,1,Aguascalientes,10.9,20.7,30.6,17.3
2020-05-01,2,Baja California,15.6,22.7,29.8,0.6
2020-05-01,3,Baja California Sur,16.5,23.9,31.4,0.0
2020-05-01,4,Campeche,23.6,30.2,36.7,207.1
2020-05-01,5,Coahuila,19.6,26.8,34.1,30.5
2020-05-01,6,Colima,19.3,26.3,33.2,2.1
2020-05-01,7,Chiapas,21.1,27.3,33.5,239.4
2020-05-01,8,Chihuahua,13.9,23.7,33.4,6.2
2020-05-01,9,Ciudad de México,12.4,19.9,27.3,32.8
2020-05-01,10,Durango,12.2,22.2,32.1,5.6
2020-05-01,11,Guanajuato,13.1,22.2,31.2,27.7
2020-05-01,12,Guerrero,19.7,27.0,34.2,11.9
2020-05-01,13,Hidalgo,14.5,22.1,29.7,46.0
2020-05-01,14,Jalisco,14.2,23.5,32.8,16.0
2020-05-01,15,Estado de México,8.4,16.8,25.2,26.6
2020-05-01,16,Michoacán,13.5,23.0,32.4,9.8
2020-05-01,17,Morelos,16.7,25.3,34.0,32.3
2020-05-01,18,Nayarit,17.9,26.6,35.3,9.3
2020-05-01,19,Nuevo León,18.9,26.0,33.1,80.5
2020-05-01,20,Oaxaca,18.4,25.8,33.2,63.5
2020-05-01,21,Puebla,13.3,21.4,29.5,68.5
2020-05-01,22,Querétaro,15.7,23.8,31.8,34.4
2020-05-01,23,Quintana Roo,24.8,29.3,33.8,248.4
2020-05-01,24,San Luis Potosí,20.6,27.6,34.6,47.1
2020-05-01,25,Sinaloa,18.3,27.3,36.3,2.3
2020-05-01,26,Sonora,15.5,25.8,36.1,7.3
2020-05-01,27,Tabasco,24.6,30.0,35.4,281.7
2020-05-01,28,Tamaulipas,22.3,28.2,34.0,120.0
2020-05-01,29,Tlaxcala,9.0,17.1,25.1,46.0
2020-05-01,30,Veracruz,20.2,25.9,31.6,135.6
2020-05-01,31,Yucatán,22.8,29.4,36.0,194.8
2020-05-01,32,Zacatecas,11.2,21.0,30.9,13.3
2020-06-01,0,Nacional,19.1,26.3,33.5,108.7
2020-06-01,1,Aguascalientes,13.9,22.1,30.2,72.6
2020-06-01,2,Baja California,17.1,24.1,31.4,0.0
2020-06-01,3,Baja California Sur,20.1,26.8,33.4,0.8
2020-06-01,4,Campeche,23.8,28.9,34.1,499.1
2020-06-01,5,Coahuila,21.0,27.9,34.8,23.8
2020-06-01,6,Colima,22.7,28.3,33.9,84.7
2020-06-01,7,Chiapas,20.7,25.8,30.9,409.1
2020-06-01,8,Chihuahua,17.6,26.4,35.3,19.5
2020-06-01,9,Ciudad de México,13.0,19.8,26.5,59.7
2020-06-01,10,Durango,14.7,23.7,32.7,31.1
2020-06-01,11,Guanajuato,14.4,22.1,29.7,104.5
2020-06-01,12,Guerrero,20.6,26.9,33.2,133.1
2020-06-01,13,Hidalgo,14.5,21.2,27.9,64.6
2020-06-01,14,Jalisco,17.4,24.9,32.4,81.7
2020-06-01,15,Estado de México,9.4,16.8,24.2,115.6
2020-06-01,16,Michoacán,14.9,22.9,30.9,92.5
2020-06-01,17,Morelos,17.7,24.8,32.0,248.6
2020-06-01,18,Nayarit,22.5,29.1,35.8,53.5
2020-06-01,19,Nuevo León,20.2,26.7,33.3,72.7
2020-06-01,20,Oaxaca,18.5,25.0,31.4,148.6
2020-06-01,21,Puebla,13.5,20.9,28.3,171.9
2020-06-01,22,Querétaro,15.7,22.9,30.1,66.4
2020-06-01,23,Quintana Roo,24.9,29.0,33.2,406.0
2020-06-01,24,San Luis Potosí,21.3,27.9,34.4,65.4
2020-06-01,25,Sinaloa,23.5,30.6,37.7,14.9
2020-06-01,26,Sonora,20.7,29.8,39.0,12.0
2020-06-01,27,Tabasco,24.3,28.7,33.1,385.7
2020-06-01,28,Tamaulipas,23.2,28.7,34.2,117.3
2020-06-01,29,Tlaxcala,9.7,16.9,24.1,64.0
2020-06-01,30,Veracruz,20.0,25.2,30.3,218.0
2020-06-01,31,Yucatán,23.2,28.4,33.7,551.9
2020-06-01,32,Zacatecas,14.6,22.6,30.6,56.7
2020-07-01,0,Nacional,20.1,26.7,33.4,120.9
2020-07-01,1,Aguascalientes,13.5,20.8,28.1,162.8
2020-07-01,2,Baja California,19.6,26.7,33.9,1.1
2020-07-01,3,Baja California Sur,22.8,28.7,34.6,6.6
2020-07-01,4,Campeche,23.7,29.3,35.0,137.2
2020-07-01,5,Coahuila,22.8,29.3,35.7,44.5
2020-07-01,6,Colima,23.6,28.8,34.1,354.8
2020-07-01,7,Chiapas,20.4,26.1,31.8,182.5
2020-07-01,8,Chihuahua,18.6,26.1,33.6,82.8
2020-07-01,9,Ciudad de México,13.1,19.6,26.1,103.8
2020-07-01,10,Durango,15.7,23.3,30.9,143.9
2020-07-01,11,Guanajuato,14.2,21.4,28.6,111.1
2020-07-01,12,Guerrero,20.3,26.3,32.2,179.4
2020-07-01,13,Hidalgo,14.8,21.7,28.6,60.9
2020-07-01,14,Jalisco,16.9,23.5,30.1,209.3
2020-07-01,15,Estado de México,9.8,16.6,23.3,184.2
2020-07-01,16,Michoacán,14.7,22.0,29.3,155.9
2020-07-01,17,Morelos,16.3,22.9,29.4,348.0
2020-07-01,18,Nayarit,23.3,28.8,34.3,303.0
2020-07-01,19,Nuevo León,21.4,28.3,35.1,171.4
2020-07-01,20,Oaxaca,18.3,24.8,31.3,169.1
2020-07-01,21,Puebla,13.3,20.7,28.0,172.2
2020-07-01,22,Querétaro,15.8,22.7,29.7,83.3
2020-07-01,23,Quintana Roo,24.9,29.6,34.3,105.3
2020-07-01,24,San Luis Potosí,21.7,28.4,35.1,96.2
2020-07-01,25,Sinaloa,24.5,30.7,36.9,221.8
2020-07-01,26,Sonora,24.7,31.9,39.0,93.5
2020-07-01,27,Tabasco,24.6,29.6,34.6,92.9
2020-07-01,28,Tamaulipas,24.3,30.2,36.1,128.5
2020-07-01,29,Tlaxcala,9.3,16.5,23.8,123.4
2020-07-01,30,Veracruz,20.4,26.0,31.7,107.5
2020-07-01,31,Yucatán,23.1,29.0,34.9,121.8
2020-07-01,32,Zacatecas,14.2,21.0,27.8,153.7
2020-08-01,0,Nacional,20.0,26.6,33.3,122.3
2020-08-01,1,Aguascalientes,13.1,20.0,26.9,77.3
2020-08-01,2,Baja California,21.7,28.5,35.4,0.5
2020-08-01,3,Baja California Sur,23.9,29.6,35.3,22.4
2020-08-01,4,Campeche,23.6,29.0,34.4,184.8
2020-08-01,5,Coahuila,21.6,28.5,35.5,6.0
2020-08-01,6,Colima,23.1,28.2,33.2,664.3
2020-08-01,7,Chiapas,20.7,26.0,31.3,345.9
2020-08-01,8,Chihuahua,18.1,26.6,35.1,32.4
2020-08-01,9,Ciudad de México,13.1,19.0,24.9,107.8
2020-08-01,10,Durango,14.8,23.0,31.2,49.9
2020-08-01,11,Guanajuato,14.3,20.7,27.2,109.9
2020-08-01,12,Guerrero,20.0,26.0,31.9,307.3
2020-08-01,13,Hidalgo,14.6,20.7,26.7,80.8
2020-08-01,14,Jalisco,16.8,23.1,29.5,254.4
2020-08-01,15,Estado de México,9.9,16.0,22.2,184.5
2020-08-01,16,Michoacán,14.7,21.5,28.3,201.0
2020-08-01,17,Morelos,16.4,22.6,28.8,337.7
2020-08-01,18,Nayarit,23.1,28.5,34.0,349.0
2020-08-01,19,Nuevo León,20.8,27.8,34.7,14.8
2020-08-01,20,Oaxaca,18.2,24.2,30.3,303.2
2020-08-01,21,Puebla,13.5,20.2,26.8,239.0
2020-08-01,22,Querétaro,15.8,21.9,28.0,58.6
2020-08-01,23,Quintana Roo,25.0,29.6,34.2,153.0
2020-08-01,24,San Luis Potosí,21.3,27.3,33.4,56.8
2020-08-01,25,Sinaloa,25.0,31.0,37.1,162.3
2020-08-01,26,Sonora,25.1,32.5,39.9,74.8
2020-08-01,27,Tabasco,24.2,28.8,33.5,303.1
2020-08-01,28,Tamaulipas,23.6,29.4,35.1,53.2
2020-08-01,29,Tlaxcala,9.8,16.3,22.8,106.1
2020-08-01,30,Veracruz,19.8,24.9,30.0,243.5
2020-08-01,31,Yucatán,23.3,29.0,34.7,144.9
2020-08-01,32,Zacatecas,13.8,20.8,27.7,51.1
2020-09-01,0,Nacional,18.5,24.9,31.4,128.2
2020-09-01,1,Aguascalientes,12.1,19.0,26.0,81.9
2020-09-01,2,Baja California,18.9,26.6,34.3,1.1
2020-09-01,3,Baja California Sur,23.5,29.4,35.3,17.8
2020-09-01,4,Campeche,23.6,28.8,34.0,234.2
2020-09-01,5,Coahuila,18.1,24.2,30.4,63.8
2020-09-01,6,Colima,23.2,28.1,33.1,339.2
2020-09-01,7,Chiapas,20.6,25.7,30.8,373.1
2020-09-01,8,Chihuahua,14.8,22.6,30.4,49.1
2020-09-01,9,Ciudad de México,13.1,18.5,23.9,97.0
2020-09-01,10,Durango,13.3,20.4,27.5,115.1
2020-09-01,11,Guanajuato,13.2,19.9,26.6,69.9
2020-09-01,12,Guerrero,19.8,25.5,31.1,226.4
2020-09-01,13,Hidalgo,14.2,20.1,26.0,111.0
2020-09-01,14,Jalisco,16.3,22.7,29.0,167.4
2020-09-01,15,Estado de México,9.5,15.6,21.7,150.6
2020-09-01,16,Michoacán,14.2,21.0,27.9,167.6
2020-09-01,17,Morelos,16.4,22.0,27.5,452.7
2020-09-01,18,Nayarit,23.1,28.2,33.3,251.2
2020-09-01,19,Nuevo León,18.6,24.7,30.9,102.8
2020-09-01,20,Oaxaca,18.4,24.3,30.1,238.2
2020-09-01,21,Puebla,13.4,19.6,25.8,285.1
2020-09-01,22,Querétaro,14.8,21.0,27.1,70.3
2020-09-01,23,Quintana Roo,24.9,29.7,34.5,172.3
2020-09-01,24,San Luis Potosí,20.0,25.9,31.8,81.3
2020-09-01,25,Sinaloa,24.2,30.0,35.9,150.6
2020-09-01,26,Sonora,22.2,30.4,38.5,17.8
2020-09-01,27,Tabasco,24.0,28.3,32.6,461.3
2020-09-01,28,Tamaulipas,21.9,27.4,32.8,105.9
2020-09-01,29,Tlaxcala,9.9,15.9,21.8,114.9
2020-09-01,30,Veracruz,19.8,24.6,29.5,282.2
2020-09-01,31,Yucatán,23.1,28.9,34.7,166.5
2020-09-01,32,Zacatecas,12.7,19.5,26.4,68.5
2020-10-01,0,Nacional,15.1,23.1,31.1,55.5
2020-10-01,1,Aguascalientes,7.8,17.6,27.4,4.5
2020-10-01,2,Baja California,15.4,23.0,30.6,0.5
2020-10-01,3,Baja California Sur,20.9,27.0,33.1,3.6
2020-10-01,4,Campeche,22.9,27.6,32.2,293.1
2020-10-01,5,Coahuila,13.9,22.5,31.2,0.4
2020-10-01,6,Colima,23.0,28.7,34.3,27.0
2020-10-01,7,Chiapas,20.1,25.1,30.2,251.8
2020-10-01,8,Chihuahua,9.4,20.0,30.7,0.1
2020-10-01,9,Ciudad de México,9.3,16.9,24.5,20.1
2020-10-01,10,Durango,8.4,18.4,28.5,1.9
2020-10-01,11,Guanajuato,9.6,18.8,28.0,4.7
2020-10-01,12,Guerrero,18.9,25.4,32.0,43.2
2020-10-01,13,Hidalgo,10.5,18.1,25.8,21.4
2020-10-01,14,Jalisco,14.0,22.2,30.4,24.5
2020-10-01,15,Estado de México,5.4,14.0,22.6,29.2
2020-10-01,16,Michoacán,11.5,20.2,28.9,20.2
2020-10-01,17,Morelos,13.3,21.0,28.7,46.9
2020-10-01,18,Nayarit,22.5,28.7,34.8,30.3
2020-10-01,19,Nuevo León,13.7,22.5,31.3,2.7
2020-10-01,20,Oaxaca,16.4,23.2,30.0,66.0
2020-10-01,21,Puebla,10.3,18.3,26.4,40.5
2020-10-01,22,Querétaro,10.9,19.3,27.7,13.4
2020-10-01,23,Quintana Roo,24.2,28.4,32.6,354.9
2020-10-01,24,San Luis Potosí,16.5,24.2,31.8,9.6
2020-10-01,25,Sinaloa,22.3,29.5,36.6,6.4
2020-10-01,26,Sonora,16.7,26.3,36.0,0.2
2020-10-01,27,Tabasco,23.2,27.3,31.4,550.4
2020-10-01,28,Tamaulipas,18.5,25.4,32.2,17.6
2020-10-01,29,Tlaxcala,5.8,14.5,23.2,31.5
2020-10-01,30,Veracruz,17.3,23.1,28.8,123.1
2020-10-01,31,Yucatán,22.4,27.2,32.0,402.7
2020-10-01,32,Zacatecas,7.6,18.0,28.3,3.7
2020-11-01,0,Nacional,12.4,20.4,28.5,36.6
2020-11-01,1,Aguascalientes,5.8,15.8,25.9,0.0
2020-11-01,2,Baja California,9.3,16.4,23.5,3.9
2020-11-01,3,Baja California Sur,16.2,22.8,29.3,1.0
2020-11-01,4,Campeche,21.6,26.3,31.0,99.1
2020-11-01,5,Coahuila,11.6,19.4,27.2,2.8
2020-11-01,6,Colima,21.2,27.8,34.4,0.0
2020-11-01,7,Chiapas,19.7,24.8,30.0,199.1
2020-11-01,8,Chihuahua,5.8,16.3,26.7,1.5
2020-11-01,9,Ciudad de México,8.5,16.1,23.7,1.5
2020-11-01,10,Durango,5.4,15.9,26.5,0.3
2020-11-01,11,Guanajuato,8.4,17.5,26.6,1.2
2020-11-01,12,Guerrero,18.1,25.1,32.2,4.5
2020-11-01,13,Hidalgo,8.8,16.3,23.7,22.0
2020-11-01,14,Jalisco,11.6,20.6,29.6,0.1
2020-11-01,15,Estado de México,4.4,13.2,22.0,3.5
2020-11-01,16,Michoacán,10.3,19.4,28.5,2.9
2020-11-01,17,Morelos,12.4,20.9,29.3,6.5
2020-11-01,18,Nayarit,18.2,26.4,34.5,0.0
2020-11-01,19,Nuevo León,12.8,20.2,27.7,3.8
2020-11-01,20,Oaxaca,15.6,22.4,29.3,51.7
2020-11-01,21,Puebla,9.4,17.4,25.4,29.6
2020-11-01,22,Querétaro,10.3,18.0,25.7,6.6
2020-11-01,23,Quintana Roo,22.9,27.0,31.1,254.9
2020-11-01,24,San Luis Potosí,15.6,22.3,29.1,15.6
2020-11-01,25,Sinaloa,16.5,25.4,34.2,1.9
2020-11-01,26,Sonora,10.4,20.5,30.7,1.8
2020-11-01,27,Tabasco,22.1,25.9,29.7,501.3
2020-11-01,28,Tamaulipas,17.1,23.2,29.3,10.4
2020-11-01,29,Tlaxcala,4.7,13.4,22.2,3.8
2020-11-01,30,Veracruz,16.0,21.4,26.8,189.6
2020-11-01,31,Yucatán,21.1,25.6,30.1,103.3
2020-11-01,32,Zacatecas,5.9,16.3,26.8,0.0
2020-12-01,0,Nacional,8.2,16.3,24.5,17.0
2020-12-01,1,Aguascalientes,4.0,13.5,22.9,8.9
2020-12-01,2,Baja California,7.2,13.8,20.4,6.9
2020-12-01,3,Baja California Sur,11.3,18.2,25.1,3.1
2020-12-01,4,Campeche,18.6,23.9,29.1,50.3
2020-12-01,5,Coahuila,4.6,13.3,22.0,12.4
2020-12-01,6,Colima,18.7,25.5,32.3,0.7
2020-12-01,7,Chiapas,16.5,22.4,28.4,38.3
2020-12-01,8,Chihuahua,-0.3,9.6,19.5,12.4
2020-12-01,9,Ciudad de México,7.9,15.5,23.2,0.5
2020-12-01,10,Durango,1.1,11.5,21.9,3.6
2020-12-01,11,Guanajuato,7.1,15.9,24.7,1.7
2020-12-01,12,Guerrero,17.2,24.2,31.2,2.7
2020-12-01,13,Hidalgo,7.3,15.1,23.0,4.4
2020-12-01,14,Jalisco,9.2,17.9,26.5,12.9
2020-12-01,15,Estado de México,4.7,12.8,20.9,3.3
2020-12-01,16,Michoacán,9.0,17.8,26.6,2.4
2020-12-01,17,Morelos,11.7,20.0,28.3,0.0
2020-12-01,18,Nayarit,14.4,21.8,29.1,21.4
2020-12-01,19,Nuevo León,5.7,14.3,22.9,8.0
2020-12-01,20,Oaxaca,13.1,20.3,27.5,10.1
2020-12-01,21,Puebla,7.5,15.7,23.8,7.9
2020-12-01,22,Querétaro,7.5,15.3,23.1,1.3
2020-12-01,23,Quintana Roo,19.8,24.5,29.3,70.3
2020-12-01,24,San Luis Potosí,10.3,17.6,24.9,2.8
2020-12-01,25,Sinaloa,11.4,20.4,29.3,12.3
2020-12-01,26,Sonora,5.0,14.6,24.3,16.4
2020-12-01,27,Tabasco,19.4,23.6,27.9,173.3
2020-12-01,28,Tamaulipas,10.7,17.9,25.2,6.5
2020-12-01,29,Tlaxcala,4.0,12.5,21.0,0.6
2020-12-01,30,Veracruz,13.0,18.5,24.0,48.6
2020-12-01,31,Yucatán,17.6,23.2,28.8,51.6
2020-12-01,32,Zacatecas,3.5,13.4,23.3,7.2
2021-01-01,0,Nacional,8.2,16.4,24.6,23.7
2021-01-01,1,Aguascalientes,2.7,12.9,23.0,6.2
2021-01-01,2,Baja California,7.2,13.6,20.0,26.8
2021-01-01,3,Baja California Sur,10.2,17.3,24.4,12.2
2021-01-01,4,Campeche,18.9,24.1,29.3,52.8
2021-01-01,5,Coahuila,5.3,13.5,21.6,3.5
2021-01-01,6,Colima,17.6,24.8,31.9,0.7
2021-01-01,7,Chiapas,17.5,23.9,30.2,52.1
2021-01-01,8,Chihuahua,0.1,9.9,19.7,20.6
2021-01-01,9,Ciudad de México,7.3,15.3,23.2,4.7
2021-01-01,10,Durango,1.4,11.8,22.2,3.2
2021-01-01,11,Guanajuato,5.9,15.5,25.1,4.8
2021-01-01,12,Guerrero,16.9,24.0,31.0,2.9
2021-01-01,13,Hidalgo,7.4,15.4,23.4,12.6
2021-01-01,14,Jalisco,7.9,17.5,27.1,1.1
2021-01-01,15,Estado de México,3.4,12.4,21.4,4.1
2021-01-01,16,Michoacán,8.1,17.5,26.9,0.2
2021-01-01,17,Morelos,11.0,19.7,28.4,13.4
2021-01-01,18,Nayarit,12.4,20.7,28.9,0.3
2021-01-01,19,Nuevo León,6.2,14.9,23.5,10.0
2021-01-01,20,Oaxaca,13.4,20.8,28.1,26.0
2021-01-01,21,Puebla,7.9,16.0,24.0,33.0
2021-01-01,22,Querétaro,8.4,16.5,24.5,3.8
2021-01-01,23,Quintana Roo,20.2,24.6,29.1,79.2
2021-01-01,24,San Luis Potosí,11.7,18.6,25.5,9.4
2021-01-01,25,Sinaloa,9.7,19.2,28.6,14.9
2021-01-01,26,Sonora,4.8,14.2,23.6,42.2
2021-01-01,27,Tabasco,20.0,24.2,28.4,150.0
2021-01-01,28,Tamaulipas,11.8,18.4,25.0,17.3
2021-01-01,29,Tlaxcala,3.8,12.6,21.3,11.9
2021-01-01,30,Veracruz,13.8,19.0,24.2,85.0
2021-01-01,31,Yucatán,17.7,23.3,28.9,45.9
2021-01-01,32,Zacatecas,2.4,13.0,23.6,1.5
2021-02-01,0,Nacional,9.3,18.0,26.7,7.9
2021-02-01,1,Aguascalientes,4.0,14.9,25.8,0.0
2021-02-01,2,Baja California,7.9,14.4,20.8,1.3
2021-02-01,3,Baja California Sur,10.8,18.2,25.6,0.2
2021-02-01,4,Campeche,19.1,25.2,31.3,21.1
2021-02-01,5,Coahuila,6.5,15.5,24.4,4.6
2021-02-01,6,Colima,17.0,24.2,31.3,0.0
2021-02-01,7,Chiapas,16.6,24.0,31.4,17.0
2021-02-01,8,Chihuahua,3.5,13.4,23.3,9.3
2021-02-01,9,Ciudad de México,7.1,16.3,25.4,0.9
2021-02-01,10,Durango,4.2,15.0,25.8,0.1
2021-02-01,11,Guanajuato,6.4,17.0,27.5,0.2
2021-02-01,12,Guerrero,16.6,24.0,31.4,0.2
2021-02-01,13,Hidalgo,7.7,16.9,26.2,4.6
2021-02-01,14,Jalisco,9.4,19.3,29.2,0.3
2021-02-01,15,Estado de México,3.1,13.2,23.3,0.5
2021-02-01,16,Michoacán,7.9,18.1,28.3,0.0
2021-02-01,17,Morelos,10.9,20.7,30.6,0.1
2021-02-01,18,Nayarit,13.9,22.4,30.9,0.2
2021-02-01,19,Nuevo León,7.3,16.3,25.3,6.4
2021-02-01,20,Oaxaca,13.4,21.9,30.3,8.8
2021-02-01,21,Puebla,7.7,16.8,25.9,7.2
2021-02-01,22,Querétaro,8.1,17.7,27.2,1.2
2021-02-01,23,Quintana Roo,20.4,25.5,30.5,39.5
2021-02-01,24,San Luis Potosí,11.5,19.7,27.9,3.0
2021-02-01,25,Sinaloa,11.1,20.5,29.9,0.6
2021-02-01,26,Sonora,6.1,16.0,25.8,1.5
2021-02-01,27,Tabasco,19.7,25.0,30.3,42.9
2021-02-01,28,Tamaulipas,11.4,18.3,25.2,13.3
2021-02-01,29,Tlaxcala,3.2,13.0,22.9,0.6
2021-02-01,30,Veracruz,14.0,19.9,25.8,25.4
2021-02-01,31,Yucatán,17.8,24.7,31.5,55.1
2021-02-01,32,Zacatecas,4.4,15.5,26.5,0.0
2021-03-01,0,Nacional,11.4,20.3,29.2,8.4
2021-03-01,1,Aguascalientes,7.0,17.9,28.9,0.0
2021-03-01,2,Baja California,7.5,14.1,20.8,14.1
2021-03-01,3,Baja California Sur,11.4,19.0,26.6,0.1
2021-03-01,4,Campeche,21.0,27.4,33.9,30.4
2021-03-01,5,Coahuila,11.2,19.8,28.4,0.2
2021-03-01,6,Colima,17.3,24.9,32.5,0.0
2021-03-01,7,Chiapas,18.4,25.4,32.4,48.7
2021-03-01,8,Chihuahua,5.1,15.4,25.7,0.7
2021-03-01,9,Ciudad de México,10.0,18.9,27.8,2.6
2021-03-01,10,Durango,6.1,17.2,28.3,0.0
2021-03-01,11,Guanajuato,9.7,20.1,30.5,0.2
2021-03-01,12,Guerrero,18.8,26.1,33.4,1.3
2021-03-01,13,Hidalgo,10.4,19.5,28.7,10.0
2021-03-01,14,Jalisco,10.6,21.2,31.8,0.0
2021-03-01,15,Estado de México,6.3,16.2,26.0,9.9
2021-03-01,16,Michoacán,10.9,21.0,31.1,0.9
2021-03-01,17,Morelos,14.2,23.7,33.2,13.8
2021-03-01,18,Nayarit,12.8,22.8,32.8,0.0
2021-03-01,19,Nuevo León,12.5,20.8,29.1,5.5
2021-03-01,20,Oaxaca,15.4,23.7,32.0,5.0
2021-03-01,21,Puebla,10.0,19.3,28.6,14.1
2021-03-01,22,Querétaro,11.4,20.7,30.1,1.6
2021-03-01,23,Quintana Roo,21.8,26.5,31.3,54.3
2021-03-01,24,San Luis Potosí,15.3,23.6,31.9,2.9
2021-03-01,25,Sinaloa,10.7,21.4,32.1,0.0
2021-03-01,26,Sonora,6.9,17.1,27.3,2.9
2021-03-01,27,Tabasco,21.8,27.3,32.8,66.7
2021-03-01,28,Tamaulipas,16.2,23.0,29.8,10.5
2021-03-01,29,Tlaxcala,5.7,16.2,26.6,2.0
2021-03-01,30,Veracruz,16.2,23.0,28.8,22.7
2021-03-01,31,Yucatán,19.7,26.6,33.4,23.0
2021-03-01,32,Zacatecas,6.9,18.2,29.4,0.0
2021-04-01,0,Nacional,14.4,23.0,31.6,11.0
2021-04-01,1,Aguascalientes,9.0,19.4,29.8,1.9
2021-04-01,2,Baja California,10.9,18.0,25.2,1.4
2021-04-01,3,Baja California Sur,14.1,21.9,29.7,0.0
2021-04-01,4,Campeche,22.8,29.6,36.5,21.6
2021-04-01,5,Coahuila,15.0,23.0,30.9,10.9
2021-04-01,6,Colima,18.3,25.5,32.7,0.0
2021-04-01,7,Chiapas,20.1,27.0,33.9,31.3
2021-04-01,8,Chihuahua,9.6,19.3,29.0,3.0
2021-04-01,9,Ciudad de México,10.9,19.6,28.3,12.5
2021-04-01,10,Durango,9.2,19.7,30.2,2.4
2021-04-01,11,Guanajuato,11.8,21.6,31.4,3.8
2021-04-01,12,Guerrero,19.2,26.9,34.6,0.9
2021-04-01,13,Hidalgo,12.1,20.8,29.5,27.1
2021-04-01,14,Jalisco,12.8,22.8,32.9,0.8
2021-04-01,15,Estado de México,7.6,16.9,26.3,18.3
2021-04-01,16,Michoacán,11.8,21.8,31.8,2.4
2021-04-01,17,Morelos,15.3,24.8,34.3,3.3
2021-04-01,18,Nayarit,16.5,25.4,34.3,0.5
2021-04-01,19,Nuevo León,16.1,24.1,32.0,22.6
2021-04-01,20,Oaxaca,17.2,25.3,33.4,16.9
2021-04-01,21,Puebla,12.2,20.9,29.6,31.5
2021-04-01,22,Querétaro,14.0,23.0,31.9,10.5
2021-04-01,23,Quintana Roo,23.6,28.5,33.4,51.9
2021-04-01,24,San Luis Potosí,18.2,26.5,34.7,13.5
2021-04-01,25,Sinaloa,14.6,24.6,34.6,0.8
2021-04-01,26,Sonora,11.8,21.9,32.1,0.3
2021-04-01,27,Tabasco,23.9,29.5,35.2,28.0
2021-04-01,28,Tamaulipas,19.8,26.3,32.7,16.5
2021-04-01,29,Tlaxcala,7.0,16.8,26.5,18.8
2021-04-01,30,Veracruz,18.6,24.9,31.2,32.1
2021-04-01,31,Yucatán,21.8,29.1,36.4,47.6
2021-04-01,32,Zacatecas,9.2,19.9,30.6,2.0
2021-05-01,0,Nacional,16.8,24.8,32.8,51.3
2021-05-01,1,Aguascalientes,11.2,20.5,29.8,22.7
2021-05-01,2,Baja California,13.2,20.5,27.8,0.0
2021-05-01,3,Baja California Sur,16.5,23.8,31.1,0.0
2021-05-01,4,Campeche,23.5,29.8,36.2,137.5
2021-05-01,5,Coahuila,18.9,26.2,33.5,37.3
2021-05-01,6,Colima,20.3,27.2,34.1,2.5
2021-05-01,7,Chiapas,20.7,26.7,32.7,230.2
2021-05-01,8,Chihuahua,13.1,22.8,32.5,6.8
2021-05-01,9,Ciudad de México,12.3,19.7,27.1,73.3
2021-05-01,10,Durango,12.2,22.0,31.8,7.3
2021-05-01,11,Guanajuato,13.6,22.1,30.5,62.0
2021-05-01,12,Guerrero,20.4,27.5,34.5,64.6
2021-05-01,13,Hidalgo,14.1,21.7,29.3,53.1
2021-05-01,14,Jalisco,15.0,23.9,32.9,17.1
2021-05-01,15,Estado de México,9.2,17.1,25.0,78.7
2021-05-01,16,Michoacán,13.6,22.3,31.1,26.5
2021-05-01,17,Morelos,16.7,24.5,32.2,148.4
2021-05-01,18,Nayarit,19.0,27.1,35.2,1.4
2021-05-01,19,Nuevo León,18.7,26.0,33.2,79.2
2021-05-01,20,Oaxaca,18.5,25.6,32.6,122.8
2021-05-01,21,Puebla,13.1,20.7,28.3,147.5
2021-05-01,22,Querétaro,15.5,23.0,30.6,62.9
2021-05-01,23,Quintana Roo,24.8,29.3,33.7,70.4
2021-05-01,24,San Luis Potosí,19.9,27.1,34.4,55.0
2021-05-01,25,Sinaloa,18.6,27.6,36.6,3.2
2021-05-01,26,Sonora,14.6,24.9,35.1,0.1
2021-05-01,27,Tabasco,24.0,29.4,34.8,168.9
2021-05-01,28,Tamaulipas,22.3,28.2,34.2,99.9
2021-05-01,29,Tlaxcala,8.9,16.9,24.8,77.4
2021-05-01,30,Veracruz,20.0,25.8,31.7,103.5
2021-05-01,31,Yucatán,23.1,29.5,35.9,118.8
2021-05-01,32,Zacatecas,11.9,21.6,31.2,17.0
2021-06-01,0,Nacional,19.2,26.0,32.8,137.5
2021-06-01,1,Aguascalientes,13.1,19.8,26.6,124.1
2021-06-01,2,Baja California,17.6,24.4,31.3,0.2
2021-06-01,3,Baja California Sur,20.3,26.9,33.4,9.4
2021-06-01,4,Campeche,23.6,29.2,34.8,196.8
2021-06-01,5,Coahuila,21.2,28.1,35.0,34.1
2021-06-01,6,Colima,23.0,28.2,33.3,691.7
2021-06-01,7,Chiapas,20.6,26.0,31.5,319.2
2021-06-01,8,Chihuahua,17.9,26.5,35.1,61.6
2021-06-01,9,Ciudad de México,12.8,18.5,24.2,153.1
2021-06-01,10,Durango,14.9,23.2,31.6,70.2
2021-06-01,11,Guanajuato,14.1,20.5,26.9,137.3
2021-06-01,12,Guerrero,19.5,25.4,31.3,323.5
2021-06-01,13,Hidalgo,14.4,20.2,26.1,131.2
2021-06-01,14,Jalisco,17.2,23.6,29.9,234.3
2021-06-01,15,Estado de México,10.0,16.1,22.2,190.3
2021-06-01,16,Michoacán,14.9,21.5,28.2,225.0
2021-06-01,17,Morelos,16.9,22.6,28.3,413.1
2021-06-01,18,Nayarit,22.2,28.1,34.1,235.5
2021-06-01,19,Nuevo León,20.0,26.9,33.9,90.1
2021-06-01,20,Oaxaca,18.4,24.0,29.6,318.9
2021-06-01,21,Puebla,13.7,19.5,25.3,243.7
2021-06-01,22,Querétaro,15.9,21.8,27.7,125.2
2021-06-01,23,Quintana Roo,25.1,29.0,32.9,242.3
2021-06-01,24,San Luis Potosí,20.1,26.2,32.2,116.4
2021-06-01,25,Sinaloa,23.8,30.6,37.4,107.3
2021-06-01,26,Sonora,21.6,30.4,39.2,34.0
2021-06-01,27,Tabasco,24.1,28.8,33.6,249.7
2021-06-01,28,Tamaulipas,23.3,28.7,34.1,116.5
2021-06-01,29,Tlaxcala,10.0,16.0,21.9,130.7
2021-06-01,30,Veracruz,20.2,25.1,30.0,276.7
2021-06-01,31,Yucatán,23.3,28.6,33.9,230.9
2021-06-01,32,Zacatecas,14.1,21.2,28.3,98.0
2021-07-01,0,Nacional,19.7,25.7,31.8,128.8
2021-07-01,1,Aguascalientes,12.9,18.9,25.0,176.6
2021-07-01,2,Baja California,21.6,27.4,33.2,3.0
2021-07-01,3,Baja California Sur,22.6,28.2,33.8,10.8
2021-07-01,4,Campeche,23.4,29.0,34.6,143.6
2021-07-01,5,Coahuila,21.4,27.5,33.7,55.7
2021-07-01,6,Colima,23.4,28.6,33.8,249.6
2021-07-01,7,Chiapas,20.5,26.2,31.9,162.7
2021-07-01,8,Chihuahua,17.8,24.5,31.3,114.2
2021-07-01,9,Ciudad de México,12.6,18.9,25.3,92.1
2021-07-01,10,Durango,15.0,21.7,28.3,131.2
2021-07-01,11,Guanajuato,13.9,20.2,26.5,148.6
2021-07-01,12,Guerrero,20.1,26.1,32.2,153.8
2021-07-01,13,Hidalgo,13.8,19.9,26.1,62.0
2021-07-01,14,Jalisco,17.2,23.1,29.0,256.4
2021-07-01,15,Estado de México,9.3,15.8,22.3,164.1
2021-07-01,16,Michoacán,14.7,21.4,28.0,170.7
2021-07-01,17,Morelos,16.0,22.4,28.9,228.7
2021-07-01,18,Nayarit,22.5,27.9,33.4,328.5
2021-07-01,19,Nuevo León,20.2,26.4,32.5,99.9
2021-07-01,20,Oaxaca,18.4,24.6,30.7,132.1
2021-07-01,21,Puebla,12.7,19.4,26.2,135.7
2021-07-01,22,Querétaro,15.6,21.5,27.5,84.4
2021-07-01,23,Quintana Roo,25.1,29.4,33.7,113.5
2021-07-01,24,San Luis Potosí,20.0,25.9,31.8,123.4
2021-07-01,25,Sinaloa,24.2,30.2,36.3,184.0
2021-07-01,26,Sonora,24.4,30.7,37.1,142.5
2021-07-01,27,Tabasco,24.1,29.2,34.2,112.4
2021-07-01,28,Tamaulipas,23.3,28.6,33.9,168.8
2021-07-01,29,Tlaxcala,8.6,15.8,23.1,96.2
2021-07-01,30,Veracruz,19.8,24.9,30.0,140.9
2021-07-01,31,Yucatán,23.3,28.9,34.4,118.2
2021-07-01,32,Zacatecas,14.1,20.0,26.0,148.3
2021-08-01,0,Nacional,19.6,25.8,32.0,157.0
2021-08-01,1,Aguascalientes,12.4,19.2,26.0,117.5
2021-08-01,2,Baja California,20.8,27.0,33.1,7.5
2021-08-01,3,Baja California Sur,23.8,29.1,34.4,53.5
2021-08-01,4,Campeche,23.2,28.8,34.4,147.7
2021-08-01,5,Coahuila,21.5,27.8,34.0,43.0
2021-08-01,6,Colima,23.0,28.1,33.1,705.1
2021-08-01,7,Chiapas,20.4,26.0,31.5,299.0
2021-08-01,8,Chihuahua,17.7,24.5,31.2,105.4
2021-08-01,9,Ciudad de México,13.0,19.1,25.2,126.7
2021-08-01,10,Durango,15.0,21.8,28.5,121.5
2021-08-01,11,Guanajuato,13.6,20.3,26.9,170.3
2021-08-01,12,Guerrero,19.8,25.5,31.2,345.8
2021-08-01,13,Hidalgo,13.9,20.0,26.1,135.7
2021-08-01,14,Jalisco,17.1,23.1,29.0,271.0
2021-08-01,15,Estado de México,9.5,15.8,22.1,179.8
2021-08-01,16,Michoacán,14.8,21.2,27.7,245.6
2021-08-01,17,Morelos,16.3,22.4,28.5,404.9
2021-08-01,18,Nayarit,22.5,27.9,33.3,408.4
2021-08-01,19,Nuevo León,20.5,27.5,34.5,43.2
2021-08-01,20,Oaxaca,18.4,24.3,30.3,231.1
2021-08-01,21,Puebla,12.6,19.3,26.1,231.7
2021-08-01,22,Querétaro,15.1,21.5,28.0,131.3
2021-08-01,23,Quintana Roo,24.9,29.3,33.7,172.5
2021-08-01,24,San Luis Potosí,19.8,26.2,32.6,103.4
2021-08-01,25,Sinaloa,24.3,30.1,35.9,391.7
2021-08-01,26,Sonora,24.0,30.6,37.3,142.6
2021-08-01,27,Tabasco,23.9,28.9,34.0,148.4
2021-08-01,28,Tamaulipas,23.8,29.7,35.7,52.5
2021-08-01,29,Tlaxcala,9.1,15.9,22.6,130.6
2021-08-01,30,Veracruz,19.6,24.7,29.8,236.9
2021-08-01,31,Yucatán,23.2,28.6,34.1,178.5
2021-08-01,32,Zacatecas,13.5,20.2,26.9,108.5
2021-09-01,0,Nacional,18.7,25.0,31.2,133.0
2021-09-01,1,Aguascalientes,12.4,18.7,24.9,185.5
2021-09-01,2,Baja California,20.1,26.4,32.7,3.8
2021-09-01,3,Baja California Sur,22.3,27.7,33.2,53.7
2021-09-01,4,Campeche,23.2,28.7,34.2,230.4
2021-09-01,5,Coahuila,19.5,26.6,33.7,24.1
2021-09-01,6,Colima,22.8,27.7,32.7,443.7
2021-09-01,7,Chiapas,20.0,25.4,30.8,320.1
2021-09-01,8,Chihuahua,15.3,23.0,30.8,46.1
2021-09-01,9,Ciudad de México,12.8,18.5,24.3,120.4
2021-09-01,10,Durango,13.9,21.0,28.1,68.9
2021-09-01,11,Guanajuato,13.7,19.7,25.7,201.8
2021-09-01,12,Guerrero,19.6,25.3,31.1,240.5
2021-09-01,13,Hidalgo,14.3,19.8,25.3,119.1
2021-09-01,14,Jalisco,16.9,22.6,28.3,235.6
2021-09-01,15,Estado de México,9.6,15.5,21.5,213.6
2021-09-01,16,Michoacán,14.7,21.1,27.5,182.5
2021-09-01,17,Morelos,16.4,22.2,27.9,467.6
2021-09-01,18,Nayarit,22.4,27.3,32.3,322.6
2021-09-01,19,Nuevo León,19.5,26.4,33.4,42.1
2021-09-01,20,Oaxaca,18.1,23.9,29.6,249.7
2021-09-01,21,Puebla,13.0,19.1,25.3,265.0
2021-09-01,22,Querétaro,15.4,21.2,27.0,158.6
2021-09-01,23,Quintana Roo,24.9,29.1,33.3,210.7
2021-09-01,24,San Luis Potosí,19.5,25.3,31.1,114.0
2021-09-01,25,Sinaloa,23.9,29.4,34.9,141.9
2021-09-01,26,Sonora,22.1,29.0,35.8,75.7
2021-09-01,27,Tabasco,23.9,28.6,33.3,320.7
2021-09-01,28,Tamaulipas,22.8,28.5,34.2,97.4
2021-09-01,29,Tlaxcala,9.6,15.8,22.0,165.2
2021-09-01,30,Veracruz,19.7,24.7,29.7,218.3
2021-09-01,31,Yucatán,23.0,28.4,33.7,181.4
2021-09-01,32,Zacatecas,13.2,19.5,25.9,117.4
2021-10-01,0,Nacional,16.0,23.1,30.2,67.4
2021-10-01,1,Aguascalientes,10.0,17.7,25.4,36.6
2021-10-01,2,Baja California,13.9,20.6,27.4,3.0
2021-10-01,3,Baja California Sur,19.5,25.4,31.4,6.6
2021-10-01,4,Campeche,23.2,28.3,33.4,138.7
2021-10-01,5,Coahuila,16.3,23.6,31.0,12.0
2021-10-01,6,Colima,23.2,28.4,33.7,187.0
2021-10-01,7,Chiapas,19.8,25.4,30.9,227.8
2021-10-01,8,Chihuahua,10.8,20.0,29.1,7.7
2021-10-01,9,Ciudad de México,12.5,18.2,23.9,49.7
2021-10-01,10,Durango,11.0,19.2,27.5,52.6
2021-10-01,11,Guanajuato,12.1,19.3,26.5,47.0
2021-10-01,12,Guerrero,19.5,25.5,31.5,142.1
2021-10-01,13,Hidalgo,13.5,19.7,26.0,52.0
2021-10-01,14,Jalisco,15.7,22.3,28.9,87.6
2021-10-01,15,Estado de México,8.5,15.4,22.4,68.5
2021-10-01,16,Michoacán,14.0,21.0,28.0,117.4
2021-10-01,17,Morelos,15.6,22.3,29.0,95.4
2021-10-01,18,Nayarit,22.3,27.8,33.2,95.0
2021-10-01,19,Nuevo León,16.6,23.7,30.9,46.1
2021-10-01,20,Oaxaca,17.7,23.9,30.1,94.6
2021-10-01,21,Puebla,11.9,18.9,25.9,101.2
2021-10-01,22,Querétaro,13.7,20.4,27.1,58.9
2021-10-01,23,Quintana Roo,24.3,28.5,32.8,112.7
2021-10-01,24,San Luis Potosí,17.7,24.1,30.5,58.5
2021-10-01,25,Sinaloa,21.7,28.4,35.0,71.3
2021-10-01,26,Sonora,14.6,24.0,33.4,1.3
2021-10-01,27,Tabasco,23.7,28.2,32.7,326.0
2021-10-01,28,Tamaulipas,20.3,26.1,32.0,81.5
2021-10-01,29,Tlaxcala,8.3,15.6,22.9,69.1
2021-10-01,30,Veracruz,18.9,24.0,29.2,225.4
2021-10-01,31,Yucatán,22.2,27.8,33.4,74.1
2021-10-01,32,Zacatecas,10.5,18.5,26.5,35.5
2021-11-01,0,Nacional,12.0,19.8,27.6,23.2
2021-11-01,1,Aguascalientes,5.5,14.9,24.3,0.2
2021-11-01,2,Baja California,12.3,19.1,25.8,0.7
2021-11-01,3,Baja California Sur,16.4,23.0,29.6,3.3
2021-11-01,4,Campeche,19.4,25.0,30.5,52.4
2021-11-01,5,Coahuila,10.7,18.3,25.8,16.2
2021-11-01,6,Colima,20.8,27.2,33.6,0.2
2021-11-01,7,Chiapas,17.1,22.9,28.7,57.5
2021-11-01,8,Chihuahua,5.8,15.5,25.3,11.2
2021-11-01,9,Ciudad de México,9.3,15.8,22.3,1.3
2021-11-01,10,Durango,6.5,15.9,25.3,3.6
2021-11-01,11,Guanajuato,7.6,16.4,25.2,1.8
2021-11-01,12,Guerrero,18.1,24.8,31.4,2.5
2021-11-01,13,Hidalgo,8.9,16.0,23.2,21.4
2021-11-01,14,Jalisco,11.4,19.8,28.2,1.4
2021-11-01,15,Estado de México,4.7,12.9,21.0,4.5
2021-11-01,16,Michoacán,10.1,18.5,26.8,1.8
2021-11-01,17,Morelos,11.7,20.0,28.2,6.3
2021-11-01,18,Nayarit,18.4,25.7,32.9,0.9
2021-11-01,19,Nuevo León,11.6,18.6,25.6,40.4
2021-11-01,20,Oaxaca,14.8,21.8,28.8,25.0
2021-11-01,21,Puebla,8.3,16.2,24.0,36.5
2021-11-01,22,Querétaro,9.1,17.1,25.1,7.7
2021-11-01,23,Quintana Roo,21.0,25.6,30.3,114.5
2021-11-01,24,San Luis Potosí,13.6,20.3,26.9,11.9
2021-11-01,25,Sinaloa,17.0,25.4,33.8,4.2
2021-11-01,26,Sonora,10.9,21.0,31.1,7.4
2021-11-01,27,Tabasco,20.5,25.0,29.4,138.0
2021-11-01,28,Tamaulipas,15.7,21.6,27.4,53.5
2021-11-01,29,Tlaxcala,4.0,13.0,22.0,7.1
2021-11-01,30,Veracruz,15.2,20.5,25.9,109.2
2021-11-01,31,Yucatán,18.7,24.4,30.2,57.0
2021-11-01,32,Zacatecas,5.8,15.5,25.2,1.5
2021-12-01,0,Nacional,10.6,18.7,26.7,20.4
2021-12-01,1,Aguascalientes,4.0,14.4,24.8,1.1
2021-12-01,2,Baja California,8.0,13.9,19.8,37.3
2021-12-01,3,Baja California Sur,13.8,20.2,26.6,23.7
2021-12-01,4,Campeche,19.5,25.4,31.3,45.8
2021-12-01,5,Coahuila,10.8,18.8,26.9,5.0
2021-12-01,6,Colima,19.8,26.2,32.6,0.2
2021-12-01,7,Chiapas,16.5,23.1,29.8,41.6
2021-12-01,8,Chihuahua,4.9,13.9,22.9,24.0
2021-12-01,9,Ciudad de México,8.5,16.1,23.7,0.0
2021-12-01,10,Durango,4.7,14.5,24.4,9.0
2021-12-01,11,Guanajuato,6.4,16.1,25.8,2.6
2021-12-01,12,Guerrero,17.7,24.8,31.8,0.4
2021-12-01,13,Hidalgo,6.7,15.8,24.9,3.6
2021-12-01,14,Jalisco,9.8,18.7,27.7,0.8
2021-12-01,15,Estado de México,4.6,13.3,22.0,1.5
2021-12-01,16,Michoacán,8.5,17.8,27.0,1.1
2021-12-01,17,Morelos,11.3,20.1,28.9,0.1
2021-12-01,18,Nayarit,15.2,22.8,30.4,0.1
2021-12-01,19,Nuevo León,10.8,19.0,27.3,12.0
2021-12-01,20,Oaxaca,13.4,20.9,28.5,5.9
2021-12-01,21,Puebla,7.7,16.6,25.5,5.4
2021-12-01,22,Querétaro,8.2,17.2,26.2,2.4
2021-12-01,23,Quintana Roo,20.5,25.6,30.6,42.2
2021-12-01,24,San Luis Potosí,12.8,20.7,28.6,3.8
2021-12-01,25,Sinaloa,12.9,22.0,31.1,33.1
2021-12-01,26,Sonora,7.7,16.5,25.4,52.3
2021-12-01,27,Tabasco,20.8,25.8,30.8,84.4
2021-12-01,28,Tamaulipas,15.6,22.2,28.9,12.6
2021-12-01,29,Tlaxcala,3.0,13.1,23.1,0.5
2021-12-01,30,Veracruz,15.2,21.2,27.3,24.9
2021-12-01,31,Yucatán,18.6,24.7,30.7,42.2
2021-12-01,32,Zacatecas,4.3,14.9,25.5,3.2
2022-01-01,0,Nacional,8.6,16.6,24.6,17.0
2022-01-01,1,Aguascalientes,3.7,13.5,23.4,1.0
2022-01-01,2,Baja California,8.1,14.3,20.5,1.4
2022-01-01,3,Baja California Sur,12.8,19.2,25.7,0.3
2022-01-01,4,Campeche,18.2,23.9,29.6,65.0
2022-01-01,5,Coahuila,4.7,13.0,21.2,2.6
2022-01-01,6,Colima,18.6,25.4,32.1,1.3
2022-01-01,7,Chiapas,15.8,22.4,29.1,74.5
2022-01-01,8,Chihuahua,1.4,10.9,20.3,0.1
2022-01-01,9,Ciudad de México,8.5,15.4,22.3,3.8
2022-01-01,10,Durango,2.1,12.3,22.5,0.2
2022-01-01,11,Guanajuato,6.3,15.7,25.1,0.7
2022-01-01,12,Guerrero,17.5,24.4,31.4,5.6
2022-01-01,13,Hidalgo,7.1,15.2,23.3,15.4
2022-01-01,14,Jalisco,9.4,18.2,27.0,1.2
2022-01-01,15,Estado de México,3.6,12.3,21.0,11.6
2022-01-01,16,Michoacán,8.9,17.6,26.3,3.6
2022-01-01,17,Morelos,11.1,19.7,28.2,12.9
2022-01-01,18,Nayarit,14.0,21.6,29.2,2.3
2022-01-01,19,Nuevo León,5.5,13.6,21.8,15.7
2022-01-01,20,Oaxaca,13.6,20.8,28.1,20.0
2022-01-01,21,Puebla,7.5,15.7,23.8,24.3
2022-01-01,22,Querétaro,8.1,16.4,24.6,3.8
2022-01-01,23,Quintana Roo,19.1,24.0,29.0,103.9
2022-01-01,24,San Luis Potosí,10.2,17.5,24.9,5.6
2022-01-01,25,Sinaloa,12.1,20.7,29.3,0.7
2022-01-01,26,Sonora,6.4,15.5,24.5,0.7
2022-01-01,27,Tabasco,19.4,24.0,28.6,177.6
2022-01-01,28,Tamaulipas,9.9,16.7,23.4,20.7
2022-01-01,29,Tlaxcala,3.5,12.3,21.2,12.1
2022-01-01,30,Veracruz,13.1,18.7,24.2,69.2
2022-01-01,31,Yucatán,17.0,22.9,28.8,61.1
2022-01-01,32,Zacatecas,3.7,13.7,23.8,0.5
2022-02-01,0,Nacional,8.6,17.0,25.5,16.4
2022-02-01,1,Aguascalientes,4.5,14.4,24.3,3.9
2022-02-01,2,Baja California,8.0,14.6,21.2,8.7
2022-02-01,3,Baja California Sur,11.2,18.3,25.4,0.2
2022-02-01,4,Campeche,19.2,25.0,30.9,57.3
2022-02-01,5,Coahuila,5.4,14.0,22.7,1.3
2022-02-01,6,Colima,18.2,25.6,32.9,0.7
2022-02-01,7,Chiapas,16.0,22.9,29.8,78.3
2022-02-01,8,Chihuahua,1.1,11.1,21.1,3.8
2022-02-01,9,Ciudad de México,9.2,16.2,23.3,1.6
2022-02-01,10,Durango,2.1,12.7,23.3,2.5
2022-02-01,11,Guanajuato,7.0,16.5,26.1,2.0
2022-02-01,12,Guerrero,18.3,25.4,32.4,0.6
2022-02-01,13,Hidalgo,7.2,15.7,24.2,12.0
2022-02-01,14,Jalisco,9.8,19.1,28.4,0.4
2022-02-01,15,Estado de México,4.2,13.1,22.0,3.3
2022-02-01,16,Michoacán,9.3,18.5,27.6,1.9
2022-02-01,17,Morelos,11.8,20.9,30.0,1.1
2022-02-01,18,Nayarit,13.4,22.2,30.9,0.1
2022-02-01,19,Nuevo León,6.2,14.4,22.6,8.5
2022-02-01,20,Oaxaca,14.0,21.6,29.2,13.3
2022-02-01,21,Puebla,7.6,16.0,24.4,12.6
2022-02-01,22,Querétaro,8.3,16.9,25.5,5.8
2022-02-01,23,Quintana Roo,20.2,25.3,30.3,81.7
2022-02-01,24,San Luis Potosí,10.4,18.1,25.8,10.3
2022-02-01,25,Sinaloa,10.2,20.0,29.9,3.4
2022-02-01,26,Sonora,4.6,14.7,24.8,2.7
2022-02-01,27,Tabasco,19.9,24.7,29.6,225.9
2022-02-01,28,Tamaulipas,9.7,16.6,23.5,19.0
2022-02-01,29,Tlaxcala,3.4,13.1,22.8,6.0
2022-02-01,30,Veracruz,12.7,18.6,24.6,43.0
2022-02-01,31,Yucatán,18.3,24.3,30.3,76.0
2022-02-01,32,Zacatecas,4.1,14.4,24.8,1.0
2022-03-01,0,Nacional,10.5,19.8,29.0,7.1
2022-03-01,1,Aguascalientes,6.1,16.9,27.6,0.0
2022-03-01,2,Baja California,9.5,16.5,23.6,13.8
2022-03-01,3,Baja California Sur,12.3,20.0,27.7,0.1
2022-03-01,4,Campeche,20.3,26.9,33.4,52.3
2022-03-01,5,Coahuila,9.9,19.2,28.5,0.1
2022-03-01,6,Colima,16.2,24.2,32.2,0.0
2022-03-01,7,Chiapas,17.7,24.7,31.7,30.3
2022-03-01,8,Chihuahua,4.0,15.0,26.0,0.2
2022-03-01,9,Ciudad de México,11.0,18.5,26.0,5.2
2022-03-01,10,Durango,4.9,16.3,27.7,0.0
2022-03-01,11,Guanajuato,8.4,18.7,29.0,0.1
2022-03-01,12,Guerrero,17.9,25.6,33.3,0.4
2022-03-01,13,Hidalgo,9.3,18.6,27.8,3.3
2022-03-01,14,Jalisco,10.5,20.5,30.6,0.0
2022-03-01,15,Estado de México,5.6,15.1,24.6,5.0
2022-03-01,16,Michoacán,9.9,19.9,29.9,0.4
2022-03-01,17,Morelos,13.4,23.0,32.7,5.2
2022-03-01,18,Nayarit,12.4,22.3,32.3,0.7
2022-03-01,19,Nuevo León,9.5,19.1,28.7,0.3
2022-03-01,20,Oaxaca,15.4,23.6,31.7,5.1
2022-03-01,21,Puebla,9.2,18.3,27.4,10.3
2022-03-01,22,Querétaro,10.4,19.9,29.3,0.7
2022-03-01,23,Quintana Roo,21.5,26.7,32.0,46.9
2022-03-01,24,San Luis Potosí,12.5,21.6,30.8,0.6
2022-03-01,25,Sinaloa,10.5,21.3,32.1,0.4
2022-03-01,26,Sonora,6.5,17.5,28.4,1.0
2022-03-01,27,Tabasco,21.2,26.5,31.9,65.6
2022-03-01,28,Tamaulipas,13.4,21.4,29.4,1.0
2022-03-01,29,Tlaxcala,5.0,15.3,25.6,6.1
2022-03-01,30,Veracruz,14.8,21.3,27.9,12.8
2022-03-01,31,Yucatán,19.1,26.0,33.0,39.9
2022-03-01,32,Zacatecas,5.5,16.9,28.3,0.0
2022-04-01,0,Nacional,14.8,23.4,32.1,20.0
2022-04-01,1,Aguascalientes,9.1,19.8,30.4,15.3
2022-04-01,2,Baja California,11.9,19.2,26.4,0.7
2022-04-01,3,Baja California Sur,14.6,21.8,28.9,0.0
2022-04-01,4,Campeche,22.4,29.3,36.1,79.2
2022-04-01,5,Coahuila,16.6,24.7,32.9,14.2
2022-04-01,6,Colima,18.4,25.5,32.6,0.5
2022-04-01,7,Chiapas,19.5,26.5,33.5,84.4
2022-04-01,8,Chihuahua,10.2,20.7,31.2,1.7
2022-04-01,9,Ciudad de México,13.3,20.3,27.3,44.0
2022-04-01,10,Durango,10.1,20.6,31.1,3.6
2022-04-01,11,Guanajuato,11.7,21.5,31.2,8.3
2022-04-01,12,Guerrero,19.9,27.2,34.5,11.1
2022-04-01,13,Hidalgo,12.9,21.4,29.8,29.2
2022-04-01,14,Jalisco,13.1,22.8,32.5,2.6
2022-04-01,15,Estado de México,8.1,16.7,25.4,36.1
2022-04-01,16,Michoacán,12.9,22.5,32.1,4.9
2022-04-01,17,Morelos,15.9,25.0,34.1,33.5
2022-04-01,18,Nayarit,15.8,24.9,34.0,0.5
2022-04-01,19,Nuevo León,16.9,24.9,32.8,29.4
2022-04-01,20,Oaxaca,17.1,25.0,32.8,20.5
2022-04-01,21,Puebla,12.2,20.7,29.2,38.3
2022-04-01,22,Querétaro,13.8,22.5,31.2,19.1
2022-04-01,23,Quintana Roo,23.0,27.9,32.8,74.3
2022-04-01,24,San Luis Potosí,18.4,26.5,34.7,26.6
2022-04-01,25,Sinaloa,15.4,24.7,34.0,0.9
2022-04-01,26,Sonora,11.3,21.9,32.6,0.1
2022-04-01,27,Tabasco,23.2,29.1,34.9,72.3
2022-04-01,28,Tamaulipas,20.7,27.2,33.7,45.5
2022-04-01,29,Tlaxcala,7.8,17.0,26.2,33.0
2022-04-01,30,Veracruz,18.4,25.0,31.5,39.6
2022-04-01,31,Yucatán,21.3,28.4,35.6,74.4
2022-04-01,32,Zacatecas,9.4,20.4,31.3,10.3
2022-05-01,0,Nacional,17.2,25.7,34.2,30.3
2022-05-01,1,Aguascalientes,12.9,22.5,32.0,6.5
2022-05-01,2,Baja California,14.2,21.3,28.5,0.0
2022-05-01,3,Baja California Sur,16.8,23.7,30.7,0.0
2022-05-01,4,Campeche,23.4,30.0,36.7,141.3
2022-05-01,5,Coahuila,20.2,28.2,36.3,22.0
2022-05-01,6,Colima,20.0,26.6,33.2,2.4
2022-05-01,7,Chiapas,20.3,26.6,33.0,158.4
2022-05-01,8,Chihuahua,13.8,24.4,34.9,0.7
2022-05-01,9,Ciudad de México,14.3,21.7,29.1,19.1
2022-05-01,10,Durango,12.7,23.2,33.6,3.4
2022-05-01,11,Guanajuato,13.8,23.4,33.0,5.7
2022-05-01,12,Guerrero,20.7,27.8,34.9,52.3
2022-05-01,13,Hidalgo,14.0,22.6,31.3,9.9
2022-05-01,14,Jalisco,15.6,24.7,33.9,9.3
2022-05-01,15,Estado de México,9.0,17.9,26.8,39.0
2022-05-01,16,Michoacán,14.7,23.9,33.2,9.9
2022-05-01,17,Morelos,17.5,26.3,35.1,36.7
2022-05-01,18,Nayarit,19.1,27.1,35.2,1.6
2022-05-01,19,Nuevo León,20.1,28.1,36.0,27.8
2022-05-01,20,Oaxaca,18.7,26.1,33.6,100.2
2022-05-01,21,Puebla,13.2,21.9,30.6,27.0
2022-05-01,22,Querétaro,15.9,24.5,33.2,4.7
2022-05-01,23,Quintana Roo,24.1,29.0,33.8,118.5
2022-05-01,24,San Luis Potosí,20.9,28.7,36.5,9.2
2022-05-01,25,Sinaloa,18.4,27.1,35.8,0.0
2022-05-01,26,Sonora,14.3,24.9,35.5,0.0
2022-05-01,27,Tabasco,24.5,30.5,36.5,110.6
2022-05-01,28,Tamaulipas,23.7,29.9,36.0,28.3
2022-05-01,29,Tlaxcala,8.1,17.8,27.5,34.3
2022-05-01,30,Veracruz,20.3,26.8,33.4,50.5
2022-05-01,31,Yucatán,22.4,29.2,35.9,68.7
2022-05-01,32,Zacatecas,12.4,22.7,33.0,4.3
2022-06-01,0,Nacional,19.4,26.4,33.3,106.4
2022-06-01,1,Aguascalientes,14.3,21.7,29.2,39.2
2022-06-01,2,Baja California,18.7,25.4,32.2,0.0
2022-06-01,3,Baja California Sur,20.7,26.7,32.8,4.7
2022-06-01,4,Campeche,23.2,28.5,33.8,180.9
2022-06-01,5,Coahuila,22.3,29.5,36.8,8.8
2022-06-01,6,Colima,22.7,28.0,33.3,239.7
2022-06-01,7,Chiapas,19.8,24.8,29.8,305.3
2022-06-01,8,Chihuahua,18.2,26.6,35.0,69.6
2022-06-01,9,Ciudad de México,13.5,19.3,25.1,92.3
2022-06-01,10,Durango,15.7,24.0,32.4,63.1
2022-06-01,11,Guanajuato,14.3,21.9,29.4,53.5
2022-06-01,12,Guerrero,20.4,26.3,32.1,229.5
2022-06-01,13,Hidalgo,13.7,20.6,27.4,78.6
2022-06-01,14,Jalisco,17.5,24.2,31.0,139.6
2022-06-01,15,Estado de México,9.6,16.4,23.2,154.1
2022-06-01,16,Michoacán,15.1,22.5,29.9,163.5
2022-06-01,17,Morelos,17.0,23.8,30.7,225.6
2022-06-01,18,Nayarit,22.4,28.4,34.4,179.0
2022-06-01,19,Nuevo León,20.5,28.4,36.2,29.3
2022-06-01,20,Oaxaca,18.3,24.3,30.2,230.1
2022-06-01,21,Puebla,13.1,20.2,27.4,152.6
2022-06-01,22,Querétaro,15.7,22.5,29.4,47.8
2022-06-01,23,Quintana Roo,23.9,28.3,32.7,150.1
2022-06-01,24,San Luis Potosí,20.3,27.1,34.0,64.6
2022-06-01,25,Sinaloa,23.7,30.2,36.7,95.5
2022-06-01,26,Sonora,21.8,30.0,38.2,72.0
2022-06-01,27,Tabasco,23.6,28.5,33.4,299.5
2022-06-01,28,Tamaulipas,23.6,29.8,35.9,51.5
2022-06-01,29,Tlaxcala,8.9,17.0,25.0,61.7
2022-06-01,30,Veracruz,19.4,24.7,30.0,274.4
2022-06-01,31,Yucatán,22.8,28.4,34.0,151.5
2022-06-01,32,Zacatecas,14.2,22.1,30.0,46.8
2022-07-01,0,Nacional,20.0,26.6,33.3,109.1
2022-07-01,1,Aguascalientes,13.7,21.0,28.4,92.6
2022-07-01,2,Baja California,21.1,27.1,33.2,2.9
2022-07-01,3,Baja California Sur,23.2,29.0,34.8,22.2
2022-07-01,4,Campeche,23.3,28.7,34.2,138.1
2022-07-01,5,Coahuila,23.1,30.1,37.1,14.4
2022-07-01,6,Colima,23.4,28.5,33.6,294.4
2022-07-01,7,Chiapas,19.8,25.3,30.9,196.0
2022-07-01,8,Chihuahua,18.4,26.0,33.6,83.9
2022-07-01,9,Ciudad de México,13.9,19.7,25.6,114.3
2022-07-01,10,Durango,16.2,23.8,31.3,99.7
2022-07-01,11,Guanajuato,13.9,21.3,28.7,112.3
2022-07-01,12,Guerrero,20.6,26.4,32.3,217.0
2022-07-01,13,Hidalgo,14.4,21.1,27.9,47.1
2022-07-01,14,Jalisco,17.2,23.5,29.9,236.8
2022-07-01,15,Estado de México,10.0,16.6,23.2,178.2
2022-07-01,16,Michoacán,14.7,21.7,28.8,197.5
2022-07-01,17,Morelos,16.9,23.5,30.1,240.3
2022-07-01,18,Nayarit,23.0,28.3,33.7,315.4
2022-07-01,19,Nuevo León,21.4,29.1,36.8,10.2
2022-07-01,20,Oaxaca,18.5,24.8,31.1,141.2
2022-07-01,21,Puebla,12.9,20.2,27.5,129.7
2022-07-01,22,Querétaro,15.2,22.5,29.7,57.1
2022-07-01,23,Quintana Roo,24.4,29.0,33.6,93.6
2022-07-01,24,San Luis Potosí,20.1,27.1,34.0,33.9
2022-07-01,25,Sinaloa,24.4,30.3,36.3,200.3
2022-07-01,26,Sonora,24.1,30.9,37.8,138.1
2022-07-01,27,Tabasco,24.0,29.3,34.6,100.0
2022-07-01,28,Tamaulipas,24.5,30.7,37.0,21.6
2022-07-01,29,Tlaxcala,8.6,16.9,25.1,91.6
2022-07-01,30,Veracruz,19.5,25.0,30.4,157.7
2022-07-01,31,Yucatán,22.8,28.6,34.5,140.1
2022-07-01,32,Zacatecas,14.2,21.7,29.2,80.1
2022-08-01,0,Nacional,19.8,25.9,32.1,171.5
2022-08-01,1,Aguascalientes,13.5,20.3,27.1,123.6
2022-08-01,2,Baja California,22.4,28.0,33.6,15.3
2022-08-01,3,Baja California Sur,24.0,29.2,34.4,57.4
2022-08-01,4,Campeche,23.2,28.8,34.3,199.3
2022-08-01,5,Coahuila,22.2,28.5,34.7,114.0
2022-08-01,6,Colima,22.9,28.2,33.6,312.2
2022-08-01,7,Chiapas,19.8,25.3,30.8,283.0
2022-08-01,8,Chihuahua,17.7,24.2,30.7,205.6
2022-08-01,9,Ciudad de México,13.5,19.1,24.7,114.4
2022-08-01,10,Durango,15.5,22.3,29.2,188.9
2022-08-01,11,Guanajuato,13.8,20.8,27.8,172.4
2022-08-01,12,Guerrero,20.0,26.1,32.1,218.3
2022-08-01,13,Hidalgo,14.4,21.3,28.1,50.2
2022-08-01,14,Jalisco,17.1,23.1,29.2,248.6
2022-08-01,15,Estado de México,9.8,16.1,22.3,173.7
2022-08-01,16,Michoacán,14.4,21.4,28.3,171.2
2022-08-01,17,Morelos,16.4,22.8,29.2,335.8
2022-08-01,18,Nayarit,22.6,27.8,33.1,320.1
2022-08-01,19,Nuevo León,21.5,28.7,35.8,81.1
2022-08-01,20,Oaxaca,18.4,24.4,30.5,177.7
2022-08-01,21,Puebla,13.0,19.9,26.8,194.7
2022-08-01,22,Querétaro,15.5,22.3,29.0,67.1
2022-08-01,23,Quintana Roo,24.1,28.7,33.3,172.7
2022-08-01,24,San Luis Potosí,20.0,27.1,34.2,70.7
2022-08-01,25,Sinaloa,23.8,29.1,34.4,339.3
2022-08-01,26,Sonora,23.4,29.4,35.4,237.3
2022-08-01,27,Tabasco,23.8,29.2,34.5,156.7
2022-08-01,28,Tamaulipas,24.5,30.6,36.7,51.2
2022-08-01,29,Tlaxcala,9.0,16.6,24.2,117.8
2022-08-01,30,Veracruz,19.7,25.3,31.0,146.6
2022-08-01,31,Yucatán,22.6,28.4,34.3,208.8
2022-08-01,32,Zacatecas,14.0,20.9,27.8,120.0
2022-09-01,0,Nacional,18.6,24.5,30.4,154.9
2022-09-01,1,Aguascalientes,11.8,18.3,24.9,53.5
2022-09-01,2,Baja California,21.3,26.8,32.3,54.9
2022-09-01,3,Baja California Sur,23.0,28.0,32.9,272.0
2022-09-01,4,Campeche,23.1,27.9,32.8,187.8
2022-09-01,5,Coahuila,19.2,25.0,30.7,50.0
2022-09-01,6,Colima,22.8,27.7,32.5,351.7
2022-09-01,7,Chiapas,20.1,24.8,29.4,425.7
2022-09-01,8,Chihuahua,15.2,22.3,29.3,60.6
2022-09-01,9,Ciudad de México,13.5,18.2,23.0,78.6
2022-09-01,10,Durango,13.3,20.1,26.9,98.7
2022-09-01,11,Guanajuato,13.0,19.4,25.8,73.7
2022-09-01,12,Guerrero,19.9,25.5,31.1,321.3
2022-09-01,13,Hidalgo,14.2,19.8,25.3,119.9
2022-09-01,14,Jalisco,16.9,22.9,28.9,129.4
2022-09-01,15,Estado de México,10.1,15.9,21.7,150.5
2022-09-01,16,Michoacán,14.4,21.1,27.9,140.8
2022-09-01,17,Morelos,16.5,22.1,27.7,331.2
2022-09-01,18,Nayarit,22.9,28.1,33.3,230.0
2022-09-01,19,Nuevo León,19.0,25.1,31.2,132.9
2022-09-01,20,Oaxaca,18.4,23.6,28.8,316.1
2022-09-01,21,Puebla,13.1,19.0,24.8,220.5
2022-09-01,22,Querétaro,14.7,20.1,25.5,98.3
2022-09-01,23,Quintana Roo,24.2,28.4,32.6,154.2
2022-09-01,24,San Luis Potosí,18.5,24.2,29.8,138.3
2022-09-01,25,Sinaloa,23.8,29.2,34.7,184.1
2022-09-01,26,Sonora,22.0,28.8,35.5,75.6
2022-09-01,27,Tabasco,23.5,27.8,32.1,462.1
2022-09-01,28,Tamaulipas,22.3,27.6,33.0,141.2
2022-09-01,29,Tlaxcala,9.7,16.1,22.5,72.9
2022-09-01,30,Veracruz,19.4,23.9,28.5,366.4
2022-09-01,31,Yucatán,22.5,27.9,33.2,139.4
2022-09-01,32,Zacatecas,12.6,19.2,25.9,61.5
2022-10-01,0,Nacional,15.1,22.1,29.1,63.4
2022-10-01,1,Aguascalientes,8.8,17.2,25.6,48.0
2022-10-01,2,Baja California,16.5,22.8,29.0,4.0
2022-10-01,3,Baja California Sur,19.3,25.2,31.1,1.4
2022-10-01,4,Campeche,22.0,27.1,32.2,127.2
2022-10-01,5,Coahuila,14.4,21.2,27.9,26.0
2022-10-01,6,Colima,22.5,27.6,32.7,272.7
2022-10-01,7,Chiapas,19.3,24.3,29.3,188.5
2022-10-01,8,Chihuahua,9.5,18.1,26.7,39.0
2022-10-01,9,Ciudad de México,12.4,18.2,24.1,58.6
2022-10-01,10,Durango,9.2,17.7,26.2,41.7
2022-10-01,11,Guanajuato,10.7,18.8,26.8,37.3
2022-10-01,12,Guerrero,19.9,25.7,31.5,104.7
2022-10-01,13,Hidalgo,12.1,18.9,25.7,43.9
2022-10-01,14,Jalisco,14.8,21.9,29.1,86.6
2022-10-01,15,Estado de México,8.5,15.4,22.4,69.0
2022-10-01,16,Michoacán,13.0,20.7,28.3,57.5
2022-10-01,17,Morelos,15.8,22.4,29.0,101.4
2022-10-01,18,Nayarit,21.4,27.0,32.5,183.2
2022-10-01,19,Nuevo León,15.0,21.6,28.3,34.2
2022-10-01,20,Oaxaca,17.0,23.3,29.5,118.6
2022-10-01,21,Puebla,11.7,18.6,25.6,82.1
2022-10-01,22,Querétaro,12.6,19.7,26.7,40.3
2022-10-01,23,Quintana Roo,22.7,27.5,32.2,73.6
2022-10-01,24,San Luis Potosí,15.7,22.2,28.7,34.2
2022-10-01,25,Sinaloa,20.4,27.4,34.4,30.9
2022-10-01,26,Sonora,15.1,23.9,32.6,15.9
2022-10-01,27,Tabasco,23.1,27.5,31.9,316.5
2022-10-01,28,Tamaulipas,18.8,24.5,30.2,44.7
2022-10-01,29,Tlaxcala,8.5,16.1,23.7,46.1
2022-10-01,30,Veracruz,17.7,22.8,27.9,175.9
2022-10-01,31,Yucatán,20.9,26.6,32.4,66.3
2022-10-01,32,Zacatecas,9.1,17.7,26.2,35.9
2022-11-01,0,Nacional,11.5,19.1,26.8,29.9
2022-11-01,1,Aguascalientes,6.3,15.9,25.5,6.0
2022-11-01,2,Baja California,9.0,15.2,21.4,6.6
2022-11-01,3,Baja California Sur,14.9,21.0,27.1,0.5
2022-11-01,4,Campeche,21.7,26.7,31.7,129.9
2022-11-01,5,Coahuila,10.2,17.0,23.8,6.7
2022-11-01,6,Colima,21.3,27.0,32.7,1.8
2022-11-01,7,Chiapas,18.7,23.9,29.2,152.2
2022-11-01,8,Chihuahua,3.6,13.2,22.9,1.1
2022-11-01,9,Ciudad de México,11.1,17.4,23.8,11.7
2022-11-01,10,Durango,4.1,14.7,25.4,0.4
2022-11-01,11,Guanajuato,9.2,17.9,26.7,9.8
2022-11-01,12,Guerrero,19.0,25.5,31.9,8.6
2022-11-01,13,Hidalgo,10.8,18.1,25.3,27.0
2022-11-01,14,Jalisco,11.8,20.3,28.8,3.3
2022-11-01,15,Estado de México,7.1,14.7,22.3,23.2
2022-11-01,16,Michoacán,11.9,20.4,28.9,7.7
2022-11-01,17,Morelos,14.4,22.0,29.6,7.7
2022-11-01,18,Nayarit,16.6,24.1,31.6,0.3
2022-11-01,19,Nuevo León,11.7,18.4,25.1,26.9
2022-11-01,20,Oaxaca,16.2,23.0,29.7,34.0
2022-11-01,21,Puebla,10.4,18.0,25.7,32.0
2022-11-01,22,Querétaro,11.6,18.9,26.3,22.4
2022-11-01,23,Quintana Roo,22.3,26.9,31.5,136.2
2022-11-01,24,San Luis Potosí,14.2,20.7,27.3,29.8
2022-11-01,25,Sinaloa,14.0,22.5,31.0,0.0
2022-11-01,26,Sonora,7.0,16.6,26.2,0.6
2022-11-01,27,Tabasco,22.7,27.0,31.3,283.8
2022-11-01,28,Tamaulipas,16.2,21.6,27.1,54.5
2022-11-01,29,Tlaxcala,6.4,15.4,24.4,8.6
2022-11-01,30,Veracruz,16.6,21.8,26.9,98.0
2022-11-01,31,Yucatán,20.7,26.3,31.8,74.8
2022-11-01,32,Zacatecas,6.1,16.3,26.4,4.3
2022-12-01,0,Nacional,9.5,17.3,25.1,17.6
2022-12-01,1,Aguascalientes,3.8,13.8,23.7,0.2
2022-12-01,2,Baja California,7.3,13.3,19.3,15.4
2022-12-01,3,Baja California Sur,12.7,19.1,25.6,1.5
2022-12-01,4,Campeche,19.9,25.1,30.3,65.1
2022-12-01,5,Coahuila,7.7,14.9,22.0,1.3
2022-12-01,6,Colima,19.4,25.8,32.2,0.0
2022-12-01,7,Chiapas,16.5,22.2,27.9,77.5
2022-12-01,8,Chihuahua,2.6,12.0,21.4,6.3
2022-12-01,9,Ciudad de México,8.4,15.2,22.0,9.5
2022-12-01,10,Durango,3.4,13.9,24.4,0.0
2022-12-01,11,Guanajuato,6.3,15.5,24.8,4.4
2022-12-01,12,Guerrero,16.9,23.9,30.9,1.4
2022-12-01,13,Hidalgo,7.6,15.3,23.1,11.3
2022-12-01,14,Jalisco,9.2,18.0,26.8,1.4
2022-12-01,15,Estado de México,5.5,13.1,20.7,5.6
2022-12-01,16,Michoacán,8.4,17.5,26.6,1.9
2022-12-01,17,Morelos,11.0,19.5,27.9,2.4
2022-12-01,18,Nayarit,14.0,21.8,29.6,0.1
2022-12-01,19,Nuevo León,8.6,16.0,23.3,4.4
2022-12-01,20,Oaxaca,13.4,20.4,27.4,17.5
2022-12-01,21,Puebla,7.6,15.6,23.6,15.3
2022-12-01,22,Querétaro,8.5,15.7,22.9,7.7
2022-12-01,23,Quintana Roo,20.6,25.2,29.8,86.6
2022-12-01,24,San Luis Potosí,11.4,18.3,25.3,6.6
2022-12-01,25,Sinaloa,11.5,20.6,29.8,0.4
2022-12-01,26,Sonora,6.0,15.2,24.4,14.1
2022-12-01,27,Tabasco,21.0,25.7,30.4,181.3
2022-12-01,28,Tamaulipas,13.3,19.3,25.2,8.1
2022-12-01,29,Tlaxcala,2.9,12.4,21.9,8.7
2022-12-01,30,Veracruz,14.2,19.8,25.3,68.8
2022-12-01,31,Yucatán,18.7,24.8,30.9,53.8
2022-12-01,32,Zacatecas,3.8,14.1,24.3,0.0
2023-01-01,0,Nacional,8.8,17.1,25.5,16.0
2023-01-01,1,Aguascalientes,2.9,13.3,23.6,0.0
2023-01-01,2,Baja California,7.1,12.8,18.4,32.7
2023-01-01,3,Baja California Sur,11.3,17.9,24.5,7.0
2023-01-01,4,Campeche,19.6,25.3,31.0,59.3
2023-01-01,5,Coahuila,8.0,16.0,24.0,2.1
2023-01-01,6,Colima,17.6,24.8,32.0,0.0
2023-01-01,7,Chiapas,16.1,22.7,29.3,66.2
2023-01-01,8,Chihuahua,1.5,11.3,21.0,8.5
2023-01-01,9,Ciudad de México,8.1,15.4,22.6,0.4
2023-01-01,10,Durango,2.5,13.0,23.5,1.1
2023-01-01,11,Guanajuato,5.5,15.5,25.4,0.8
2023-01-01,12,Guerrero,16.4,23.9,31.4,0.1
2023-01-01,13,Hidalgo,7.1,16.0,24.9,5.9
2023-01-01,14,Jalisco,7.8,17.4,26.9,0.3
2023-01-01,15,Estado de México,3.1,12.2,21.3,0.7
2023-01-01,16,Michoacán,7.8,17.5,27.3,0.4
2023-01-01,17,Morelos,10.8,19.7,28.6,0.1
2023-01-01,18,Nayarit,12.7,20.8,28.8,0.1
2023-01-01,19,Nuevo León,9.4,17.6,25.8,2.2
2023-01-01,20,Oaxaca,13.5,21.2,28.9,8.0
2023-01-01,21,Puebla,7.6,16.1,24.6,9.6
2023-01-01,22,Querétaro,7.4,16.3,25.1,3.2
2023-01-01,23,Quintana Roo,20.4,25.2,30.1,98.0
2023-01-01,24,San Luis Potosí,11.0,19.1,27.1,2.7
2023-01-01,25,Sinaloa,10.5,19.8,29.1,7.8
2023-01-01,26,Sonora,4.1,13.7,23.3,19.1
2023-01-01,27,Tabasco,20.3,25.4,30.5,120.7
2023-01-01,28,Tamaulipas,14.0,20.7,27.4,3.1
2023-01-01,29,Tlaxcala,2.6,12.6,22.7,0.4
2023-01-01,30,Veracruz,14.2,20.2,26.3,28.1
2023-01-01,31,Yucatán,18.2,24.6,31.0,69.0
2023-01-01,32,Zacatecas,3.0,13.6,24.2,0.2
2023-02-01,0,Nacional,9.7,18.0,26.3,13.4
2023-02-01,1,Aguascalientes,5.8,15.8,25.8,0.0
2023-02-01,2,Baja California,6.6,12.4,18.2,20.2
2023-02-01,3,Baja California Sur,11.6,17.7,23.9,3.5
2023-02-01,4,Campeche,20.1,26.0,32.0,30.9
2023-02-01,5,Coahuila,8.8,16.8,24.7,1.1
2023-02-01,6,Colima,18.2,25.5,32.7,0.0
2023-02-01,7,Chiapas,16.4,23.1,29.9,63.7
2023-02-01,8,Chihuahua,2.9,12.3,21.7,12.9
2023-02-01,9,Ciudad de México,8.6,16.5,24.4,0.1
2023-02-01,10,Durango,4.2,14.5,24.7,2.1
2023-02-01,11,Guanajuato,7.2,17.2,27.1,0.1
2023-02-01,12,Guerrero,17.5,25.1,32.8,0.0
2023-02-01,13,Hidalgo,7.8,17.0,26.3,7.1
2023-02-01,14,Jalisco,10.0,19.4,28.8,0.0
2023-02-01,15,Estado de México,3.9,13.4,22.8,1.1
2023-02-01,16,Michoacán,9.2,19.1,29.1,0.2
2023-02-01,17,Morelos,12.3,21.5,30.8,0.0
2023-02-01,18,Nayarit,13.2,22.2,31.2,0.1
2023-02-01,19,Nuevo León,9.6,18.4,27.1,1.2
2023-02-01,20,Oaxaca,14.9,22.9,30.9,5.1
2023-02-01,21,Puebla,8.2,17.0,25.8,5.8
2023-02-01,22,Querétaro,8.7,17.6,26.6,2.4
2023-02-01,23,Quintana Roo,20.6,25.7,30.8,23.3
2023-02-01,24,San Luis Potosí,11.2,19.9,28.5,2.8
2023-02-01,25,Sinaloa,10.7,19.9,29.0,3.3
2023-02-01,26,Sonora,5.2,14.2,23.3,25.7
2023-02-01,27,Tabasco,20.5,25.7,30.8,158.5
2023-02-01,28,Tamaulipas,13.4,20.6,27.8,2.4
2023-02-01,29,Tlaxcala,3.7,14.2,24.7,0.0
2023-02-01,30,Veracruz,14.0,20.3,26.5,34.2
2023-02-01,31,Yucatán,18.9,25.4,31.9,23.0
2023-02-01,32,Zacatecas,5.4,15.7,25.9,0.0
2023-03-01,0,Nacional,12.4,20.9,29.4,15.9
2023-03-01,1,Aguascalientes,6.7,17.8,28.8,0.1
2023-03-01,2,Baja California,8.5,14.4,20.3,24.5
2023-03-01,3,Baja California Sur,13.5,20.2,26.9,1.0
2023-03-01,4,Campeche,21.5,28.1,34.8,33.1
2023-03-01,5,Coahuila,13.3,21.2,29.2,12.8
2023-03-01,6,Colima,18.4,25.2,31.9,0.0
2023-03-01,7,Chiapas,18.4,25.2,32.0,38.2
2023-03-01,8,Chihuahua,6.3,16.0,25.7,18.9
2023-03-01,9,Ciudad de México,11.4,18.8,26.1,21.8
2023-03-01,10,Durango,7.3,18.1,28.8,0.9
2023-03-01,11,Guanajuato,10.0,20.1,30.1,3.8
2023-03-01,12,Guerrero,18.3,25.9,33.4,1.2
2023-03-01,13,Hidalgo,11.1,20.0,28.9,20.6
2023-03-01,14,Jalisco,11.2,21.1,31.0,0.4
2023-03-01,15,Estado de México,6.6,15.7,24.9,17.6
2023-03-01,16,Michoacán,11.2,21.0,30.8,5.0
2023-03-01,17,Morelos,14.4,23.5,32.6,4.4
2023-03-01,18,Nayarit,12.9,22.3,31.7,0.4
2023-03-01,19,Nuevo León,14.2,22.3,30.4,23.0
2023-03-01,20,Oaxaca,16.6,24.8,33.0,12.9
2023-03-01,21,Puebla,10.9,19.6,28.3,22.5
2023-03-01,22,Querétaro,12.4,21.3,30.1,8.2
2023-03-01,23,Quintana Roo,21.8,26.9,32.0,47.0
2023-03-01,24,San Luis Potosí,15.2,23.7,32.2,7.2
2023-03-01,25,Sinaloa,12.1,21.8,31.4,0.6
2023-03-01,26,Sonora,7.9,17.5,27.1,7.9
2023-03-01,27,Tabasco,22.5,28.3,34.1,116.5
2023-03-01,28,Tamaulipas,18.0,24.7,31.4,28.1
2023-03-01,29,Tlaxcala,6.2,16.3,26.5,15.8
2023-03-01,30,Veracruz,17.2,23.6,29.9,37.1
2023-03-01,31,Yucatán,20.3,27.4,34.5,32.5
2023-03-01,32,Zacatecas,7.0,18.2,29.3,0.0
2023-04-01,0,Nacional,14.5,22.5,30.6,15.4
2023-04-01,1,Aguascalientes,10.1,19.5,29.0,1.0
2023-04-01,2,Baja California,10.7,16.9,23.1,0.0
2023-04-01,3,Baja California Sur,16.1,21.9,27.8,0.1
2023-04-01,4,Campeche,22.9,29.6,36.4,14.6
2023-04-01,5,Coahuila,16.1,23.1,30.2,6.9
2023-04-01,6,Colima,20.7,25.0,29.3,0.0
2023-04-01,7,Chiapas,19.3,25.4,31.6,23.5
2023-04-01,8,Chihuahua,9.4,18.5,27.6,1.3
2023-04-01,9,Ciudad de México,13.2,19.7,26.2,10.1
2023-04-01,10,Durango,10.5,20.4,30.4,2.7
2023-04-01,11,Guanajuato,12.2,21.6,31.0,5.5
2023-04-01,12,Guerrero,19.2,26.8,34.3,7.0
2023-04-01,13,Hidalgo,13.7,21.4,29.1,31.3
2023-04-01,14,Jalisco,13.0,21.9,30.8,0.1
2023-04-01,15,Estado de México,8.2,16.5,24.8,18.7
2023-04-01,16,Michoacán,13.9,22.3,30.7,1.4
2023-04-01,17,Morelos,16.2,25.0,33.9,16.4
2023-04-01,18,Nayarit,13.6,23.8,34.0,3.6
2023-04-01,19,Nuevo León,17.7,23.6,29.5,50.5
2023-04-01,20,Oaxaca,19.3,26.6,33.8,34.3
2023-04-01,21,Puebla,12.7,20.7,28.8,45.4
2023-04-01,22,Querétaro,14.7,22.8,30.9,12.3
2023-04-01,23,Quintana Roo,22.1,27.6,33.1,29.0
2023-04-01,24,San Luis Potosí,17.7,24.6,31.5,34.4
2023-04-01,25,Sinaloa,14.2,24.1,34.0,1.1
2023-04-01,26,Sonora,9.1,20.5,31.8,0.1
2023-04-01,27,Tabasco,22.9,28.8,34.7,19.6
2023-04-01,28,Tamaulipas,19.1,24.7,30.2,74.8
2023-04-01,29,Tlaxcala,7.9,16.6,25.3,23.0
2023-04-01,30,Veracruz,19.0,24.9,30.8,71.9
2023-04-01,31,Yucatán,21.5,28.8,36.1,13.7
2023-04-01,32,Zacatecas,9.7,19.7,29.8,3.4
2023-05-01,0,Nacional,16.8,24.6,32.3,40.0
2023-05-01,1,Aguascalientes,12.1,21.4,30.7,9.6
2023-05-01,2,Baja California,13.7,19.6,25.6,0.4
2023-05-01,3,Baja California Sur,16.5,23.1,29.7,0.3
2023-05-01,4,Campeche,23.8,30.3,36.7,58.4
2023-05-01,5,Coahuila,19.8,26.3,32.7,50.7
2023-05-01,6,Colima,22.3,28.2,34.1,1.0
2023-05-01,7,Chiapas,19.4,26.1,32.7,96.6
2023-05-01,8,Chihuahua,13.2,22.1,30.9,17.7
2023-05-01,9,Ciudad de México,13.2,19.9,26.6,43.2
2023-05-01,10,Durango,12.2,21.6,31.1,12.0
2023-05-01,11,Guanajuato,13.9,22.6,31.3,23.8
2023-05-01,12,Guerrero,20.8,28.0,35.1,49.5
2023-05-01,13,Hidalgo,14.3,21.6,28.9,61.4
2023-05-01,14,Jalisco,15.6,24.4,33.2,4.0
2023-05-01,15,Estado de México,9.5,17.6,25.7,80.2
2023-05-01,16,Michoacán,15.6,24.2,32.7,17.0
2023-05-01,17,Morelos,17.6,25.8,33.9,92.1
2023-05-01,18,Nayarit,18.8,27.1,35.4,3.5
2023-05-01,19,Nuevo León,19.4,25.1,30.7,103.5
2023-05-01,20,Oaxaca,19.8,26.9,34.0,63.4
2023-05-01,21,Puebla,13.5,21.2,28.8,90.7
2023-05-01,22,Querétaro,15.8,23.8,31.8,46.3
2023-05-01,23,Quintana Roo,23.9,28.9,34.0,109.1
2023-05-01,24,San Luis Potosí,18.9,25.9,33.0,71.1
2023-05-01,25,Sinaloa,18.0,26.9,35.8,1.0
2023-05-01,26,Sonora,13.1,23.5,33.9,2.1
2023-05-01,27,Tabasco,24.3,30.1,35.9,48.1
2023-05-01,28,Tamaulipas,21.8,27.4,33.1,129.8
2023-05-01,29,Tlaxcala,9.4,17.8,26.1,80.2
2023-05-01,30,Veracruz,20.3,26.2,32.0,63.7
2023-05-01,31,Yucatán,22.7,29.7,36.7,62.1
2023-05-01,32,Zacatecas,11.7,21.4,31.0,13.5
2023-06-01,0,Nacional,19.4,27.4,35.3,39.2
2023-06-01,1,Aguascalientes,15.0,24.3,33.7,6.7
2023-06-01,2,Baja California,15.3,21.8,28.2,0.2
2023-06-01,3,Baja California Sur,19.5,26.1,32.7,1.6
2023-06-01,4,Campeche,24.7,31.3,37.8,75.4
2023-06-01,5,Coahuila,23.2,30.4,37.5,10.6
2023-06-01,6,Colima,23.0,29.0,35.1,137.3
2023-06-01,7,Chiapas,21.9,28.2,34.4,207.8
2023-06-01,8,Chihuahua,17.0,26.5,36.0,10.0
2023-06-01,9,Ciudad de México,15.5,22.2,28.9,28.2
2023-06-01,10,Durango,15.7,25.4,35.1,11.0
2023-06-01,11,Guanajuato,15.8,24.9,34.0,20.1
2023-06-01,12,Guerrero,21.3,28.4,35.4,97.7
2023-06-01,13,Hidalgo,16.0,24.0,32.0,11.5
2023-06-01,14,Jalisco,17.6,26.5,35.3,56.1
2023-06-01,15,Estado de México,9.8,18.4,26.9,35.6
2023-06-01,16,Michoacán,16.6,25.4,34.3,42.3
2023-06-01,17,Morelos,19.1,26.7,34.3,43.3
2023-06-01,18,Nayarit,22.1,29.7,37.3,36.4
2023-06-01,19,Nuevo León,21.9,29.7,37.6,15.3
2023-06-01,20,Oaxaca,19.5,26.5,33.6,121.0
2023-06-01,21,Puebla,14.2,22.1,29.9,54.9
2023-06-01,22,Querétaro,17.2,25.4,33.6,11.6
2023-06-01,23,Quintana Roo,24.8,29.7,34.5,97.7
2023-06-01,24,San Luis Potosí,21.3,29.0,36.7,11.7
2023-06-01,25,Sinaloa,22.4,30.1,37.7,5.6
2023-06-01,26,Sonora,18.2,28.1,37.9,4.6
2023-06-01,27,Tabasco,25.2,31.3,37.4,127.4
2023-06-01,28,Tamaulipas,24.5,30.9,37.2,31.0
2023-06-01,29,Tlaxcala,10.0,18.7,27.5,53.2
2023-06-01,30,Veracruz,21.5,27.5,33.6,81.6
2023-06-01,31,Yucatán,23.8,30.6,37.3,57.6
2023-06-01,32,Zacatecas,15.3,25.0,34.6,7.7
2023-07-01,0,Nacional,20.9,27.6,34.4,99.8
2023-07-01,1,Aguascalientes,14.9,22.4,29.8,75.9
2023-07-01,2,Baja California,20.2,27.1,33.9,2.4
2023-07-01,3,Baja California Sur,23.6,29.6,35.5,8.0
2023-07-01,4,Campeche,24.4,30.4,36.5,141.8
2023-07-01,5,Coahuila,23.4,29.7,36.1,30.6
2023-07-01,6,Colima,23.5,29.1,34.6,269.3
2023-07-01,7,Chiapas,21.3,26.8,32.3,263.7
2023-07-01,8,Chihuahua,19.5,27.7,35.8,37.8
2023-07-01,9,Ciudad de México,13.5,19.5,25.5,118.1
2023-07-01,10,Durango,16.9,24.5,32.1,90.9
2023-07-01,11,Guanajuato,15.0,22.3,29.7,92.9
2023-07-01,12,Guerrero,20.6,27.0,33.4,182.6
2023-07-01,13,Hidalgo,15.5,22.3,29.1,54.7
2023-07-01,14,Jalisco,17.8,24.3,30.9,198.6
2023-07-01,15,Estado de México,10.2,16.9,23.5,190.2
2023-07-01,16,Michoacán,15.7,22.9,30.0,158.7
2023-07-01,17,Morelos,17.4,24.1,30.7,306.9
2023-07-01,18,Nayarit,23.4,29.3,35.3,262.3
2023-07-01,19,Nuevo León,22.3,30.1,37.8,33.9
2023-07-01,20,Oaxaca,19.4,25.6,31.9,164.5
2023-07-01,21,Puebla,13.6,20.3,27.0,160.0
2023-07-01,22,Querétaro,16.7,23.5,30.4,66.4
2023-07-01,23,Quintana Roo,25.6,30.0,34.4,109.5
2023-07-01,24,San Luis Potosí,21.0,27.9,34.8,45.6
2023-07-01,25,Sinaloa,25.5,31.5,37.4,186.7
2023-07-01,26,Sonora,25.3,32.8,40.3,62.2
2023-07-01,27,Tabasco,24.2,29.5,34.8,186.9
2023-07-01,28,Tamaulipas,25.1,31.3,37.4,25.9
2023-07-01,29,Tlaxcala,10.2,17.5,24.9,116.5
2023-07-01,30,Veracruz,20.5,25.9,31.3,210.8
2023-07-01,31,Yucatán,24.5,30.4,36.2,121.0
2023-07-01,32,Zacatecas,15.6,23.1,30.5,77.3
2023-08-01,0,Nacional,20.5,27.2,33.9,111.4
2023-08-01,1,Aguascalientes,13.9,21.3,28.8,82.7
2023-08-01,2,Baja California,20.7,26.9,33.0,40.1
2023-08-01,3,Baja California Sur,24.3,29.9,35.5,83.6
2023-08-01,4,Campeche,24.1,29.7,35.4,210.2
2023-08-01,5,Coahuila,23.8,30.5,37.2,22.1
2023-08-01,6,Colima,23.6,28.9,34.1,217.4
2023-08-01,7,Chiapas,21.5,27.0,32.4,224.6
2023-08-01,8,Chihuahua,18.6,26.6,34.5,56.3
2023-08-01,9,Ciudad de México,13.6,19.3,24.9,97.3
2023-08-01,10,Durango,16.3,24.3,32.4,57.8
2023-08-01,11,Guanajuato,14.3,21.4,28.5,139.8
2023-08-01,12,Guerrero,20.1,26.4,32.7,237.7
2023-08-01,13,Hidalgo,15.7,22.2,28.7,71.2
2023-08-01,14,Jalisco,17.1,23.5,30.0,190.0
2023-08-01,15,Estado de México,10.1,16.5,22.8,169.3
2023-08-01,16,Michoacán,15.2,22.3,29.4,158.3
2023-08-01,17,Morelos,17.3,23.8,30.3,257.7
2023-08-01,18,Nayarit,23.0,28.7,34.5,292.2
2023-08-01,19,Nuevo León,22.2,30.1,37.9,21.1
2023-08-01,20,Oaxaca,19.1,25.5,32.0,192.9
2023-08-01,21,Puebla,13.8,20.1,26.5,224.3
2023-08-01,22,Querétaro,15.7,22.1,28.6,71.8
2023-08-01,23,Quintana Roo,24.8,29.8,34.7,114.1
2023-08-01,24,San Luis Potosí,20.6,27.8,35.0,44.6
2023-08-01,25,Sinaloa,24.9,30.9,36.9,191.2
2023-08-01,26,Sonora,24.4,31.7,39.0,87.9
2023-08-01,27,Tabasco,24.0,29.3,34.6,183.4
2023-08-01,28,Tamaulipas,24.7,31.1,37.5,36.2
2023-08-01,29,Tlaxcala,10.1,17.2,24.4,122.3
2023-08-01,30,Veracruz,20.5,25.7,31.0,194.4
2023-08-01,31,Yucatán,24.0,29.8,35.6,159.5
2023-08-01,32,Zacatecas,15.1,22.4,29.7,73.0
2023-09-01,0,Nacional,19.4,26.4,33.3,65.9
2023-09-01,1,Aguascalientes,12.7,21.1,29.5,12.9
2023-09-01,2,Baja California,18.4,24.3,30.3,1.7
2023-09-01,3,Baja California Sur,23.5,29.2,34.8,12.2
2023-09-01,4,Campeche,23.9,29.3,34.7,202.0
2023-09-01,5,Coahuila,22.2,29.3,36.4,14.8
2023-09-01,6,Colima,23.9,29.3,34.7,170.6
2023-09-01,7,Chiapas,21.1,26.5,32.0,250.1
2023-09-01,8,Chihuahua,16.5,25.1,33.7,25.0
2023-09-01,9,Ciudad de México,13.0,19.5,26.0,62.9
2023-09-01,10,Durango,15.1,23.9,32.7,42.9
2023-09-01,11,Guanajuato,13.5,21.7,29.9,35.0
2023-09-01,12,Guerrero,20.3,26.5,32.8,131.1
2023-09-01,13,Hidalgo,14.8,22.5,30.2,14.4
2023-09-01,14,Jalisco,17.0,23.7,30.5,118.8
2023-09-01,15,Estado de México,9.4,16.6,23.7,75.5
2023-09-01,16,Michoacán,14.1,21.9,29.6,82.1
2023-09-01,17,Morelos,17.1,23.7,30.2,154.8
2023-09-01,18,Nayarit,23.5,28.9,34.4,203.7
2023-09-01,19,Nuevo León,21.2,29.2,37.2,31.9
2023-09-01,20,Oaxaca,19.4,26.3,33.1,89.4
2023-09-01,21,Puebla,13.0,20.1,27.2,85.4
2023-09-01,22,Querétaro,14.9,22.5,30.1,16.1
2023-09-01,23,Quintana Roo,24.3,29.4,34.4,136.0
2023-09-01,24,San Luis Potosí,20.4,28.2,36.0,16.8
2023-09-01,25,Sinaloa,25.5,31.8,38.0,80.5
2023-09-01,26,Sonora,22.0,30.2,38.5,18.3
2023-09-01,27,Tabasco,24.1,29.3,34.4,176.2
2023-09-01,28,Tamaulipas,24.2,31.0,37.7,33.9
2023-09-01,29,Tlaxcala,9.2,17.3,25.4,65.7
2023-09-01,30,Veracruz,19.9,25.6,31.3,102.6
2023-09-01,31,Yucatán,23.6,29.4,35.2,150.6
2023-09-01,32,Zacatecas,14.3,22.2,30.1,30.3
2023-10-01,0,Nacional,17.0,23.6,30.1,95.7
2023-10-01,1,Aguascalientes,10.9,18.3,25.7,67.7
2023-10-01,2,Baja California,15.5,22.0,28.6,1.3
2023-10-01,3,Baja California Sur,20.8,26.3,31.7,66.0
2023-10-01,4,Campeche,23.3,28.6,33.8,105.7
2023-10-01,5,Coahuila,17.1,23.2,29.3,51.8
2023-10-01,6,Colima,22.7,27.9,33.0,542.1
2023-10-01,7,Chiapas,21.1,26.1,31.0,247.9
2023-10-01,8,Chihuahua,11.9,20.0,28.1,24.5
2023-10-01,9,Ciudad de México,12.4,18.5,24.7,37.3
2023-10-01,10,Durango,11.9,19.5,27.1,78.0
2023-10-01,11,Guanajuato,12.9,20.0,27.0,46.5
2023-10-01,12,Guerrero,19.7,25.7,31.7,272.2
2023-10-01,13,Hidalgo,14.0,20.6,27.2,70.9
2023-10-01,14,Jalisco,15.5,21.8,28.0,156.9
2023-10-01,15,Estado de México,9.2,15.8,22.4,110.0
2023-10-01,16,Michoacán,13.9,20.9,27.9,149.7
2023-10-01,17,Morelos,16.7,23.1,29.6,166.4
2023-10-01,18,Nayarit,21.6,27.1,32.5,191.1
2023-10-01,19,Nuevo León,18.2,24.1,30.1,69.3
2023-10-01,20,Oaxaca,18.8,25.2,31.5,119.5
2023-10-01,21,Puebla,13.0,19.4,25.8,131.1
2023-10-01,22,Querétaro,14.0,20.2,26.5,52.4
2023-10-01,23,Quintana Roo,24.1,28.7,33.3,103.3
2023-10-01,24,San Luis Potosí,17.6,24.0,30.4,65.5
2023-10-01,25,Sinaloa,22.2,28.3,34.5,240.8
2023-10-01,26,Sonora,17.8,26.3,34.7,17.8
2023-10-01,27,Tabasco,23.8,28.6,33.3,216.9
2023-10-01,28,Tamaulipas,20.6,26.4,32.2,72.1
2023-10-01,29,Tlaxcala,9.3,16.7,24.0,62.3
2023-10-01,30,Veracruz,18.9,23.8,28.8,208.6
2023-10-01,31,Yucatán,22.8,28.4,33.9,69.3
2023-10-01,32,Zacatecas,12.0,19.3,26.6,80.1
2023-11-01,0,Nacional,13.1,19.9,26.8,50.4
2023-11-01,1,Aguascalientes,7.9,16.2,24.6,53.9
2023-11-01,2,Baja California,10.5,17.4,24.2,11.1
2023-11-01,3,Baja California Sur,17.5,23.2,28.9,2.9
2023-11-01,4,Campeche,21.7,26.5,31.3,133.4
2023-11-01,5,Coahuila,10.6,16.9,23.2,30.8
2023-11-01,6,Colima,22.2,28.0,33.8,20.6
2023-11-01,7,Chiapas,19.7,24.9,30.0,139.2
2023-11-01,8,Chihuahua,6.9,14.3,21.7,8.4
2023-11-01,9,Ciudad de México,10.4,17.3,24.2,34.2
2023-11-01,10,Durango,7.8,15.9,24.0,29.7
2023-11-01,11,Guanajuato,9.5,17.8,26.2,27.7
2023-11-01,12,Guerrero,18.9,25.7,32.4,45.9
2023-11-01,13,Hidalgo,10.0,17.4,24.9,33.3
2023-11-01,14,Jalisco,13.1,20.5,27.9,18.5
2023-11-01,15,Estado de México,6.9,14.5,22.1,77.5
2023-11-01,16,Michoacán,11.8,20.1,28.3,30.6
2023-11-01,17,Morelos,14.8,22.1,29.3,97.0
2023-11-01,18,Nayarit,19.6,26.2,32.8,22.4
2023-11-01,19,Nuevo León,11.6,18.1,24.6,92.1
2023-11-01,20,Oaxaca,16.2,22.9,29.6,70.3
2023-11-01,21,Puebla,10.5,17.7,24.9,67.3
2023-11-01,22,Querétaro,10.8,18.2,25.6,17.6
2023-11-01,23,Quintana Roo,22.6,26.8,31.1,159.1
2023-11-01,24,San Luis Potosí,13.8,20.3,26.9,67.4
2023-11-01,25,Sinaloa,17.8,25.3,32.8,13.5
2023-11-01,26,Sonora,12.1,20.9,29.7,1.5
2023-11-01,27,Tabasco,21.9,25.8,29.7,329.9
2023-11-01,28,Tamaulipas,14.8,20.6,26.4,71.8
2023-11-01,29,Tlaxcala,7.0,15.3,23.7,39.4
2023-11-01,30,Veracruz,16.0,20.6,25.2,130.1
2023-11-01,31,Yucatán,21.3,26.3,31.3,87.5
2023-11-01,32,Zacatecas,8.2,16.4,24.5,66.4
2023-12-01,0,Nacional,9.8,17.0,24.2,26.7
2023-12-01,1,Aguascalientes,5.4,12.5,19.7,43.1
2023-12-01,2,Baja California,8.1,14.8,21.5,12.8
2023-12-01,3,Baja California Sur,13.4,19.9,26.3,1.0
2023-12-01,4,Campeche,19.8,24.7,29.7,68.0
2023-12-01,5,Coahuila,8.0,14.6,21.2,8.0
2023-12-01,6,Colima,19.7,25.7,31.7,13.1
2023-12-01,7,Chiapas,17.8,23.2,28.7,80.0
2023-12-01,8,Chihuahua,1.4,10.5,19.6,3.3
2023-12-01,9,Ciudad de México,8.7,14.9,21.1,4.0
2023-12-01,10,Durango,3.8,12.8,21.8,3.7
2023-12-01,11,Guanajuato,7.5,14.4,21.4,39.3
2023-12-01,12,Guerrero,16.8,23.9,31.0,5.6
2023-12-01,13,Hidalgo,8.4,14.7,21.0,31.1
2023-12-01,14,Jalisco,10.4,17.1,23.7,37.6
2023-12-01,15,Estado de México,5.4,12.1,18.7,15.2
2023-12-01,16,Michoacán,10.0,17.6,25.2,25.4
2023-12-01,17,Morelos,12.5,19.8,27.1,3.5
2023-12-01,18,Nayarit,15.5,22.4,29.3,6.2
2023-12-01,19,Nuevo León,9.8,15.6,21.5,12.9
2023-12-01,20,Oaxaca,13.4,20.3,27.3,36.4
2023-12-01,21,Puebla,8.5,15.4,22.2,35.7
2023-12-01,22,Querétaro,8.1,14.0,19.9,23.8
2023-12-01,23,Quintana Roo,20.6,24.9,29.2,85.6
2023-12-01,24,San Luis Potosí,11.9,17.4,23.0,32.2
2023-12-01,25,Sinaloa,13.0,22.2,31.4,1.6
2023-12-01,26,Sonora,6.5,16.4,26.3,14.5
2023-12-01,27,Tabasco,20.6,24.7,28.7,136.7
2023-12-01,28,Tamaulipas,13.1,18.5,23.9,26.6
2023-12-01,29,Tlaxcala,4.6,12.6,20.6,16.9
2023-12-01,30,Veracruz,14.5,19.2,23.9,106.7
2023-12-01,31,Yucatán,19.0,24.0,29.0,65.4
2023-12-01,32,Zacatecas,5.1,12.6,20.0,21.9
2024-01-01,0,Nacional,8.9,16.6,24.4,17.0
2024-01-01,1,Aguascalientes,4.4,13.7,22.9,0.2
2024-01-01,2,Baja California,6.6,12.8,19.1,20.5
2024-01-01,3,Baja California Sur,11.6,18.0,24.4,1.3
2024-01-01,4,Campeche,20.2,25.5,30.7,52.7
2024-01-01,5,Coahuila,5.5,12.8,20.1,6.3
2024-01-01,6,Colima,18.4,25.3,32.2,0.6
2024-01-01,7,Chiapas,17.8,24.4,31.0,44.9
2024-01-01,8,Chihuahua,1.1,9.8,18.4,9.5
2024-01-01,9,Ciudad de México,9.2,16.4,23.6,0.7
2024-01-01,10,Durango,2.6,12.8,22.9,1.5
2024-01-01,11,Guanajuato,7.0,15.7,24.3,0.8
2024-01-01,12,Guerrero,16.6,24.2,31.7,0.8
2024-01-01,13,Hidalgo,8.5,16.5,24.5,7.8
2024-01-01,14,Jalisco,8.9,17.4,25.9,0.9
2024-01-01,15,Estado de México,4.4,12.9,21.4,2.1
2024-01-01,16,Michoacán,8.6,17.6,26.6,0.2
2024-01-01,17,Morelos,12.1,20.4,28.8,3.0
2024-01-01,18,Nayarit,13.0,20.4,27.9,0.1
2024-01-01,19,Nuevo León,6.9,14.4,21.9,8.8
2024-01-01,20,Oaxaca,14.4,22.2,30.0,17.0
2024-01-01,21,Puebla,8.7,16.5,24.3,15.2
2024-01-01,22,Querétaro,8.7,16.8,24.9,3.1
2024-01-01,23,Quintana Roo,21.3,25.8,30.3,96.0
2024-01-01,24,San Luis Potosí,11.4,18.2,24.9,4.9
2024-01-01,25,Sinaloa,10.9,19.7,28.6,0.9
2024-01-01,26,Sonora,5.2,14.4,23.5,24.7
2024-01-01,27,Tabasco,20.7,25.3,29.9,98.4
2024-01-01,28,Tamaulipas,10.8,17.2,23.6,9.1
2024-01-01,29,Tlaxcala,4.8,13.3,21.9,6.7
2024-01-01,30,Veracruz,14.3,19.6,24.8,60.0
2024-01-01,31,Yucatán,19.1,24.7,30.3,60.9
2024-01-01,32,Zacatecas,4.5,13.7,23.0,0.6
2024-02-01,0,Nacional,10.2,18.3,26.5,20.1
2024-02-01,1,Aguascalientes,5.1,14.5,23.9,35.8
2024-02-01,2,Baja California,7.9,13.6,19.3,28.5
2024-02-01,3,Baja California Sur,12.5,18.7,24.9,3.5
2024-02-01,4,Campeche,17.9,24.3,30.7,17.8
2024-02-01,5,Coahuila,10.3,17.6,25.0,16.1
2024-02-01,6,Colima,18.2,25.0,31.8,34.8
2024-02-01,7,Chiapas,16.5,23.9,31.3,16.8
2024-02-01,8,Chihuahua,4.0,12.6,21.2,11.6
2024-02-01,9,Ciudad de México,9.2,17.4,25.6,13.2
2024-02-01,10,Durango,4.6,14.6,24.6,31.3
2024-02-01,11,Guanajuato,7.9,17.4,26.8,14.8
2024-02-01,12,Guerrero,16.9,24.9,32.9,10.9
2024-02-01,13,Hidalgo,8.7,18.0,27.3,10.2
2024-02-01,14,Jalisco,9.9,18.9,27.9,31.2
2024-02-01,15,Estado de México,4.1,13.9,23.6,20.6
2024-02-01,16,Michoacán,9.2,19.1,28.9,15.9
2024-02-01,17,Morelos,12.5,22.0,31.4,18.7
2024-02-01,18,Nayarit,14.4,21.9,29.5,37.0
2024-02-01,19,Nuevo León,10.2,18.4,26.5,24.7
2024-02-01,20,Oaxaca,13.6,22.6,31.5,11.4
2024-02-01,21,Puebla,8.2,17.5,26.9,16.3
2024-02-01,22,Querétaro,9.2,18.6,28.0,9.5
2024-02-01,23,Quintana Roo,19.3,24.5,29.6,26.9
2024-02-01,24,San Luis Potosí,12.3,20.6,29.0,23.0
2024-02-01,25,Sinaloa,11.7,20.7,29.8,16.4
2024-02-01,26,Sonora,7.5,16.3,25.1,23.5
2024-02-01,27,Tabasco,19.0,24.6,30.3,33.4
2024-02-01,28,Tamaulipas,13.8,20.9,27.9,25.8
2024-02-01,29,Tlaxcala,4.0,14.3,24.6,11.7
2024-02-01,30,Veracruz,13.9,20.2,26.5,19.8
2024-02-01,31,Yucatán,16.0,23.3,30.7,17.7
2024-02-01,32,Zacatecas,5.2,15.2,25.1,37.6
2024-03-01,0,Nacional,12.5,20.7,29.0,8.2
2024-03-01,1,Aguascalientes,7.6,17.8,28.1,0.0
2024-03-01,2,Baja California,8.6,14.8,21.1,32.0
2024-03-01,3,Baja California Sur,13.3,19.7,26.1,4.4
2024-03-01,4,Campeche,22.5,29.2,35.8,7.2
2024-03-01,5,Coahuila,13.1,20.5,27.9,6.5
2024-03-01,6,Colima,17.0,24.6,32.1,0.1
2024-03-01,7,Chiapas,20.1,27.2,34.3,12.3
2024-03-01,8,Chihuahua,6.2,14.9,23.6,3.2
2024-03-01,9,Ciudad de México,12.1,20.3,28.4,0.1
2024-03-01,10,Durango,6.4,16.7,27.0,0.2
2024-03-01,11,Guanajuato,10.0,19.9,29.9,0.0
2024-03-01,12,Guerrero,17.7,26.0,34.4,0.0
2024-03-01,13,Hidalgo,11.9,21.2,30.4,5.4
2024-03-01,14,Jalisco,10.7,20.7,30.7,0.0
2024-03-01,15,Estado de México,6.4,16.4,26.5,0.1
2024-03-01,16,Michoacán,9.8,20.5,31.2,0.0
2024-03-01,17,Morelos,14.5,24.3,34.1,0.0
2024-03-01,18,Nayarit,13.6,22.1,30.7,0.0
2024-03-01,19,Nuevo León,13.7,21.4,29.1,18.7
2024-03-01,20,Oaxaca,16.4,25.0,33.7,9.0
2024-03-01,21,Puebla,11.3,20.3,29.2,8.3
2024-03-01,22,Querétaro,12.3,21.7,31.1,1.4
2024-03-01,23,Quintana Roo,23.6,28.2,32.8,14.1
2024-03-01,24,San Luis Potosí,16.9,24.9,33.0,3.2
2024-03-01,25,Sinaloa,11.9,21.7,31.6,0.9
2024-03-01,26,Sonora,8.3,17.4,26.6,16.7
2024-03-01,27,Tabasco,23.3,29.1,34.9,17.7
2024-03-01,28,Tamaulipas,17.7,24.4,31.0,18.5
2024-03-01,29,Tlaxcala,7.3,17.2,27.1,1.3
2024-03-01,30,Veracruz,18.0,24.0,30.0,15.7
2024-03-01,31,Yucatán,22.0,28.7,35.5,21.5
2024-03-01,32,Zacatecas,6.8,17.2,27.7,0.0
2024-04-01,0,Nacional,14.8,23.2,31.6,7.8
2024-04-01,1,Aguascalientes,10.5,20.4,30.4,0.0
2024-04-01,2,Baja California,10.1,16.8,23.5,4.4
2024-04-01,3,Baja California Sur,14.7,21.3,28.0,0.3
2024-04-01,4,Campeche,23.8,30.6,37.4,4.6
2024-04-01,5,Coahuila,17.7,24.7,31.8,7.0
2024-04-01,6,Colima,18.8,25.7,32.6,0.0
2024-04-01,7,Chiapas,21.4,28.3,35.3,38.9
2024-04-01,8,Chihuahua,9.3,18.6,28.0,1.3
2024-04-01,9,Ciudad de México,13.6,21.0,28.4,9.0
2024-04-01,10,Durango,10.0,20.2,30.3,0.5
2024-04-01,11,Guanajuato,13.1,22.3,31.6,0.5
2024-04-01,12,Guerrero,19.7,27.6,35.5,0.5
2024-04-01,13,Hidalgo,13.1,21.9,30.7,12.0
2024-04-01,14,Jalisco,13.2,22.7,32.2,0.2
2024-04-01,15,Estado de México,8.9,17.7,26.6,8.8
2024-04-01,16,Michoacán,12.9,22.8,32.7,0.6
2024-04-01,17,Morelos,17.1,26.1,35.1,0.9
2024-04-01,18,Nayarit,15.0,23.8,32.6,0.0
2024-04-01,19,Nuevo León,17.3,25.0,32.7,16.7
2024-04-01,20,Oaxaca,18.1,26.5,34.9,17.5
2024-04-01,21,Puebla,13.0,21.4,29.8,18.4
2024-04-01,22,Querétaro,14.6,23.3,32.1,4.5
2024-04-01,23,Quintana Roo,23.6,28.3,33.0,24.8
2024-04-01,24,San Luis Potosí,18.6,26.9,35.3,7.5
2024-04-01,25,Sinaloa,14.2,24.2,34.3,0.2
2024-04-01,26,Sonora,10.4,20.5,30.6,5.7
2024-04-01,27,Tabasco,24.2,30.3,36.3,14.3
2024-04-01,28,Tamaulipas,20.3,27.1,33.9,13.8
2024-04-01,29,Tlaxcala,9.0,18.3,27.6,19.0
2024-04-01,30,Veracruz,19.2,25.5,31.9,20.5
2024-04-01,31,Yucatán,22.1,29.6,37.1,17.0
2024-04-01,32,Zacatecas,10.2,20.2,30.2,0.7
2024-05-01,0,Nacional,18.5,27.0,35.5,11.0
2024-05-01,1,Aguascalientes,14.9,24.8,34.6,4.3
2024-05-01,2,Baja California,12.9,19.7,26.5,0.4
2024-05-01,3,Baja California Sur,17.9,24.4,31.0,0.0
2024-05-01,4,Campeche,26.3,33.4,40.4,18.9
2024-05-01,5,Coahuila,22.8,29.9,36.9,18.4
2024-05-01,6,Colima,20.1,26.8,33.5,0.0
2024-05-01,7,Chiapas,23.1,29.8,36.6,64.4
2024-05-01,8,Chihuahua,14.0,23.8,33.6,0.3
2024-05-01,9,Ciudad de México,16.1,23.6,31.1,33.5
2024-05-01,10,Durango,13.9,24.3,34.7,1.0
2024-05-01,11,Guanajuato,16.9,26.0,35.1,12.2
2024-05-01,12,Guerrero,21.4,28.9,36.4,8.5
2024-05-01,13,Hidalgo,17.6,26.2,34.7,10.2
2024-05-01,14,Jalisco,16.1,25.7,35.3,5.1
2024-05-01,15,Estado de México,11.6,20.5,29.5,25.3
2024-05-01,16,Michoacán,15.5,25.3,35.1,6.5
2024-05-01,17,Morelos,19.7,28.3,36.9,41.8
2024-05-01,18,Nayarit,18.0,26.5,34.9,0.0
2024-05-01,19,Nuevo León,22.7,30.1,37.6,43.7
2024-05-01,20,Oaxaca,20.3,28.5,36.6,18.5
2024-05-01,21,Puebla,15.9,24.4,33.0,29.7
2024-05-01,22,Querétaro,19.2,27.8,36.5,13.6
2024-05-01,23,Quintana Roo,26.5,30.8,35.0,0.3
2024-05-01,24,San Luis Potosí,23.6,32.0,40.4,7.8
2024-05-01,25,Sinaloa,18.0,27.7,37.5,0.0
2024-05-01,26,Sonora,13.5,24.4,35.4,0.0
2024-05-01,27,Tabasco,26.5,33.1,39.7,44.4
2024-05-01,28,Tamaulipas,25.5,32.0,38.4,22.5
2024-05-01,29,Tlaxcala,11.2,20.5,29.7,45.4
2024-05-01,30,Veracruz,23.0,29.7,36.4,6.5
2024-05-01,31,Yucatán,25.3,32.9,40.4,1.3
2024-05-01,32,Zacatecas,14.9,24.7,34.6,4.4
2024-06-01,0,Nacional,20.6,27.6,34.6,151.9
2024-06-01,1,Aguascalientes,16.2,23.3,30.4,106.5
2024-06-01,2,Baja California,17.5,24.4,31.4,4.3
2024-06-01,3,Baja California Sur,19.8,26.0,32.2,1.7
2024-06-01,4,Campeche,25.0,30.3,35.6,440.4
2024-06-01,5,Coahuila,15.1,21.1,27.1,57.6
2024-06-01,6,Colima,19.7,28.1,36.5,115.1
2024-06-01,7,Chiapas,22.1,27.3,32.5,439.3
2024-06-01,8,Chihuahua,23.9,30.0,36.0,38.7
2024-06-01,9,Ciudad de México,22.3,27.5,32.8,105.0
2024-06-01,10,Durango,16.1,24.8,33.6,48.7
2024-06-01,11,Guanajuato,21.6,28.0,34.4,133.5
2024-06-01,12,Guerrero,16.6,23.7,30.8,139.2
2024-06-01,13,Hidalgo,15.9,22.9,29.9,164.3
2024-06-01,14,Jalisco,18.5,25.8,33.1,127.3
2024-06-01,15,Estado de México,11.4,18.3,25.3,160.3
2024-06-01,16,Michoacán,16.3,24.3,32.3,99.3
2024-06-01,17,Morelos,19.2,26.3,33.3,321.3
2024-06-01,18,Nayarit,22.3,28.1,33.9,169.4
2024-06-01,19,Nuevo León,22.8,29.2,35.5,233.5
2024-06-01,20,Oaxaca,20.1,26.6,33.2,258.7
2024-06-01,21,Puebla,14.8,21.8,28.8,256.9
2024-06-01,22,Querétaro,17.9,24.7,31.6,136.0
2024-06-01,23,Quintana Roo,25.7,29.8,33.8,555.5
2024-06-01,24,San Luis Potosí,24.1,30.9,37.7,175.9
2024-06-01,25,Sinaloa,22.4,29.5,36.5,40.3
2024-06-01,26,Sonora,21.3,30.2,39.1,33.8
2024-06-01,27,Tabasco,25.2,30.4,35.5,330.8
2024-06-01,28,Tamaulipas,25.4,31.2,37.0,308.8
2024-06-01,29,Tlaxcala,10.9,18.4,25.8,130.1
2024-06-01,30,Veracruz,21.7,27.4,33.0,305.3
2024-06-01,31,Yucatán,24.7,30.2,35.8,438.2
2024-06-01,32,Zacatecas,16.5,24.3,32.0,91.1
2024-07-01,0,Nacional,20.6,26.5,32.4,153.8
2024-07-01,1,Aguascalientes,14.8,20.3,25.9,212.7
2024-07-01,2,Baja California,21.0,27.7,34.5,1.8
2024-07-01,3,Baja California Sur,23.3,28.9,34.5,6.4
2024-07-01,4,Campeche,24.6,29.6,34.6,143.6
2024-07-01,5,Coahuila,22.7,28.3,33.9,47.6
2024-07-01,6,Colima,23.4,28.5,33.5,412.3
2024-07-01,7,Chiapas,21.5,26.7,31.8,267.5
2024-07-01,8,Chihuahua,19.5,26.5,33.5,79.8
2024-07-01,9,Ciudad de México,13.8,19.2,24.7,145.6
2024-07-01,10,Durango,15.7,22.3,28.9,142.1
2024-07-01,11,Guanajuato,15.3,20.9,26.5,214.5
2024-07-01,12,Guerrero,20.9,26.7,32.5,256.0
2024-07-01,13,Hidalgo,15.7,21.3,26.9,162.3
2024-07-01,14,Jalisco,18.0,23.6,29.2,299.4
2024-07-01,15,Estado de México,11.0,16.8,22.5,267.3
2024-07-01,16,Michoacán,15.2,21.8,28.4,269.3
2024-07-01,17,Morelos,17.5,23.2,29.0,449.0
2024-07-01,18,Nayarit,23.5,28.3,33.0,289.7
2024-07-01,19,Nuevo León,21.5,26.8,32.2,86.8
2024-07-01,20,Oaxaca,19.1,25.0,30.9,236.1
2024-07-01,21,Puebla,14.1,20.0,25.8,252.9
2024-07-01,22,Querétaro,16.6,22.0,27.3,165.1
2024-07-01,23,Quintana Roo,25.5,29.5,33.6,183.2
2024-07-01,24,San Luis Potosí,20.3,25.6,30.9,236.1
2024-07-01,25,Sinaloa,25.3,31.6,37.9,150.2
2024-07-01,26,Sonora,25.0,32.0,38.9,94.9
2024-07-01,27,Tabasco,24.3,29.2,34.1,163.7
2024-07-01,28,Tamaulipas,24.1,28.9,33.7,145.1
2024-07-01,29,Tlaxcala,10.8,17.2,23.6,162.9
2024-07-01,30,Veracruz,20.2,24.9,29.5,303.4
2024-07-01,31,Yucatán,24.2,29.4,34.6,151.7
2024-07-01,32,Zacatecas,15.2,21.0,26.8,156.6
2024-08-01,0,Nacional,20.5,26.8,33.2,117.2
2024-08-01,1,Aguascalientes,13.8,20.6,27.5,86.6
2024-08-01,2,Baja California,20.2,27.1,34.1,3.0
2024-08-01,3,Baja California Sur,24.1,29.7,35.3,16.5
2024-08-01,4,Campeche,24.3,29.3,34.4,195.1
2024-08-01,5,Coahuila,24.0,30.2,36.5,21.6
2024-08-01,6,Colima,23.8,28.8,33.9,389.7
2024-08-01,7,Chiapas,21.4,26.6,31.8,270.1
2024-08-01,8,Chihuahua,19.3,26.6,33.9,56.8
2024-08-01,9,Ciudad de México,13.7,19.4,25.2,235.1
2024-08-01,10,Durango,15.9,23.6,31.2,63.7
2024-08-01,11,Guanajuato,14.6,21.0,27.4,106.5
2024-08-01,12,Guerrero,20.2,26.2,32.3,226.8
2024-08-01,13,Hidalgo,15.1,21.3,27.4,68.0
2024-08-01,14,Jalisco,17.5,23.6,29.7,239.4
2024-08-01,15,Estado de México,10.6,16.7,22.7,258.8
2024-08-01,16,Michoacán,15.0,21.7,28.4,229.2
2024-08-01,17,Morelos,17.3,23.0,28.7,415.4
2024-08-01,18,Nayarit,23.5,28.1,32.8,266.6
2024-08-01,19,Nuevo León,21.7,28.3,34.9,31.4
2024-08-01,20,Oaxaca,18.9,25.2,31.5,199.2
2024-08-01,21,Puebla,13.4,19.9,26.3,179.2
2024-08-01,22,Querétaro,16.0,22.2,28.4,55.7
2024-08-01,23,Quintana Roo,25.1,29.6,34.0,132.0
2024-08-01,24,San Luis Potosí,19.7,26.3,32.8,43.8
2024-08-01,25,Sinaloa,24.8,30.7,36.7,209.9
2024-08-01,26,Sonora,24.5,31.5,38.5,94.9
2024-08-01,27,Tabasco,24.2,29.2,34.2,219.5
2024-08-01,28,Tamaulipas,24.3,30.1,35.9,46.8
2024-08-01,29,Tlaxcala,9.9,16.9,23.9,116.7
2024-08-01,30,Veracruz,20.4,25.2,30.1,210.7
2024-08-01,31,Yucatán,23.8,29.4,34.9,190.8
2024-08-01,32,Zacatecas,14.3,21.5,28.6,63.7
2024-09-01,0,Nacional,19.4,25.7,31.9,145.9
2024-09-01,1,Aguascalientes,14.3,20.1,25.9,136.1
2024-09-01,2,Baja California,17.8,25.1,32.5,0.0
2024-09-01,3,Baja California Sur,22.7,28.1,33.6,30.0
2024-09-01,4,Campeche,24.6,29.7,34.7,171.8
2024-09-01,5,Coahuila,20.7,26.3,31.9,82.8
2024-09-01,6,Colima,24.0,28.5,33.0,555.7
2024-09-01,7,Chiapas,21.5,26.5,31.5,331.3
2024-09-01,8,Chihuahua,15.8,23.6,31.4,37.0
2024-09-01,9,Ciudad de México,14.3,19.3,24.3,159.6
2024-09-01,10,Durango,15.1,22.1,29.1,79.1
2024-09-01,11,Guanajuato,15.0,20.7,26.3,115.4
2024-09-01,12,Guerrero,20.8,26.3,31.7,561.2
2024-09-01,13,Hidalgo,16.2,21.5,26.8,102.1
2024-09-01,14,Jalisco,18.0,23.9,29.8,224.1
2024-09-01,15,Estado de México,11.4,16.8,22.3,232.8
2024-09-01,16,Michoacán,15.3,21.6,28.0,310.8
2024-09-01,17,Morelos,17.7,22.8,27.9,497.2
2024-09-01,18,Nayarit,23.8,28.5,33.3,186.7
2024-09-01,19,Nuevo León,21.2,26.4,31.6,120.8
2024-09-01,20,Oaxaca,19.2,24.7,30.3,356.9
2024-09-01,21,Puebla,14.2,19.6,25.0,239.2
2024-09-01,22,Querétaro,16.7,22.2,27.7,88.3
2024-09-01,23,Quintana Roo,25.4,29.7,34.0,185.4
2024-09-01,24,San Luis Potosí,19.8,25.7,31.6,91.2
2024-09-01,25,Sinaloa,24.1,30.7,37.3,117.3
2024-09-01,26,Sonora,21.6,30.2,38.8,11.8
2024-09-01,27,Tabasco,24.7,29.6,34.5,271.6
2024-09-01,28,Tamaulipas,23.7,28.7,33.7,148.3
2024-09-01,29,Tlaxcala,10.8,16.6,22.4,144.2
2024-09-01,30,Veracruz,21.2,25.9,30.5,229.4
2024-09-01,31,Yucatán,24.2,29.3,34.4,230.3
2024-09-01,32,Zacatecas,14.3,20.5,26.8,77.9
2024-10-01,0,Nacional,16.3,23.5,30.6,71.9
2024-10-01,1,Aguascalientes,9.7,17.7,25.7,11.8
2024-10-01,2,Baja California,14.0,22.0,30.1,0.0
2024-10-01,3,Baja California Sur,21.4,27.5,33.7,0.1
2024-10-01,4,Campeche,23.0,27.5,32.0,200.3
2024-10-01,5,Coahuila,17.0,24.0,30.9,3.0
2024-10-01,6,Colima,22.9,28.3,33.8,91.5
2024-10-01,7,Chiapas,20.8,25.3,29.7,231.7
2024-10-01,8,Chihuahua,11.8,21.0,30.1,2.1
2024-10-01,9,Ciudad de México,11.4,16.9,22.4,45.5
2024-10-01,10,Durango,10.5,19.7,28.8,4.9
2024-10-01,11,Guanajuato,11.1,18.4,25.7,6.7
2024-10-01,12,Guerrero,19.3,25.4,31.5,99.1
2024-10-01,13,Hidalgo,12.3,18.3,24.4,40.3
2024-10-01,14,Jalisco,14.5,22.0,29.5,45.6
2024-10-01,15,Estado de México,7.8,14.5,21.2,54.6
2024-10-01,16,Michoacán,12.2,20.0,27.8,34.5
2024-10-01,17,Morelos,15.2,21.3,27.5,119.1
2024-10-01,18,Nayarit,22.7,28.3,33.9,51.9
2024-10-01,19,Nuevo León,16.0,22.9,29.7,39.8
2024-10-01,20,Oaxaca,17.4,23.2,29.1,219.5
2024-10-01,21,Puebla,11.6,17.6,23.7,127.7
2024-10-01,22,Querétaro,12.4,18.9,25.4,11.9
2024-10-01,23,Quintana Roo,23.7,27.9,32.1,339.8
2024-10-01,24,San Luis Potosí,16.1,23.0,29.9,24.6
2024-10-01,25,Sinaloa,22.7,30.3,38.0,18.3
2024-10-01,26,Sonora,17.9,27.4,36.8,1.9
2024-10-01,27,Tabasco,23.1,27.0,31.0,379.7
2024-10-01,28,Tamaulipas,19.7,25.7,31.8,62.4
2024-10-01,29,Tlaxcala,7.6,14.5,21.4,72.7
2024-10-01,30,Veracruz,18.8,23.3,27.8,330.4
2024-10-01,31,Yucatán,22.4,27.0,31.6,250.7
2024-10-01,32,Zacatecas,9.5,17.9,26.4,10.5
2024-11-01,0,Nacional,12.4,20.3,28.2,17.5
2024-11-01,1,Aguascalientes,8.1,17.6,27.2,0.0
2024-11-01,2,Baja California,7.5,14.9,22.4,1.7
2024-11-01,3,Baja California Sur,14.9,21.3,27.7,0.3
2024-11-01,4,Campeche,21.3,26.5,31.6,72.4
2024-11-01,5,Coahuila,13.2,20.5,27.8,4.9
2024-11-01,6,Colima,22.0,27.5,33.0,2.9
2024-11-01,7,Chiapas,19.3,24.6,29.9,91.4
2024-11-01,8,Chihuahua,5.1,14.7,24.2,3.5
2024-11-01,9,Ciudad de México,9.8,17.4,25.0,14.6
2024-11-01,10,Durango,6.7,17.4,28.0,0.7
2024-11-01,11,Guanajuato,9.7,18.7,27.6,1.2
2024-11-01,12,Guerrero,18.7,25.5,32.3,7.9
2024-11-01,13,Hidalgo,10.5,18.5,26.5,20.8
2024-11-01,14,Jalisco,13.0,21.3,29.6,5.7
2024-11-01,15,Estado de México,5.2,13.9,22.6,13.1
2024-11-01,16,Michoacán,10.7,19.7,28.6,8.8
2024-11-01,17,Morelos,13.1,20.8,28.5,10.1
2024-11-01,18,Nayarit,18.7,25.4,32.1,6.6
2024-11-01,19,Nuevo León,15.0,21.7,28.4,3.0
2024-11-01,20,Oaxaca,15.3,22.7,30.1,26.0
2024-11-01,21,Puebla,9.2,17.4,25.6,27.7
2024-11-01,22,Querétaro,11.2,19.6,28.0,3.1
2024-11-01,23,Quintana Roo,22.1,26.7,31.3,129.3
2024-11-01,24,San Luis Potosí,15.3,22.9,30.4,4.0
2024-11-01,25,Sinaloa,14.7,23.9,33.2,1.5
2024-11-01,26,Sonora,7.8,18.0,28.2,2.5
2024-11-01,27,Tabasco,22.0,26.6,31.1,94.2
2024-11-01,28,Tamaulipas,18.6,24.4,30.2,7.6
2024-11-01,29,Tlaxcala,4.8,14.0,23.2,14.6
2024-11-01,30,Veracruz,16.8,22.3,27.8,48.8
2024-11-01,31,Yucatán,20.8,25.8,30.9,67.0
2024-11-01,32,Zacatecas,7.9,17.8,27.7,0.2
2024-12-01,0,Nacional,9.9,18.0,26.0,13.4
2024-12-01,1,Aguascalientes,5.4,14.7,24.0,1.7
2024-12-01,2,Baja California,6.4,14.0,21.7,0.1
2024-12-01,3,Baja California Sur,12.9,19.6,26.3,0.0
2024-12-01,4,Campeche,19.0,24.3,29.7,24.0
2024-12-01,5,Coahuila,9.7,16.8,23.9,4.2
2024-12-01,6,Colima,20.0,26.5,32.9,1.5
2024-12-01,7,Chiapas,17.2,22.8,28.5,46.0
2024-12-01,8,Chihuahua,2.6,12.1,21.7,0.1
2024-12-01,9,Ciudad de México,8.2,15.5,22.8,3.0
2024-12-01,10,Durango,3.8,14.3,24.8,5.8
2024-12-01,11,Guanajuato,7.3,16.0,24.8,3.7
2024-12-01,12,Guerrero,16.3,23.8,31.4,2.2
2024-12-01,13,Hidalgo,8.0,15.7,23.5,24.2
2024-12-01,14,Jalisco,10.7,19.3,27.9,1.8
2024-12-01,15,Estado de México,4.7,13.1,21.5,3.2
2024-12-01,16,Michoacán,8.3,17.7,27.2,5.6
2024-12-01,17,Morelos,10.6,19.2,27.8,0.2
2024-12-01,18,Nayarit,15.2,22.9,30.7,1.3
2024-12-01,19,Nuevo León,11.4,18.2,25.0,22.4
2024-12-01,20,Oaxaca,13.4,20.7,28.1,9.0
2024-12-01,21,Puebla,7.4,15.5,23.7,19.7
2024-12-01,22,Querétaro,9.2,16.7,24.2,9.2
2024-12-01,23,Quintana Roo,19.9,24.6,29.3,86.2
2024-12-01,24,San Luis Potosí,12.8,19.8,26.8,24.7
2024-12-01,25,Sinaloa,11.7,21.7,31.6,1.0
2024-12-01,26,Sonora,5.7,16.7,27.6,0.1
2024-12-01,27,Tabasco,19.8,24.3,28.8,92.8
2024-12-01,28,Tamaulipas,15.3,21.1,27.0,29.3
2024-12-01,29,Tlaxcala,3.2,12.7,22.1,10.5
2024-12-01,30,Veracruz,15.0,20.3,25.5,55.8
2024-12-01,31,Yucatán,18.0,23.4,28.8,30.0
2024-12-01,32,Zacatecas,5.2,15.1,24.9,7.7
2025-01-01,0,Nacional,8.2,15.9,23.7,19.5
2025-01-01,1,Aguascalientes,5.4,14.0,22.6,9.5
2025-01-01,2,Baja California,5.0,12.1,19.3,3.8
2025-01-01,3,Baja California Sur,10.3,17.0,23.7,1.2
2025-01-01,4,Campeche,19.3,24.6,29.9,37.9
2025-01-01,5,Coahuila,5.2,11.9,18.7,3.4
2025-01-01,6,Colima,18.9,25.3,31.7,14.9
2025-01-01,7,Chiapas,17.3,23.5,29.8,48.0
2025-01-01,8,Chihuahua,-0.5,8.3,17.2,11.4
2025-01-01,9,Ciudad de México,9.0,15.9,22.8,12.3
2025-01-01,10,Durango,2.4,12.2,21.9,14.0
2025-01-01,11,Guanajuato,7.5,15.8,24.2,3.7
2025-01-01,12,Guerrero,16.7,24.0,31.3,43.7
2025-01-01,13,Hidalgo,7.6,15.5,23.3,11.6
2025-01-01,14,Jalisco,9.9,18.2,26.5,7.3
2025-01-01,15,Estado de México,4.9,13.1,21.3,30.5
2025-01-01,16,Michoacán,8.3,17.5,26.7,18.5
2025-01-01,17,Morelos,11.7,19.8,27.8,46.1
2025-01-01,18,Nayarit,12.8,20.1,27.5,14.1
2025-01-01,19,Nuevo León,6.6,13.5,20.5,12.3
2025-01-01,20,Oaxaca,13.8,21.3,28.9,24.2
2025-01-01,21,Puebla,7.6,15.3,22.9,27.0
2025-01-01,22,Querétaro,8.4,16.4,24.5,3.4
2025-01-01,23,Quintana Roo,19.8,24.6,29.3,94.1
2025-01-01,24,San Luis Potosí,9.7,17.0,24.2,11.8
2025-01-01,25,Sinaloa,9.9,19.3,28.7,12.8
2025-01-01,26,Sonora,3.5,13.6,23.7,2.5
2025-01-01,27,Tabasco,20.2,24.5,28.8,113.4
2025-01-01,28,Tamaulipas,11.1,17.0,22.8,17.1
2025-01-01,29,Tlaxcala,3.9,12.7,21.5,9.5
2025-01-01,30,Veracruz,13.4,18.6,23.8,64.9
2025-01-01,31,Yucatán,18.2,23.8,29.4,30.2
2025-01-01,32,Zacatecas,4.0,13.3,22.6,10.5
2025-02-01,0,Nacional,10.6,19.3,28.0,12.6
2025-02-01,1,Aguascalientes,6.7,16.8,26.9,0.0
2025-02-01,2,Baja California,7.9,15.0,22.1,4.7
2025-02-01,3,Baja California Sur,11.6,19.0,26.4,0.0
2025-02-01,4,Campeche,20.7,26.4,32.0,69.7
2025-02-01,5,Coahuila,9.5,17.6,25.8,2.0
2025-02-01,6,Colima,19.2,25.9,32.6,0.1
2025-02-01,7,Chiapas,18.7,25.1,31.5,51.3
2025-02-01,8,Chihuahua,4.1,14.6,25.1,0.0
2025-02-01,9,Ciudad de México,10.7,17.5,24.2,11.7
2025-02-01,10,Durango,4.1,15.8,27.5,0.1
2025-02-01,11,Guanajuato,9.1,18.1,27.2,6.1
2025-02-01,12,Guerrero,18.4,25.6,32.7,3.7
2025-02-01,13,Hidalgo,9.7,17.8,25.8,16.8
2025-02-01,14,Jalisco,10.7,20.2,29.7,0.9
2025-02-01,15,Estado de México,6.0,14.5,22.9,19.3
2025-02-01,16,Michoacán,9.7,19.3,28.9,3.2
2025-02-01,17,Morelos,14.3,22.6,30.9,11.5
2025-02-01,18,Nayarit,12.7,22.5,32.3,0.1
2025-02-01,19,Nuevo León,10.8,19.0,27.2,5.6
2025-02-01,20,Oaxaca,16.1,23.7,31.3,12.5
2025-02-01,21,Puebla,9.6,17.6,25.5,31.6
2025-02-01,22,Querétaro,10.5,18.9,27.4,8.2
2025-02-01,23,Quintana Roo,21.4,26.0,30.7,61.4
2025-02-01,24,San Luis Potosí,12.5,20.7,28.9,3.6
2025-02-01,25,Sinaloa,10.3,21.5,32.6,0.0
2025-02-01,26,Sonora,6.6,17.8,28.9,0.0
2025-02-01,27,Tabasco,21.1,25.9,30.7,122.4
2025-02-01,28,Tamaulipas,13.9,20.8,27.7,4.9
2025-02-01,29,Tlaxcala,5.4,14.4,23.5,30.7
2025-02-01,30,Veracruz,15.3,20.9,26.5,52.5
2025-02-01,31,Yucatán,19.8,25.9,32.0,50.7
2025-02-01,32,Zacatecas,5.3,16.0,26.7,0.0
2025-03-01,0,Nacional,12.0,20.8,29.7,8.0
2025-03-01,1,Aguascalientes,6.6,17.8,29.0,0.0
2025-03-01,2,Baja California,8.7,15.0,21.3,28.9
2025-03-01,3,Baja California Sur,13.1,20.0,26.9,0.7
2025-03-01,4,Campeche,21.4,27.7,34.0,14.2
2025-03-01,5,Coahuila,13.6,21.8,30.0,6.4
2025-03-01,6,Colima,18.2,25.2,32.3,0.0
2025-03-01,7,Chiapas,19.2,26.2,33.3,21.6
2025-03-01,8,Chihuahua,5.9,15.5,25.1,0.8
2025-03-01,9,Ciudad de México,12.4,19.8,27.3,8.4
2025-03-01,10,Durango,6.6,17.6,28.5,0.0
2025-03-01,11,Guanajuato,9.8,19.6,29.3,0.2
2025-03-01,12,Guerrero,18.6,26.2,33.8,0.1
2025-03-01,13,Hidalgo,11.0,19.9,28.8,3.4
2025-03-01,14,Jalisco,10.7,21.0,31.2,0.0
2025-03-01,15,Estado de México,6.8,16.3,25.7,2.7
2025-03-01,16,Michoacán,10.3,20.7,31.1,0.1
2025-03-01,17,Morelos,15.3,24.6,33.9,0.4
2025-03-01,18,Nayarit,11.5,22.0,32.4,0.0
2025-03-01,19,Nuevo León,13.5,22.6,31.6,30.7
2025-03-01,20,Oaxaca,16.6,24.8,33.1,2.9
2025-03-01,21,Puebla,10.9,19.6,28.3,5.5
2025-03-01,22,Querétaro,11.7,21.0,30.4,0.4
2025-03-01,23,Quintana Roo,21.5,26.8,32.1,14.1
2025-03-01,24,San Luis Potosí,13.7,23.5,33.4,1.9
2025-03-01,25,Sinaloa,11.2,22.0,32.7,0.0
2025-03-01,26,Sonora,7.8,18.2,28.7,2.5
2025-03-01,27,Tabasco,22.0,27.7,33.3,25.1
2025-03-01,28,Tamaulipas,16.7,24.5,32.3,55.5
2025-03-01,29,Tlaxcala,6.5,16.2,25.8,8.3
2025-03-01,30,Veracruz,16.3,23.0,29.7,7.7
2025-03-01,31,Yucatán,20.0,26.9,33.8,16.0
2025-03-01,32,Zacatecas,5.0,16.5,27.9,0.1
2025-04-01,0,Nacional,14.1,22.8,31.4,6.5
2025-04-01,1,Aguascalientes,8.6,19.3,30.0,0.1
2025-04-01,2,Baja California,10.4,16.9,23.5,3.2
2025-04-01,3,Baja California Sur,15.1,21.8,28.5,0.7
2025-04-01,4,Campeche,22.4,28.7,35.0,14.6
2025-04-01,5,Coahuila,17.0,24.8,32.6,6.1
2025-04-01,6,Colima,18.5,25.5,32.5,0.0
2025-04-01,7,Chiapas,19.7,26.3,32.8,55.4
2025-04-01,8,Chihuahua,9.4,18.9,28.5,2.6
2025-04-01,9,Ciudad de México,12.4,20.2,28.0,2.5
2025-04-01,10,Durango,9.9,20.4,30.9,0.2
2025-04-01,11,Guanajuato,11.5,21.1,30.7,0.1
2025-04-01,12,Guerrero,18.9,26.7,34.4,1.5
2025-04-01,13,Hidalgo,11.1,20.5,29.9,3.8
2025-04-01,14,Jalisco,12.6,22.5,32.3,0.0
2025-04-01,15,Estado de México,7.0,16.6,26.2,4.6
2025-04-01,16,Michoacán,11.3,21.6,31.8,0.2
2025-04-01,17,Morelos,16.1,25.5,34.8,5.6
2025-04-01,18,Nayarit,15.2,24.2,33.2,0.0
2025-04-01,19,Nuevo León,16.5,25.0,33.5,2.4
2025-04-01,20,Oaxaca,17.3,25.5,33.7,10.4
2025-04-01,21,Puebla,11.1,20.1,29.0,11.3
2025-04-01,22,Querétaro,12.7,21.9,31.0,0.4
2025-04-01,23,Quintana Roo,22.3,27.5,32.7,27.0
2025-04-01,24,San Luis Potosí,15.8,25.1,34.5,1.4
2025-04-01,25,Sinaloa,15.0,24.9,34.9,0.0
2025-04-01,26,Sonora,10.7,21.2,31.7,0.3
2025-04-01,27,Tabasco,22.5,28.5,34.4,34.3
2025-04-01,28,Tamaulipas,19.5,26.5,33.5,5.9
2025-04-01,29,Tlaxcala,6.4,16.3,26.3,13.4
2025-04-01,30,Veracruz,16.9,23.7,30.5,8.6
2025-04-01,31,Yucatán,20.6,27.6,34.6,19.6
2025-04-01,32,Zacatecas,8.2,19.0,29.7,1.1
2025-05-01,0,Nacional,17.5,25.5,33.5,43.1
2025-05-01,1,Aguascalientes,12.2,22.0,31.7,32.7
2025-05-01,2,Baja California,13.8,20.5,27.2,2.4
2025-05-01,3,Baja California Sur,17.3,23.9,30.5,1.1
2025-05-01,4,Campeche,25.0,31.6,38.3,28.6
2025-05-01,5,Coahuila,20.6,27.6,34.6,35.9
2025-05-01,6,Colima,22.3,28.2,34.1,69.5
2025-05-01,7,Chiapas,21.8,28.1,34.3,134.8
2025-05-01,8,Chihuahua,13.4,22.5,31.6,6.2
2025-05-01,9,Ciudad de México,15.0,21.6,28.3,64.6
2025-05-01,10,Durango,13.3,23.1,32.9,13.9
2025-05-01,11,Guanajuato,15.1,23.5,31.8,73.1
2025-05-01,12,Guerrero,21.0,28.0,34.9,80.4
2025-05-01,13,Hidalgo,15.3,23.2,31.2,70.9
2025-05-01,14,Jalisco,16.2,24.8,33.4,29.2
2025-05-01,15,Estado de México,10.7,18.5,26.4,110.0
2025-05-01,16,Michoacán,14.8,23.8,32.7,46.0
2025-05-01,17,Morelos,18.5,26.3,34.2,260.7
2025-05-01,18,Nayarit,18.4,26.6,34.8,17.6
2025-05-01,19,Nuevo León,20.3,27.4,34.5,67.8
2025-05-01,20,Oaxaca,19.4,26.9,34.4,102.7
2025-05-01,21,Puebla,14.4,22.1,29.8,163.3
2025-05-01,22,Querétaro,16.9,24.8,32.7,73.9
2025-05-01,23,Quintana Roo,25.5,29.9,34.4,52.1
2025-05-01,24,San Luis Potosí,19.6,28.1,36.6,59.2
2025-05-01,25,Sinaloa,18.3,27.6,36.9,1.5
2025-05-01,26,Sonora,14.2,24.4,34.6,0.6
2025-05-01,27,Tabasco,24.9,31.3,37.8,48.9
2025-05-01,28,Tamaulipas,23.2,29.5,35.8,82.3
2025-05-01,29,Tlaxcala,10.1,18.4,26.7,141.6
2025-05-01,30,Veracruz,20.2,26.7,33.2,82.7
2025-05-01,31,Yucatán,24.1,30.8,37.6,60.8
2025-05-01,32,Zacatecas,12.7,22.2,31.7,26.9
2025-06-01,0,Nacional,20.0,26.4,32.9,155.5
2025-06-01,1,Aguascalientes,13.9,20.8,27.6,157.8
2025-06-01,2,Baja California,16.7,23.5,30.4,5.4
2025-06-01,3,Baja California Sur,21.1,26.9,32.7,3.5
2025-06-01,4,Campeche,24.5,30.1,35.7,189.7
2025-06-01,5,Coahuila,23.0,29.3,35.5,28.3
2025-06-01,6,Colima,23.6,28.3,32.9,389.3
2025-06-01,7,Chiapas,21.2,26.3,31.3,422.3
2025-06-01,8,Chihuahua,18.6,26.6,34.7,75.8
2025-06-01,9,Ciudad de México,14.3,19.2,24.1,211.6
2025-06-01,10,Durango,17.0,25.0,33.1,81.7
2025-06-01,11,Guanajuato,15.4,21.1,26.8,177.1
2025-06-01,12,Guerrero,19.9,25.6,31.3,347.5
2025-06-01,13,Hidalgo,15.8,21.1,26.5,202.3
2025-06-01,14,Jalisco,18.5,24.4,30.3,231.4
2025-06-01,15,Estado de México,11.6,17.0,22.3,259.1
2025-06-01,16,Michoacán,15.1,21.6,28.0,245.3
2025-06-01,17,Morelos,17.8,23.3,28.7,466.0
2025-06-01,18,Nayarit,23.6,28.6,33.7,262.3
2025-06-01,19,Nuevo León,21.3,27.6,33.9,64.9
2025-06-01,20,Oaxaca,19.5,24.7,30.0,325.5
2025-06-01,21,Puebla,14.5,19.9,25.4,285.1
2025-06-01,22,Querétaro,17.0,22.3,27.7,163.2
2025-06-01,23,Quintana Roo,25.1,29.4,33.7,194.2
2025-06-01,24,San Luis Potosí,19.7,25.6,31.4,187.6
2025-06-01,25,Sinaloa,24.8,31.2,37.7,89.5
2025-06-01,26,Sonora,21.6,30.0,38.4,34.5
2025-06-01,27,Tabasco,24.3,29.7,35.1,218.7
2025-06-01,28,Tamaulipas,24.0,29.2,34.5,271.3
2025-06-01,29,Tlaxcala,10.4,16.2,21.9,185.2
2025-06-01,30,Veracruz,20.0,24.7,29.5,389.8
2025-06-01,31,Yucatán,23.9,29.7,35.4,146.8
2025-06-01,32,Zacatecas,14.8,21.8,28.8,89.8
2025-07-01,0,Nacional,19.9,26.1,32.2,113.9
2025-07-01,1,Aguascalientes,12.9,19.4,26.0,143.8
2025-07-01,2,Baja California,19.0,25.6,32.2,0.3
2025-07-01,3,Baja California Sur,23.3,28.7,34.1,8.4
2025-07-01,4,Campeche,24.3,29.8,35.4,121.6
2025-07-01,5,Coahuila,22.2,28.1,34.0,64.5
2025-07-01,6,Colima,23.3,28.5,33.7,247.2
2025-07-01,7,Chiapas,20.8,26.3,31.9,167.5
2025-07-01,8,Chihuahua,18.2,25.0,31.9,104.7
2025-07-01,9,Ciudad de México,12.9,18.7,24.5,131.4
2025-07-01,10,Durango,15.6,22.5,29.3,142.8
2025-07-01,11,Guanajuato,13.7,20.0,26.2,125.7
2025-07-01,12,Guerrero,19.9,25.9,31.9,163.1
2025-07-01,13,Hidalgo,14.3,20.3,26.2,100.4
2025-07-01,14,Jalisco,17.3,23.3,29.3,180.8
2025-07-01,15,Estado de México,10.2,16.4,22.6,152.9
2025-07-01,16,Michoacán,14.2,20.9,27.6,169.9
2025-07-01,17,Morelos,16.4,22.4,28.4,224.7
2025-07-01,18,Nayarit,23.0,28.2,33.5,264.6
2025-07-01,19,Nuevo León,22.0,28.4,34.8,47.0
2025-07-01,20,Oaxaca,18.9,25.2,31.4,143.5
2025-07-01,21,Puebla,13.0,19.6,26.3,139.3
2025-07-01,22,Querétaro,15.5,21.2,27.0,104.6
2025-07-01,23,Quintana Roo,25.5,29.7,34.0,64.6
2025-07-01,24,San Luis Potosí,19.2,25.0,30.9,115.1
2025-07-01,25,Sinaloa,24.4,30.4,36.5,230.7
2025-07-01,26,Sonora,24.0,31.1,38.2,88.2
2025-07-01,27,Tabasco,24.0,29.8,35.5,99.2
2025-07-01,28,Tamaulipas,23.7,28.9,34.2,65.4
2025-07-01,29,Tlaxcala,9.2,16.3,23.4,102.0
2025-07-01,30,Veracruz,20.3,25.5,30.7,173.1
2025-07-01,31,Yucatán,23.3,29.3,35.3,87.3
2025-07-01,32,Zacatecas,13.6,20.0,26.4,125.3
2025-08-01,0,Nacional,20.1,26.6,33.0,122.2
2025-08-01,1,Aguascalientes,12.9,20.1,27.4,139.3
2025-08-01,2,Baja California,19.8,26.7,33.5,7.8
2025-08-01,3,Baja California Sur,24.7,29.8,34.9,46.9
2025-08-01,4,Campeche,24.0,29.2,34.5,175.8
2025-08-01,5,Coahuila,23.2,29.6,35.9,25.3
2025-08-01,6,Colima,23.5,28.6,33.6,373.5
2025-08-01,7,Chiapas,20.8,26.4,32.0,244.3
2025-08-01,8,Chihuahua,18.0,25.3,32.5,79.0
2025-08-01,9,Ciudad de México,13.2,19.0,24.8,173.7
2025-08-01,10,Durango,15.8,23.1,30.3,116.2
2025-08-01,11,Guanajuato,13.7,20.5,27.3,133.5
2025-08-01,12,Guerrero,20.1,25.9,31.7,218.7
2025-08-01,13,Hidalgo,14.1,20.8,27.4,61.6
2025-08-01,14,Jalisco,17.1,23.3,29.5,207.2
2025-08-01,15,Estado de México,10.6,16.8,23.1,189.7
2025-08-01,16,Michoacán,14.3,20.9,27.6,171.7
2025-08-01,17,Morelos,16.6,22.6,28.6,400.4
2025-08-01,18,Nayarit,23.0,28.3,33.5,360.1
2025-08-01,19,Nuevo León,21.5,28.8,36.1,43.0
2025-08-01,20,Oaxaca,18.5,25.0,31.5,178.2
2025-08-01,21,Puebla,13.2,20.0,26.7,187.8
2025-08-01,22,Querétaro,15.2,21.5,27.8,91.8
2025-08-01,23,Quintana Roo,25.2,29.8,34.4,109.2
2025-08-01,24,San Luis Potosí,19.2,26.3,33.3,69.5
2025-08-01,25,Sinaloa,24.8,30.6,36.5,235.8
2025-08-01,26,Sonora,25.0,32.0,39.1,102.9
2025-08-01,27,Tabasco,24.0,29.7,35.3,160.2
2025-08-01,28,Tamaulipas,24.1,30.2,36.4,48.1
2025-08-01,29,Tlaxcala,9.2,16.4,23.6,129.8
2025-08-01,30,Veracruz,20.7,26.1,31.6,191.6
2025-08-01,31,Yucatán,23.3,29.2,35.1,146.3
2025-08-01,32,Zacatecas,13.5,20.5,27.6,111.0
2025-09-01,0,Nacional,19.6,25.5,31.4,158.1
2025-09-01,1,Aguascalientes,14.0,20.6,27.1,121.0
2025-09-01,2,Baja California,19.5,25.6,31.7,22.8
2025-09-01,3,Baja California Sur,24.3,29.2,34.1,165.2
2025-09-01,4,Campeche,23.9,29.1,34.3,151.9
2025-09-01,5,Coahuila,21.1,27.1,33.0,37.5
2025-09-01,6,Colima,23.7,28.6,33.4,332.5
2025-09-01,7,Chiapas,21.3,26.4,31.5,361.0
2025-09-01,8,Chihuahua,16.8,23.4,29.9,90.1
2025-09-01,9,Ciudad de México,14.0,19.3,24.6,196.7
2025-09-01,10,Durango,15.6,22.2,28.8,147.0
2025-09-01,11,Guanajuato,14.5,20.7,26.9,120.7
2025-09-01,12,Guerrero,19.9,25.5,31.1,240.3
2025-09-01,13,Hidalgo,15.3,21.1,26.9,130.1
2025-09-01,14,Jalisco,17.9,23.9,29.8,208.3
2025-09-01,15,Estado de México,11.0,17.1,23.1,200.4
2025-09-01,16,Michoacán,14.1,20.7,27.4,166.5
2025-09-01,17,Morelos,17.0,22.5,28.0,499.7
2025-09-01,18,Nayarit,23.1,28.1,33.0,468.0
2025-09-01,19,Nuevo León,20.5,26.5,32.5,103.3
2025-09-01,20,Oaxaca,18.3,24.3,30.4,233.6
2025-09-01,21,Puebla,13.6,19.5,25.5,244.6
2025-09-01,22,Querétaro,15.8,21.3,26.9,127.8
2025-09-01,23,Quintana Roo,24.6,29.2,33.8,150.7
2025-09-01,24,San Luis Potosí,19.8,25.8,31.8,146.2
2025-09-01,25,Sinaloa,24.5,30.1,35.6,250.2
2025-09-01,26,Sonora,23.2,29.5,35.9,129.8
2025-09-01,27,Tabasco,24.1,29.1,34.2,230.3
2025-09-01,28,Tamaulipas,23.2,28.6,33.9,138.2
2025-09-01,29,Tlaxcala,10.3,16.8,23.3,139.6
2025-09-01,30,Veracruz,20.2,25.3,30.3,238.3
2025-09-01,31,Yucatán,22.9,28.7,34.5,183.8
2025-09-01,32,Zacatecas,13.9,20.1,26.3,138.0
2025-10-01,0,Nacional,16.7,23.5,30.3,79.7
2025-10-01,1,Aguascalientes,10.3,18.6,26.9,14.0
2025-10-01,2,Baja California,14.0,20.5,27.0,4.7
2025-10-01,3,Baja California Sur,20.6,26.2,31.8,23.9
2025-10-01,4,Campeche,23.4,27.9,32.5,133.7
2025-10-01,5,Coahuila,17.6,24.6,31.6,3.9
2025-10-01,6,Colima,23.4,28.0,32.7,142.2
2025-10-01,7,Chiapas,21.0,25.8,30.7,261.7
2025-10-01,8,Chihuahua,12.4,20.6,28.8,29.3
2025-10-01,9,Ciudad de México,12.0,17.9,23.7,71.0
2025-10-01,10,Durango,12.1,20.5,29.0,19.9
2025-10-01,11,Guanajuato,11.3,19.0,26.8,25.6
2025-10-01,12,Guerrero,19.7,25.3,31.0,143.6
2025-10-01,13,Hidalgo,11.8,18.5,25.2,173.2
2025-10-01,14,Jalisco,15.9,22.7,29.4,41.7
2025-10-01,15,Estado de México,8.6,15.5,22.5,84.7
2025-10-01,16,Michoacán,13.3,20.8,28.2,57.3
2025-10-01,17,Morelos,15.8,21.9,28.0,176.9
2025-10-01,18,Nayarit,22.7,27.9,33.2,83.5
2025-10-01,19,Nuevo León,17.8,24.3,30.8,40.4
2025-10-01,20,Oaxaca,17.4,23.5,29.6,181.2
2025-10-01,21,Puebla,11.7,18.5,25.2,162.2
2025-10-01,22,Querétaro,12.8,19.5,26.1,80.0
2025-10-01,23,Quintana Roo,23.8,28.3,32.8,177.6
2025-10-01,24,San Luis Potosí,16.4,23.3,30.1,62.2
2025-10-01,25,Sinaloa,22.6,29.0,35.4,61.9
2025-10-01,26,Sonora,17.3,25.6,33.9,67.0
2025-10-01,27,Tabasco,23.6,28.1,32.7,208.2
2025-10-01,28,Tamaulipas,20.7,26.6,32.4,90.9
2025-10-01,29,Tlaxcala,7.9,15.3,22.7,64.0
2025-10-01,30,Veracruz,18.7,23.7,28.8,264.2
2025-10-01,31,Yucatán,22.0,27.4,32.8,131.2
2025-10-01,32,Zacatecas,9.9,18.4,26.9,9.5
2025-11-01,0,Nacional,12.7,20.5,28.4,21.8
2025-11-01,1,Aguascalientes,6.2,16.3,26.5,0.0
2025-11-01,2,Baja California,11.3,17.7,24.1,35.0
2025-11-01,3,Baja California Sur,17.7,23.7,29.7,4.7
2025-11-01,4,Campeche,20.9,25.9,30.8,60.9
2025-11-01,5,Coahuila,12.8,20.4,27.9,3.1
2025-11-01,6,Colima,22.2,28.0,33.7,0.2
2025-11-01,7,Chiapas,19.5,24.8,30.0,80.7
2025-11-01,8,Chihuahua,6.2,15.5,24.8,4.4
2025-11-01,9,Ciudad de México,9.2,16.3,23.5,1.6
2025-11-01,10,Durango,6.3,16.6,27.0,0.6
2025-11-01,11,Guanajuato,6.9,16.6,26.2,0.6
2025-11-01,12,Guerrero,19.3,25.6,31.9,5.6
2025-11-01,13,Hidalgo,9.2,17.2,25.2,24.6
2025-11-01,14,Jalisco,12.0,20.7,29.3,0.4
2025-11-01,15,Estado de México,4.7,13.4,22.1,3.5
2025-11-01,16,Michoacán,10.2,19.1,28.1,0.7
2025-11-01,17,Morelos,12.9,20.9,28.8,0.8
2025-11-01,18,Nayarit,19.1,26.2,33.2,0.4
2025-11-01,19,Nuevo León,13.1,21.0,28.8,14.8
2025-11-01,20,Oaxaca,15.3,22.6,29.8,33.4
2025-11-01,21,Puebla,8.4,16.6,24.8,38.6
2025-11-01,22,Querétaro,9.3,17.5,25.7,4.6
2025-11-01,23,Quintana Roo,21.5,26.1,30.8,96.8
2025-11-01,24,San Luis Potosí,13.0,21.1,29.1,10.4
2025-11-01,25,Sinaloa,17.2,25.7,34.1,0.5
2025-11-01,26,Sonora,12.0,21.1,30.3,17.0
2025-11-01,27,Tabasco,21.3,26.0,30.7,119.8
2025-11-01,28,Tamaulipas,17.1,23.6,30.1,14.5
2025-11-01,29,Tlaxcala,3.8,13.5,23.1,3.4
2025-11-01,30,Veracruz,16.8,22.2,27.5,118.4
2025-11-01,31,Yucatán,19.6,25.2,30.8,47.6
2025-11-01,32,Zacatecas,5.0,15.6,26.2,0.4
2025-12-01,0,Nacional,11.4,18.8,26.3,28.7
2025-12-01,1,Aguascalientes,6.0,15.0,23.9,10.8
2025-12-01,2,Baja California,10.1,16.3,22.4,13.1
2025-12-01,3,Baja California Sur,15.9,21.9,27.9,13.7
2025-12-01,4,Campeche,20.4,25.6,30.8,86.0
2025-12-01,5,Coahuila,9.6,17.0,24.3,2.3
2025-12-01,6,Colima,20.6,26.8,33.0,17.0
2025-12-01,7,Chiapas,19.0,24.1,29.2,117.7
2025-12-01,8,Chihuahua,4.1,13.2,22.3,2.1
2025-12-01,9,Ciudad de México,9.6,15.5,21.5,8.7
2025-12-01,10,Durango,5.2,14.6,24.1,8.1
2025-12-01,11,Guanajuato,7.8,16.0,24.1,15.7
2025-12-01,12,Guerrero,18.7,25.1,31.6,2.7
2025-12-01,13,Hidalgo,9.8,16.4,23.0,26.9
2025-12-01,14,Jalisco,11.2,19.2,27.2,19.9
2025-12-01,15,Estado de México,5.9,13.2,20.5,10.5
2025-12-01,16,Michoacán,9.7,18.3,26.8,6.8
2025-12-01,17,Morelos,13.1,20.9,28.6,5.9
2025-12-01,18,Nayarit,17.1,23.9,30.6,7.2
2025-12-01,19,Nuevo León,10.4,17.5,24.7,9.5
2025-12-01,20,Oaxaca,14.8,21.4,28.1,36.5
2025-12-01,21,Puebla,9.0,16.5,23.9,47.5
2025-12-01,22,Querétaro,10.3,17.1,23.9,14.7
2025-12-01,23,Quintana Roo,21.6,25.9,30.2,97.6
2025-12-01,24,San Luis Potosí,12.9,19.7,26.5,24.6
2025-12-01,25,Sinaloa,15.2,23.5,31.8,6.2
2025-12-01,26,Sonora,9.8,19.0,28.2,3.5
2025-12-01,27,Tabasco,21.2,25.6,30.0,242.3
2025-12-01,28,Tamaulipas,14.7,20.7,26.7,26.5
2025-12-01,29,Tlaxcala,4.9,13.3,21.8,18.8
2025-12-01,30,Veracruz,15.4,20.4,25.4,166.1
2025-12-01,31,Yucatán,19.0,24.8,30.6,52.2
2025-12-01,32,Zacatecas,5.5,14.7,24.0,8.8
2026-01-01,0,Nacional,9.5,17.0,24.6,25.7
2026-01-01,1,Aguascalientes,5.2,14.1,23.0,5.2
2026-01-01,2,Baja California,9.4,15.3,21.3,15.2
2026-01-01,3,Baja California Sur,14.0,20.0,26.1,29.1
2026-01-01,4,Campeche,17.8,23.4,29.0,29.2
2026-01-01,5,Coahuila,6.7,14.0,21.3,8.9
2026-01-01,6,Colima,19.6,26.0,32.4,37.9
2026-01-01,7,Chiapas,16.7,22.9,29.2,44.6
2026-01-01,8,Chihuahua,2.2,10.5,18.8,23.3
2026-01-01,9,Ciudad de México,8.4,15.4,22.3,6.2
2026-01-01,10,Durango,4.4,13.0,21.6,31.5
2026-01-01,11,Guanajuato,6.2,15.1,23.9,11.2
2026-01-01,12,Guerrero,18.0,24.6,31.2,11.3
2026-01-01,13,Hidalgo,7.0,14.9,22.7,8.5
2026-01-01,14,Jalisco,10.0,18.3,26.6,16.0
2026-01-01,15,Estado de México,3.8,12.3,20.8,15.8
2026-01-01,16,Michoacán,8.7,17.5,26.3,12.1
2026-01-01,17,Morelos,11.6,20.0,28.4,0.7
2026-01-01,18,Nayarit,16.5,23.2,29.8,9.2
2026-01-01,19,Nuevo León,7.8,15.4,23.0,5.0
2026-01-01,20,Oaxaca,13.3,20.9,28.4,22.3
2026-01-01,21,Puebla,6.8,15.1,23.3,11.7
2026-01-01,22,Querétaro,7.7,15.9,24.1,6.7
2026-01-01,23,Quintana Roo,18.6,23.7,28.9,36.6
2026-01-01,24,San Luis Potosí,9.8,17.4,25.1,7.0
2026-01-01,25,Sinaloa,14.0,22.1,30.2,43.3
2026-01-01,26,Sonora,8.1,16.8,25.5,44.8
2026-01-01,27,Tabasco,18.3,23.2,28.0,159.5
2026-01-01,28,Tamaulipas,11.0,18.0,25.0,4.1
2026-01-01,29,Tlaxcala,2.7,12.2,21.7,7.1
2026-01-01,30,Veracruz,13.0,18.7,24.4,73.8
2026-01-01,31,Yucatán,16.4,22.7,29.1,21.6
2026-01-01,32,Zacatecas,4.1,13.2,22.3,16.9
2026-02-01,0,Nacional,10.7,19.3,27.8,6.9
2026-02-01,1,Aguascalientes,6.1,17.2,28.2,0.0
2026-02-01,2,Baja California,9.6,16.5,23.5,13.7
2026-02-01,3,Baja California Sur,13.8,20.8,27.7,5.3
2026-02-01,4,Campeche,16.9,23.4,29.8,8.5
2026-02-01,5,Coahuila,10.4,19.1,27.8,0.8
2026-02-01,6,Colima,19.4,25.8,32.1,0.1
2026-02-01,7,Chiapas,14.5,22.2,29.9,16.4
2026-02-01,8,Chihuahua,5.9,14.7,23.5,12.6
2026-02-01,9,Ciudad de México,9.4,17.5,25.6,1.2
2026-02-01,10,Durango,6.3,16.4,26.6,4.8
2026-02-01,11,Guanajuato,6.7,16.9,27.1,0.3
2026-02-01,12,Guerrero,17.8,24.7,31.7,3.2
2026-02-01,13,Hidalgo,7.2,16.5,25.8,5.3
2026-02-01,14,Jalisco,10.7,20.0,29.3,1.6
2026-02-01,15,Estado de México,5.5,14.7,24.0,2.9
2026-02-01,16,Michoacán,10.0,19.5,29.1,0.5
2026-02-01,17,Morelos,12.3,21.3,30.4,3.8
2026-02-01,18,Nayarit,15.9,23.7,31.5,1.3
2026-02-01,19,Nuevo León,11.5,20.2,28.9,0.0
2026-02-01,20,Oaxaca,12.9,21.3,29.6,6.6
2026-02-01,21,Puebla,7.6,16.9,26.2,11.2
2026-02-01,22,Querétaro,8.4,18.1,27.9,3.3
2026-02-01,23,Quintana Roo,17.8,23.5,29.2,18.5
2026-02-01,24,San Luis Potosí,10.9,19.7,28.6,1.0
2026-02-01,25,Sinaloa,13.1,22.1,31.2,3.4
2026-02-01,26,Sonora,9.8,19.2,28.5,5.2
2026-02-01,27,Tabasco,17.7,23.7,29.7,22.3
2026-02-01,28,Tamaulipas,13.4,21.2,29.1,0.5
2026-02-01,29,Tlaxcala,6.0,16.1,26.2,1.3
2026-02-01,30,Veracruz,12.9,19.8,26.6,23.9
2026-02-01,31,Yucatán,15.6,23.1,30.6,13.6
2026-02-01,32,Zacatecas,5.5,16.4,27.2,0.8
2026-03-01,0,Nacional,13.5,21.9,30.2,19.4
2026-03-01,1,Aguascalientes,8.0,18.1,28.2,10.4
2026-03-01,2,Baja California,12.7,20.3,27.9,3.3
2026-03-01,3,Baja California Sur,16.5,23.2,30.0,5.5
2026-03-01,4,Campeche,21.0,26.8,32.7,63.5
2026-03-01,5,Coahuila,14.0,22.2,30.3,3.7
2026-03-01,6,Colima,19.9,26.1,32.3,5.8
2026-03-01,7,Chiapas,19.1,25.6,32.1,67.3
2026-03-01,8,Chihuahua,8.8,18.6,28.4,5.4
2026-03-01,9,Ciudad de México,10.0,17.1,24.2,27.9
2026-03-01,10,Durango,8.4,18.7,29.0,4.1
2026-03-01,11,Guanajuato,8.7,18.1,27.6,7.2
2026-03-01,12,Guerrero,18.6,25.7,32.9,13.2
2026-03-01,13,Hidalgo,9.7,17.9,26.1,17.8
2026-03-01,14,Jalisco,12.2,21.4,30.5,12.0
2026-03-01,15,Estado de México,5.5,14.2,22.9,34.0
2026-03-01,16,Michoacán,10.9,20.3,29.7,6.6
2026-03-01,17,Morelos,14.5,23.0,31.6,40.7
2026-03-01,18,Nayarit,17.1,25.0,32.9,7.8
2026-03-01,19,Nuevo León,14.1,22.5,30.9,6.9
2026-03-01,20,Oaxaca,16.2,23.7,31.2,26.2
2026-03-01,21,Puebla,9.3,17.5,25.6,41.1
2026-03-01,22,Querétaro,10.5,19.0,27.5,16.8
2026-03-01,23,Quintana Roo,21.2,26.1,30.9,85.9
2026-03-01,24,San Luis Potosí,14.3,22.6,30.8,8.4
2026-03-01,25,Sinaloa,16.5,25.2,33.9,3.4
2026-03-01,26,Sonora,12.8,22.8,32.8,19.2
2026-03-01,27,Tabasco,21.2,26.7,32.1,143.3
2026-03-01,28,Tamaulipas,17.7,24.6,31.5,4.1
2026-03-01,29,Tlaxcala,4.9,14.4,23.9,34.2
2026-03-01,30,Veracruz,15.9,22.0,28.1,41.9
2026-03-01,31,Yucatán,19.8,26.3,32.8,64.1
2026-03-01,32,Zacatecas,7.2,17.5,27.8,6.1
2026-04-01,0,Nacional,15.9,23.7,31.4,25.2
2026-04-01,1,Aguascalientes,11.3,21.3,31.2,11.8
2026-04-01,2,Baja California,12.1,18.8,25.6,1.3
2026-04-01,3,Baja California Sur,18.0,24.3,30.6,0.1
2026-04-01,4,Campeche,22.8,28.9,35.1,41.9
2026-04-01,5,Coahuila,17.5,24.4,31.2,36.5
2026-04-01,6,Colima,21.2,27.4,33.5,1.5
2026-04-01,7,Chiapas,20.9,27.2,33.6,64.7
2026-04-01,8,Chihuahua,11.7,20.2,28.6,6.5
2026-04-01,9,Ciudad de México,12.8,19.9,27.0,35.1
2026-04-01,10,Durango,11.2,21.3,31.3,5.5
2026-04-01,11,Guanajuato,12.5,21.5,30.6,33.3
2026-04-01,12,Guerrero,20.7,27.5,34.4,20.4
2026-04-01,13,Hidalgo,13.1,21.1,29.1,23.8
2026-04-01,14,Jalisco,14.4,23.6,32.8,9.1
2026-04-01,15,Estado de México,8.5,16.7,24.9,53.2
2026-04-01,16,Michoacán,13.1,22.3,31.5,19.1
2026-04-01,17,Morelos,17.1,25.3,33.5,52.4
2026-04-01,18,Nayarit,18.3,26.3,34.3,0.8
2026-04-01,19,Nuevo León,17.1,23.5,30.0,69.7
2026-04-01,20,Oaxaca,17.8,25.1,32.4,28.7
2026-04-01,21,Puebla,11.8,19.6,27.3,58.8
2026-04-01,22,Querétaro,14.5,22.6,30.7,17.5
2026-04-01,23,Quintana Roo,22.4,27.3,32.2,57.2
2026-04-01,24,San Luis Potosí,18.1,26.0,34.0,33.7
2026-04-01,25,Sinaloa,18.1,27.4,36.6,0.1
2026-04-01,26,Sonora,14.0,23.5,33.0,2.6
2026-04-01,27,Tabasco,23.1,28.7,34.4,45.2
2026-04-01,28,Tamaulipas,20.6,26.3,32.0,75.1
2026-04-01,29,Tlaxcala,8.2,17.0,25.9,55.2
2026-04-01,30,Veracruz,18.4,24.4,30.4,47.1
2026-04-01,31,Yucatán,21.1,27.8,34.5,47.4
2026-04-01,32,Zacatecas,10.5,20.6,30.6,14.5
2026-05-01,0,Nacional,17.8,25.4,33.0,42.0
2026-05-01,1,Aguascalientes,13.7,22.7,31.8,15.7
2026-05-01,2,Baja California,13.9,20.3,26.7,1.2
2026-05-01,3,Baja California Sur,19.1,25.1,31.2,0.2
2026-05-01,4,Campeche,25.1,31.0,36.9,118.9
2026-05-01,5,Coahuila,19.4,26.4,33.4,27.3
2026-05-01,6,Colima,23.1,28.6,34.0,7.7
2026-05-01,7,Chiapas,22.2,28.5,34.8,107.9
2026-05-01,8,Chihuahua,14.1,22.8,31.5,4.7
2026-05-01,9,Ciudad de México,13.9,20.6,27.3,80.6
2026-05-01,10,Durango,13.8,23.0,32.3,11.2
2026-05-01,11,Guanajuato,14.6,23.1,31.6,30.5
2026-05-01,12,Guerrero,22.0,28.5,35.0,52.9
2026-05-01,13,Hidalgo,14.9,22.3,29.8,63.4
2026-05-01,14,Jalisco,17.0,25.3,33.7,18.8
2026-05-01,15,Estado de México,10.0,17.6,25.2,96.8
2026-05-01,16,Michoacán,15.1,23.7,32.3,29.9
2026-05-01,17,Morelos,18.7,26.4,34.1,103.9
2026-05-01,18,Nayarit,20.5,28.6,36.7,3.3
2026-05-01,19,Nuevo León,19.2,25.4,31.6,64.4
2026-05-01,20,Oaxaca,19.8,27.0,34.2,65.8
2026-05-01,21,Puebla,13.9,21.4,28.9,88.2
2026-05-01,22,Querétaro,16.0,23.7,31.3,45.8
2026-05-01,23,Quintana Roo,25.6,29.6,33.6,139.3
2026-05-01,24,San Luis Potosí,19.0,26.6,34.2,64.7
2026-05-01,25,Sinaloa,19.9,29.0,38.0,2.9
2026-05-01,26,Sonora,15.4,25.1,34.8,0.7
2026-05-01,27,Tabasco,24.9,30.8,36.7,88.2
2026-05-01,28,Tamaulipas,22.4,28.0,33.6,110.9
2026-05-01,29,Tlaxcala,10.2,18.3,26.3,85.6
2026-05-01,30,Veracruz,20.6,26.5,32.5,78.3
2026-05-01,31,Yucatán,24.1,30.5,36.9,163.2
2026-05-01,32,Zacatecas,13.2,22.2,31.3,18.2
2026-06-01,0,Nacional,20.1,26.6,33.0,125.2
2026-06-01,1,Aguascalientes,14.8,21.2,27.7,182.1
2026-06-01,2,Baja California,17.2,23.8,30.4,0.6
2026-06-01,3,Baja California Sur,22.2,27.6,33.0,1.6
2026-06-01,4,Campeche,24.8,30.0,35.2,171.2
2026-06-01,5,Coahuila,22.4,28.6,34.8,66.5
2026-06-01,6,Colima,23.8,28.6,33.5,280.2
2026-06-01,7,Chiapas,21.9,27.3,32.6,249.5
2026-06-01,8,Chihuahua,18.9,26.8,34.6,61.8
2026-06-01,9,Ciudad de México,13.9,19.3,24.7,200.2
2026-06-01,10,Durango,16.6,24.6,32.5,94.6
2026-06-01,11,Guanajuato,15.4,21.2,27.0,193.6
2026-06-01,12,Guerrero,21.1,26.8,32.4,190.7
2026-06-01,13,Hidalgo,16.2,21.7,27.3,125.3
2026-06-01,14,Jalisco,18.0,23.9,29.9,206.8
2026-06-01,15,Estado de México,10.5,16.4,22.2,213.9
2026-06-01,16,Michoacán,14.9,21.5,28.2,186.2
2026-06-01,17,Morelos,17.3,23.1,28.8,448.9
2026-06-01,18,Nayarit,23.6,29.0,34.3,181.1
2026-06-01,19,Nuevo León,22.3,28.3,34.3,108.1
2026-06-01,20,Oaxaca,19.2,25.2,31.2,248.8
2026-06-01,21,Puebla,13.9,19.8,25.7,249.7
2026-06-01,22,Querétaro,16.4,22.0,27.6,140.9
2026-06-01,23,Quintana Roo,26.2,29.8,33.3,113.3
2026-06-01,24,San Luis Potosí,19.9,25.8,31.6,175.9
2026-06-01,25,Sinaloa,24.3,31.1,38.0,70.7
2026-06-01,26,Sonora,22.0,30.4,38.7,29.8
2026-06-01,27,Tabasco,24.5,29.9,35.4,182.6
2026-06-01,28,Tamaulipas,24.3,29.2,34.2,157.5
2026-06-01,29,Tlaxcala,11.3,17.6,23.9,145.7
2026-06-01,30,Veracruz,20.8,25.9,31.1,251.1
2026-06-01,31,Yucatán,24.1,29.5,35.0,172.6
2026-06-01,32,Zacatecas,14.8,21.5,28.2,120.2
2026-07-01,0,Nacional,20.4,26.8,33.2,102.8
2026-07-01,1,Aguascalientes,13.5,20.8,28.1,91.4
2026-07-01,2,Baja California,21.2,27.1,33.0,5.1
2026-07-01,3,Baja California Sur,25.3,30.3,35.4,27.7
2026-07-01,4,Campeche,24.2,29.7,35.1,109.0
2026-07-01,5,Coahuila,22.5,28.7,34.9,63.3
2026-07-01,6,Colima,24.7,29.7,34.8,172.6
2026-07-01,7,Chiapas,21.7,27.5,33.2,134.9
2026-07-01,8,Chihuahua,19.0,26.0,33.0,82.3
2026-07-01,9,Ciudad de México,13.3,19.2,25.1,126.1
2026-07-01,10,Durango,16.0,23.3,30.7,116.5
2026-07-01,11,Guanajuato,14.1,20.9,27.7,76.1
2026-07-01,12,Guerrero,21.1,27.3,33.6,121.1
2026-07-01,13,Hidalgo,15.2,21.5,27.9,52.7
2026-07-01,14,Jalisco,17.5,23.8,30.1,179.1
2026-07-01,15,Estado de México,9.7,16.2,22.7,125.7
2026-07-01,16,Michoacán,14.4,21.5,28.5,165.6
2026-07-01,17,Morelos,17.4,24.3,31.1,185.4
2026-07-01,18,Nayarit,23.5,29.1,34.7,313.6
2026-07-01,19,Nuevo León,21.2,28.3,35.5,33.3
2026-07-01,20,Oaxaca,19.0,25.5,32.0,102.5
2026-07-01,21,Puebla,13.0,19.7,26.5,130.3
2026-07-01,22,Querétaro,15.6,21.9,28.2,64.4
2026-07-01,23,Quintana Roo,25.7,29.9,34.1,82.0
2026-07-01,24,San Luis Potosí,18.8,25.4,31.9,54.5
2026-07-01,25,Sinaloa,24.9,31.3,37.8,282.7
2026-07-01,26,Sonora,24.8,31.8,38.9,129.3
2026-07-01,27,Tabasco,24.2,29.9,35.5,89.0
2026-07-01,28,Tamaulipas,24.1,30.0,36.0,33.2
2026-07-01,29,Tlaxcala,9.6,17.4,25.1,82.7
2026-07-01,30,Veracruz,20.1,25.3,30.5,155.6
2026-07-01,31,Yucatán,23.5,29.4,35.3,108.3
2026-07-01,32,Zacatecas,13.8,20.8,27.9,69.6
2026-08-01,0,Nacional,20.5,27.2,33.9,80.0
2026-08-01,1,Aguascalientes,13.2,21.3,29.4,81.4
2026-08-01,2,Baja California,22.5,28.1,33.7,10.3
2026-08-01,3,Baja California Sur,26.4,31.0,35.7,81.7
2026-08-01,4,Campeche,24.1,29.6,35.1,154.7
2026-08-01,5,Coahuila,22.9,29.8,36.6,10.8
2026-08-01,6,Colima,24.7,29.7,34.8,327.6
2026-08-01,7,Chiapas,22.0,27.8,33.7,89.5
2026-08-01,8,Chihuahua,18.6,26.4,34.2,51.1
2026-08-01,9,Ciudad de México,13.1,19.1,25.1,155.4
2026-08-01,10,Durango,16.2,24.1,32.0,73.3
2026-08-01,11,Guanajuato,13.9,21.0,28.1,80.6
2026-08-01,12,Guerrero,21.0,27.3,33.7,125.7
2026-08-01,13,Hidalgo,14.4,21.2,28.0,46.3
2026-08-01,14,Jalisco,17.2,23.8,30.4,167.9
2026-08-01,15,Estado de México,9.5,16.1,22.7,134.6
2026-08-01,16,Michoacán,14.4,21.6,28.8,126.7
2026-08-01,17,Morelos,17.4,24.4,31.5,112.7
2026-08-01,18,Nayarit,23.7,29.3,35.0,168.0
2026-08-01,19,Nuevo León,21.1,28.9,36.7,25.8
2026-08-01,20,Oaxaca,19.3,26.0,32.7,72.7
2026-08-01,21,Puebla,12.8,19.9,26.9,67.2
2026-08-01,22,Querétaro,15.6,22.1,28.6,54.6
2026-08-01,23,Quintana Roo,25.7,30.2,34.8,65.3
2026-08-01,24,San Luis Potosí,19.7,26.8,34.0,39.6
2026-08-01,25,Sinaloa,24.7,31.2,37.6,207.4
2026-08-01,26,Sonora,25.2,32.2,39.2,94.6
2026-08-01,27,Tabasco,24.3,30.1,35.8,98.5
2026-08-01,28,Tamaulipas,24.5,31.2,37.8,18.2
2026-08-01,29,Tlaxcala,8.9,16.8,24.6,71.1
2026-08-01,30,Veracruz,20.1,25.7,31.3,115.4
2026-08-01,31,Yucatán,23.4,29.4,35.3,130.5
2026-08-01,32,Zacatecas,13.1,21.0,29.0,66.1
